time;start;input 1;input 2;input 3;input 4;1/2;1/3;1/4;2/3;2/4;3/4;1/2/3;1/2/4;1/3/4;2/3/4;1/2/3/4
0.00;49999946;572700;555105;0;0;13793;0;0;0;0;0;0;0;0;0;0
2.00;49999945;571612;554226;0;0;13962;0;0;0;0;0;0;0;0;0;0
4.00;49999945;573039;555768;0;0;13863;0;0;0;0;0;0;0;0;0;0
6.00;49999945;571830;554751;0;0;13899;0;0;0;0;0;0;0;0;0;0
8.00;49999945;573108;555472;0;0;13899;0;0;0;0;0;0;0;0;0;0
10.00;49999945;572030;555380;0;0;14022;0;0;0;0;0;0;0;0;0;0
12.00;49999946;573130;556393;0;0;13786;0;0;0;0;0;0;0;0;0;0
14.00;49999945;571727;555278;0;0;14029;0;0;0;0;0;0;0;0;0;0
16.00;49999945;572701;556314;0;0;13970;0;0;0;0;0;0;0;0;0;0
18.00;49999945;571525;554665;0;0;13997;0;0;0;0;0;0;0;0;0;0
20.00;49999945;572727;556037;0;0;14068;0;0;0;0;0;0;0;0;0;0
22.00;49999946;571743;554380;0;0;13852;0;0;0;0;0;0;0;0;0;0
24.00;49999945;573531;555647;0;0;13857;0;0;0;0;0;0;0;0;0;0
26.00;49999945;571066;554437;0;0;13983;0;0;0;0;0;0;0;0;0;0
28.01;49999945;573125;556397;0;0;14057;0;0;0;0;0;0;0;0;0;0
30.01;49999945;571911;554489;0;0;13821;0;0;0;0;0;0;0;0;0;0
32.01;49999946;573430;556241;0;0;13824;0;0;0;0;0;0;0;0;0;0
34.01;49999946;571423;553908;0;0;13989;0;0;0;0;0;0;0;0;0;0
36.01;49999946;573450;556136;0;0;13941;0;0;0;0;0;0;0;0;0;0
38.01;49999946;571633;554151;0;0;13912;0;0;0;0;0;0;0;0;0;0
40.01;49999945;573518;555632;0;0;13892;0;0;0;0;0;0;0;0;0;0
42.01;49999945;571117;554506;0;0;14022;0;0;0;0;0;0;0;0;0;0
44.01;49999945;572747;556081;0;0;13934;0;0;0;0;0;0;0;0;0;0
46.01;49999945;570883;554073;0;0;14122;0;0;0;0;0;0;0;0;0;0
48.01;49999946;573109;556192;0;0;13806;0;0;0;0;0;0;0;0;0;0
50.01;49999945;571457;554429;0;0;13776;0;0;0;0;0;0;0;0;0;0
52.01;49999946;573342;556187;0;0;14023;0;0;0;0;0;0;0;0;0;0
54.01;49999946;571762;553985;0;0;13821;0;0;0;0;0;0;0;0;0;0
56.01;49999946;573112;556533;0;0;13926;0;0;0;0;0;0;0;0;0;0
58.01;49999946;570949;554110;0;0;14009;0;0;0;0;0;0;0;0;0;0
60.01;49999945;572954;556078;0;0;13766;0;0;0;0;0;0;0;0;0;0
62.01;49999945;571230;553951;0;0;13871;0;0;0;0;0;0;0;0;0;0
64.01;49999945;573064;556007;0;0;13822;0;0;0;0;0;0;0;0;0;0
66.01;49999946;571252;554240;0;0;13784;0;0;0;0;0;0;0;0;0;0
68.01;49999946;573552;556642;0;0;13953;0;0;0;0;0;0;0;0;0;0
70.01;49999946;571541;554636;0;0;13973;0;0;0;0;0;0;0;0;0;0
72.01;49999946;573117;556245;0;0;13874;0;0;0;0;0;0;0;0;0;0
74.01;49999946;571407;553762;0;0;13975;0;0;0;0;0;0;0;0;0;0
76.01;49999945;573272;556102;0;0;13842;0;0;0;0;0;0;0;0;0;0
78.02;49999945;571039;554480;0;0;14049;0;0;0;0;0;0;0;0;0;0
80.02;49999945;573004;556687;0;0;13970;0;0;0;0;0;0;0;0;0;0
82.02;49999946;572124;554342;0;0;13853;0;0;0;0;0;0;0;0;0;0
84.02;49999946;573277;556776;0;0;13960;0;0;0;0;0;0;0;0;0;0
86.02;49999945;571389;553737;0;0;13981;0;0;0;0;0;0;0;0;0;0
88.02;49999946;573260;556415;0;0;14075;0;0;0;0;0;0;0;0;0;0
90.02;49999945;571816;554161;0;0;13895;0;0;0;0;0;0;0;0;0;0
92.02;49999945;573563;556242;0;0;14052;0;0;0;0;0;0;0;0;0;0
94.02;49999945;571708;554381;0;0;13928;0;0;0;0;0;0;0;0;0;0
96.02;49999945;573055;556144;0;0;14033;0;0;0;0;0;0;0;0;0;0
98.02;49999945;571527;554583;0;0;14120;0;0;0;0;0;0;0;0;0;0
100.02;49999946;573750;556237;0;0;14101;0;0;0;0;0;0;0;0;0;0
102.02;49999946;571467;554535;0;0;13956;0;0;0;0;0;0;0;0;0;0
104.02;49999945;573282;556169;0;0;14126;0;0;0;0;0;0;0;0;0;0
106.02;49999945;571421;554850;0;0;14100;0;0;0;0;0;0;0;0;0;0
108.02;49999946;573520;556909;0;0;14015;0;0;0;0;0;0;0;0;0;0
110.02;49999946;571532;554696;0;0;13730;0;0;0;0;0;0;0;0;0;0
112.02;49999946;573519;557000;0;0;13844;0;0;0;0;0;0;0;0;0;0
114.02;49999946;571249;554463;0;0;14114;0;0;0;0;0;0;0;0;0;0
116.02;49999946;572381;555511;0;0;13977;0;0;0;0;0;0;0;0;0;0
118.02;49999945;571966;554329;0;0;13840;0;0;0;0;0;0;0;0;0;0
120.02;49999945;572827;556124;0;0;13893;0;0;0;0;0;0;0;0;0;0
122.02;49999945;571370;554864;0;0;14217;0;0;0;0;0;0;0;0;0;0
124.02;49999945;572551;555677;0;0;13762;0;0;0;0;0;0;0;0;0;0
126.02;49999945;572082;554981;0;0;13806;0;0;0;0;0;0;0;0;0;0
128.02;49999945;573313;556182;0;0;13858;0;0;0;0;0;0;0;0;0;0
130.03;49999946;572618;554894;0;0;13791;0;0;0;0;0;0;0;0;0;0
132.03;49999945;572580;556047;0;0;13814;0;0;0;0;0;0;0;0;0;0
134.03;49999945;571947;555791;0;0;14072;0;0;0;0;0;0;0;0;0;0
136.03;49999945;572864;555059;0;0;13756;0;0;0;0;0;0;0;0;0;0
138.03;49999945;572715;554797;0;0;14016;0;0;0;0;0;0;0;0;0;0
140.03;49999946;572034;554726;0;0;14044;0;0;0;0;0;0;0;0;0;0
142.03;49999945;572387;555506;0;0;14088;0;0;0;0;0;0;0;0;0;0
144.03;49999945;571948;555415;0;0;13960;0;0;0;0;0;0;0;0;0;0
146.03;49999945;571786;554481;0;0;14177;0;0;0;0;0;0;0;0;0;0
148.03;49999946;571867;555155;0;0;13765;0;0;0;0;0;0;0;0;0;0
150.03;49999946;572364;555689;0;0;14082;0;0;0;0;0;0;0;0;0;0
152.03;49999945;571723;555149;0;0;13751;0;0;0;0;0;0;0;0;0;0
154.03;49999945;571859;555933;0;0;13861;0;0;0;0;0;0;0;0;0;0
156.03;49999945;572539;554815;0;0;14028;0;0;0;0;0;0;0;0;0;0
158.03;49999945;572217;555358;0;0;13876;0;0;0;0;0;0;0;0;0;0
160.03;49999945;571755;555005;0;0;14001;0;0;0;0;0;0;0;0;0;0
162.03;49999945;572760;555310;0;0;13971;0;0;0;0;0;0;0;0;0;0
164.03;49999946;572398;555163;0;0;13934;0;0;0;0;0;0;0;0;0;0
166.03;49999945;572747;555424;0;0;13736;0;0;0;0;0;0;0;0;0;0
168.03;49999945;572320;554705;0;0;13917;0;0;0;0;0;0;0;0;0;0
170.03;49999945;572770;555312;0;0;14054;0;0;0;0;0;0;0;0;0;0
172.03;49999945;572738;554663;0;0;13826;0;0;0;0;0;0;0;0;0;0
174.03;49999945;572894;555644;0;0;13883;0;0;0;0;0;0;0;0;0;0
176.03;49999946;572076;554557;0;0;13867;0;0;0;0;0;0;0;0;0;0
178.03;49999946;572730;555568;0;0;13869;0;0;0;0;0;0;0;0;0;0
180.03;49999946;572694;554833;0;0;14170;0;0;0;0;0;0;0;0;0;0
182.03;49999945;573009;555180;0;0;13834;0;0;0;0;0;0;0;0;0;0
184.03;49999945;571759;554055;0;0;13836;0;0;0;0;0;0;0;0;0;0
186.04;49999945;572968;555179;0;0;13976;0;0;0;0;0;0;0;0;0;0
188.04;49999946;572154;554826;0;0;14052;0;0;0;0;0;0;0;0;0;0
190.04;49999946;573018;554853;0;0;13925;0;0;0;0;0;0;0;0;0;0
192.04;49999946;572412;554843;0;0;14067;0;0;0;0;0;0;0;0;0;0
194.04;49999945;573402;555453;0;0;14189;0;0;0;0;0;0;0;0;0;0
196.04;49999945;571463;554951;0;0;13836;0;0;0;0;0;0;0;0;0;0
198.04;49999945;573937;556011;0;0;14011;0;0;0;0;0;0;0;0;0;0
200.04;49999945;572748;554615;0;0;13877;0;0;0;0;0;0;0;0;0;0
202.04;49999946;573919;555920;0;0;13831;0;0;0;0;0;0;0;0;0;0
204.04;49999946;571896;554045;0;0;14074;0;0;0;0;0;0;0;0;0;0
206.05;49999946;573203;555795;0;0;13908;0;0;0;0;0;0;0;0;0;0
208.05;49999946;571201;554160;0;0;13870;0;0;0;0;0;0;0;0;0;0
210.05;49999945;573525;555650;0;0;13938;0;0;0;0;0;0;0;0;0;0
212.05;49999945;571652;554233;0;0;14049;0;0;0;0;0;0;0;0;0;0
214.05;49999945;573767;556117;0;0;13956;0;0;0;0;0;0;0;0;0;0
216.05;49999946;572004;553930;0;0;14133;0;0;0;0;0;0;0;0;0;0
218.05;49999946;572807;556432;0;0;13939;0;0;0;0;0;0;0;0;0;0
220.05;49999945;571309;553892;0;0;14011;0;0;0;0;0;0;0;0;0;0
222.05;49999945;573969;556036;0;0;14265;0;0;0;0;0;0;0;0;0;0
224.05;49999945;572006;553990;0;0;13899;0;0;0;0;0;0;0;0;0;0
226.05;49999946;573163;556026;0;0;13990;0;0;0;0;0;0;0;0;0;0
228.05;49999946;571581;554155;0;0;14037;0;0;0;0;0;0;0;0;0;0
230.05;49999946;574089;555919;0;0;13768;0;0;0;0;0;0;0;0;0;0
232.05;49999946;571353;553866;0;0;13808;0;0;0;0;0;0;0;0;0;0
234.05;49999945;572993;556347;0;0;13941;0;0;0;0;0;0;0;0;0;0
236.05;49999946;571329;553738;0;0;13666;0;0;0;0;0;0;0;0;0;0
238.05;49999946;573610;555031;0;0;13860;0;0;0;0;0;0;0;0;0;0
240.05;49999946;571159;553955;0;0;13886;0;0;0;0;0;0;0;0;0;0
242.05;49999946;573332;555583;0;0;13907;0;0;0;0;0;0;0;0;0;0
244.05;49999946;571558;554089;0;0;13856;0;0;0;0;0;0;0;0;0;0
246.05;49999945;573559;556807;0;0;14182;0;0;0;0;0;0;0;0;0;0
248.05;49999945;571831;554495;0;0;13947;0;0;0;0;0;0;0;0;0;0
250.05;49999945;572735;556312;0;0;13906;0;0;0;0;0;0;0;0;0;0
252.05;49999946;571993;554035;0;0;13713;0;0;0;0;0;0;0;0;0;0
254.05;49999946;573647;556035;0;0;13923;0;0;0;0;0;0;0;0;0;0
256.06;49999945;571158;554348;0;0;13880;0;0;0;0;0;0;0;0;0;0
258.06;49999946;573057;555844;0;0;13754;0;0;0;0;0;0;0;0;0;0
260.06;49999945;571785;554885;0;0;13768;0;0;0;0;0;0;0;0;0;0
262.06;49999946;573543;556135;0;0;14018;0;0;0;0;0;0;0;0;0;0
264.06;49999946;571842;554276;0;0;14104;0;0;0;0;0;0;0;0;0;0
266.06;49999946;572924;556105;0;0;13755;0;0;0;0;0;0;0;0;0;0
268.06;49999946;571709;554288;0;0;13967;0;0;0;0;0;0;0;0;0;0
270.06;49999945;573132;555927;0;0;14009;0;0;0;0;0;0;0;0;0;0
272.06;49999945;571955;554563;0;0;13750;0;0;0;0;0;0;0;0;0;0
274.06;49999946;573089;556077;0;0;13909;0;0;0;0;0;0;0;0;0;0
276.06;49999945;571370;554086;0;0;13936;0;0;0;0;0;0;0;0;0;0
278.06;49999945;573625;555895;0;0;14094;0;0;0;0;0;0;0;0;0;0
280.06;49999945;571398;554811;0;0;13704;0;0;0;0;0;0;0;0;0;0
282.06;49999946;572597;556205;0;0;13928;0;0;0;0;0;0;0;0;0;0
284.06;49999945;571386;554007;0;0;13796;0;0;0;0;0;0;0;0;0;0
286.06;49999945;572839;556028;0;0;13875;0;0;0;0;0;0;0;0;0;0
288.06;49999945;570707;554410;0;0;14075;0;0;0;0;0;0;0;0;0;0
290.06;49999945;573002;556661;0;0;13783;0;0;0;0;0;0;0;0;0;0
292.06;49999946;571698;554977;0;0;13870;0;0;0;0;0;0;0;0;0;0
294.06;49999945;573182;556191;0;0;13916;0;0;0;0;0;0;0;0;0;0
296.07;49999945;570276;554620;0;0;14008;0;0;0;0;0;0;0;0;0;0
298.07;49999945;572391;556008;0;0;14137;0;0;0;0;0;0;0;0;0;0
300.07;49999945;570931;554535;0;0;13802;0;0;0;0;0;0;0;0;0;0
302.07;49999945;572547;555447;0;0;14085;0;0;0;0;0;0;0;0;0;0
304.07;49999946;571498;554814;0;0;13909;0;0;0;0;0;0;0;0;0;0
306.07;49999945;573020;555858;0;0;13774;0;0;0;0;0;0;0;0;0;0
308.07;49999946;571477;554786;0;0;13983;0;0;0;0;0;0;0;0;0;0
310.07;49999946;572301;555556;0;0;14045;0;0;0;0;0;0;0;0;0;0
312.07;49999946;571185;554942;0;0;13987;0;0;0;0;0;0;0;0;0;0
314.07;49999945;572156;555442;0;0;14087;0;0;0;0;0;0;0;0;0;0
316.07;49999945;571305;555112;0;0;13892;0;0;0;0;0;0;0;0;0;0
318.07;49999945;571866;556153;0;0;13779;0;0;0;0;0;0;0;0;0;0
320.07;49999945;571457;555404;0;0;14033;0;0;0;0;0;0;0;0;0;0
322.07;49999945;571707;555134;0;0;14156;0;0;0;0;0;0;0;0;0;0
324.07;49999946;572027;554245;0;0;13988;0;0;0;0;0;0;0;0;0;0
326.07;49999946;571691;555003;0;0;14000;0;0;0;0;0;0;0;0;0;0
328.07;49999946;571341;554384;0;0;14334;0;0;0;0;0;0;0;0;0;0
330.07;49999945;572512;555376;0;0;13918;0;0;0;0;0;0;0;0;0;0
332.07;49999945;571820;554579;0;0;13802;0;0;0;0;0;0;0;0;0;0
334.07;49999946;572357;555342;0;0;14046;0;0;0;0;0;0;0;0;0;0
336.07;49999946;572097;555496;0;0;13931;0;0;0;0;0;0;0;0;0;0
338.07;49999945;571765;555275;0;0;14031;0;0;0;0;0;0;0;0;0;0
340.07;49999945;571522;555149;0;0;13864;0;0;0;0;0;0;0;0;0;0
342.07;49999945;571519;554628;0;0;14055;0;0;0;0;0;0;0;0;0;0
344.07;49999946;571699;554407;0;0;13900;0;0;0;0;0;0;0;0;0;0
346.07;49999946;571348;554987;0;0;13912;0;0;0;0;0;0;0;0;0;0
348.08;49999946;571816;554994;0;0;13950;0;0;0;0;0;0;0;0;0;0
350.08;49999945;572368;555726;0;0;13899;0;0;0;0;0;0;0;0;0;0
352.08;49999945;571835;555619;0;0;14206;0;0;0;0;0;0;0;0;0;0
354.08;49999945;572044;554951;0;0;14155;0;0;0;0;0;0;0;0;0;0
356.08;49999945;571641;555386;0;0;13756;0;0;0;0;0;0;0;0;0;0
358.08;49999945;572012;554573;0;0;14034;0;0;0;0;0;0;0;0;0;0
360.08;49999945;572028;554947;0;0;13970;0;0;0;0;0;0;0;0;0;0
362.08;49999946;571964;554633;0;0;13929;0;0;0;0;0;0;0;0;0;0
364.08;49999946;572584;554924;0;0;14080;0;0;0;0;0;0;0;0;0;0
366.08;49999946;571539;554557;0;0;13777;0;0;0;0;0;0;0;0;0;0
368.08;49999946;572392;555498;0;0;13978;0;0;0;0;0;0;0;0;0;0
370.08;49999945;571641;554275;0;0;13892;0;0;0;0;0;0;0;0;0;0
372.08;49999945;572274;555463;0;0;13777;0;0;0;0;0;0;0;0;0;0
374.08;49999945;571292;554817;0;0;14059;0;0;0;0;0;0;0;0;0;0
376.08;49999946;572301;555537;0;0;13960;0;0;0;0;0;0;0;0;0;0
378.08;49999946;571400;554336;0;0;13840;0;0;0;0;0;0;0;0;0;0
380.08;49999946;572069;554962;0;0;13901;0;0;0;0;0;0;0;0;0;0
382.08;49999946;570996;553974;0;0;14030;0;0;0;0;0;0;0;0;0;0
384.08;49999945;572784;555269;0;0;13895;0;0;0;0;0;0;0;0;0;0
386.08;49999946;570503;553499;0;0;13818;0;0;0;0;0;0;0;0;0;0
388.08;49999946;572697;555749;0;0;13968;0;0;0;0;0;0;0;0;0;0
390.08;49999945;570971;554407;0;0;13765;0;0;0;0;0;0;0;0;0;0
392.08;49999945;572716;555524;0;0;14020;0;0;0;0;0;0;0;0;0;0
394.08;49999945;570719;553998;0;0;13879;0;0;0;0;0;0;0;0;0;0
396.08;49999945;572939;555371;0;0;13983;0;0;0;0;0;0;0;0;0;0
398.08;49999946;570848;553954;0;0;13919;0;0;0;0;0;0;0;0;0;0
400.08;49999946;572552;555595;0;0;13721;0;0;0;0;0;0;0;0;0;0
402.09;49999946;571266;553829;0;0;13815;0;0;0;0;0;0;0;0;0;0
404.09;49999945;572513;556141;0;0;14042;0;0;0;0;0;0;0;0;0;0
406.09;49999945;570951;554099;0;0;13801;0;0;0;0;0;0;0;0;0;0
408.09;49999945;573102;555704;0;0;13944;0;0;0;0;0;0;0;0;0;0
410.09;49999946;570568;553803;0;0;13932;0;0;0;0;0;0;0;0;0;0
412.09;49999946;573441;555828;0;0;14003;0;0;0;0;0;0;0;0;0;0
414.09;49999945;571146;553531;0;0;13866;0;0;0;0;0;0;0;0;0;0
416.09;49999945;572226;555087;0;0;13747;0;0;0;0;0;0;0;0;0;0
418.09;49999945;571160;553611;0;0;13949;0;0;0;0;0;0;0;0;0;0
420.09;49999945;573009;555618;0;0;13894;0;0;0;0;0;0;0;0;0;0
422.09;49999946;570861;554162;0;0;14105;0;0;0;0;0;0;0;0;0;0
424.09;49999946;572699;554888;0;0;13872;0;0;0;0;0;0;0;0;0;0
426.09;49999946;570454;553875;0;0;13913;0;0;0;0;0;0;0;0;0;0
428.09;49999945;572602;555101;0;0;13851;0;0;0;0;0;0;0;0;0;0
430.09;49999945;570796;553748;0;0;13907;0;0;0;0;0;0;0;0;0;0
432.09;49999945;573320;554491;0;0;14126;0;0;0;0;0;0;0;0;0;0
434.09;49999945;570264;553142;0;0;13756;0;0;0;0;0;0;0;0;0;0
436.09;49999946;572358;554891;0;0;14116;0;0;0;0;0;0;0;0;0;0
438.09;49999946;569925;552914;0;0;14218;0;0;0;0;0;0;0;0;0;0
440.09;49999945;572283;555796;0;0;14231;0;0;0;0;0;0;0;0;0;0
442.09;49999945;570322;552843;0;0;13963;0;0;0;0;0;0;0;0;0;0
444.09;49999945;572456;553997;0;0;13916;0;0;0;0;0;0;0;0;0;0
446.09;49999945;570415;553804;0;0;14089;0;0;0;0;0;0;0;0;0;0
448.09;49999945;572396;555446;0;0;13829;0;0;0;0;0;0;0;0;0;0
450.09;49999946;570277;553877;0;0;13934;0;0;0;0;0;0;0;0;0;0
452.10;49999946;572030;555438;0;0;14036;0;0;0;0;0;0;0;0;0;0
454.10;49999946;570536;553436;0;0;13764;0;0;0;0;0;0;0;0;0;0
456.10;49999946;572226;555186;0;0;13871;0;0;0;0;0;0;0;0;0;0
458.10;49999946;570779;553225;0;0;13940;0;0;0;0;0;0;0;0;0;0
460.10;49999946;571908;555557;0;0;14011;0;0;0;0;0;0;0;0;0;0
462.10;49999946;570318;552984;0;0;13903;0;0;0;0;0;0;0;0;0;0
464.10;49999946;572340;555106;0;0;13694;0;0;0;0;0;0;0;0;0;0
466.10;49999945;570520;552911;0;0;13882;0;0;0;0;0;0;0;0;0;0
468.10;49999945;572380;555234;0;0;13953;0;0;0;0;0;0;0;0;0;0
470.10;49999945;570606;553650;0;0;13841;0;0;0;0;0;0;0;0;0;0
472.10;49999945;572622;554724;0;0;14018;0;0;0;0;0;0;0;0;0;0
474.10;49999945;570635;553370;0;0;13974;0;0;0;0;0;0;0;0;0;0
476.10;49999946;572472;555285;0;0;13872;0;0;0;0;0;0;0;0;0;0
478.10;49999946;570904;553623;0;0;13954;0;0;0;0;0;0;0;0;0;0
480.10;49999946;572151;555235;0;0;13907;0;0;0;0;0;0;0;0;0;0
482.10;49999945;570698;553197;0;0;13756;0;0;0;0;0;0;0;0;0;0
484.10;49999945;572198;554592;0;0;14026;0;0;0;0;0;0;0;0;0;0
486.10;49999945;570955;554141;0;0;13900;0;0;0;0;0;0;0;0;0;0
488.10;49999945;572546;555017;0;0;13745;0;0;0;0;0;0;0;0;0;0
490.10;49999945;571452;553489;0;0;14156;0;0;0;0;0;0;0;0;0;0
492.10;49999945;572246;554804;0;0;13921;0;0;0;0;0;0;0;0;0;0
494.10;49999946;570981;554019;0;0;13815;0;0;0;0;0;0;0;0;0;0
496.10;49999946;572500;554882;0;0;14054;0;0;0;0;0;0;0;0;0;0
498.10;49999946;571578;554076;0;0;14010;0;0;0;0;0;0;0;0;0;0
500.10;49999946;572073;554720;0;0;13927;0;0;0;0;0;0;0;0;0;0
502.10;49999945;571255;553291;0;0;13908;0;0;0;0;0;0;0;0;0;0
504.10;49999945;572346;555238;0;0;14088;0;0;0;0;0;0;0;0;0;0
506.11;49999946;571489;553794;0;0;13876;0;0;0;0;0;0;0;0;0;0
508.11;49999946;572529;554596;0;0;13935;0;0;0;0;0;0;0;0;0;0
510.11;49999945;570964;553845;0;0;14037;0;0;0;0;0;0;0;0;0;0
512.11;49999945;572186;554696;0;0;13867;0;0;0;0;0;0;0;0;0;0
514.11;49999945;570837;553404;0;0;13760;0;0;0;0;0;0;0;0;0;0
516.11;49999945;572102;554874;0;0;13900;0;0;0;0;0;0;0;0;0;0
518.11;49999946;570992;553515;0;0;14108;0;0;0;0;0;0;0;0;0;0
520.11;49999945;572539;554038;0;0;14046;0;0;0;0;0;0;0;0;0;0
522.11;49999945;571647;553560;0;0;14116;0;0;0;0;0;0;0;0;0;0
524.11;49999945;572179;554646;0;0;13900;0;0;0;0;0;0;0;0;0;0
526.11;49999945;571544;554095;0;0;13938;0;0;0;0;0;0;0;0;0;0
528.11;49999945;571140;554505;0;0;13961;0;0;0;0;0;0;0;0;0;0
530.11;49999945;571209;553853;0;0;14001;0;0;0;0;0;0;0;0;0;0
532.11;49999946;571725;554153;0;0;13904;0;0;0;0;0;0;0;0;0;0
534.11;49999946;572221;553517;0;0;13907;0;0;0;0;0;0;0;0;0;0
536.11;49999945;572126;554491;0;0;13771;0;0;0;0;0;0;0;0;0;0
538.11;49999945;571561;554271;0;0;13991;0;0;0;0;0;0;0;0;0;0
540.11;49999945;571744;554343;0;0;13814;0;0;0;0;0;0;0;0;0;0
542.11;49999946;572380;554184;0;0;13925;0;0;0;0;0;0;0;0;0;0
544.11;49999946;572075;554183;0;0;13789;0;0;0;0;0;0;0;0;0;0
546.11;49999946;572057;553999;0;0;13694;0;0;0;0;0;0;0;0;0;0
548.11;49999945;571422;553717;0;0;13568;0;0;0;0;0;0;0;0;0;0
550.11;49999945;572356;554125;0;0;13846;0;0;0;0;0;0;0;0;0;0
552.11;49999945;571440;553360;0;0;13725;0;0;0;0;0;0;0;0;0;0
554.11;49999946;572594;554519;0;0;14014;0;0;0;0;0;0;0;0;0;0
556.11;49999945;571203;553580;0;0;14289;0;0;0;0;0;0;0;0;0;0
558.11;49999945;572748;554765;0;0;13937;0;0;0;0;0;0;0;0;0;0
560.11;49999946;571563;553556;0;0;14009;0;0;0;0;0;0;0;0;0;0
562.11;49999946;572020;554621;0;0;13945;0;0;0;0;0;0;0;0;0;0
564.11;49999945;571426;553564;0;0;13792;0;0;0;0;0;0;0;0;0;0
566.12;49999945;572007;554833;0;0;13796;0;0;0;0;0;0;0;0;0;0
568.12;49999945;570496;553286;0;0;13922;0;0;0;0;0;0;0;0;0;0
570.12;49999945;572104;555141;0;0;13960;0;0;0;0;0;0;0;0;0;0
572.12;49999945;571165;553143;0;0;13832;0;0;0;0;0;0;0;0;0;0
574.12;49999946;573050;555038;0;0;14047;0;0;0;0;0;0;0;0;0;0
576.12;49999945;570934;553645;0;0;14000;0;0;0;0;0;0;0;0;0;0
578.12;49999946;572201;554756;0;0;13872;0;0;0;0;0;0;0;0;0;0
580.12;49999946;570921;552372;0;0;13776;0;0;0;0;0;0;0;0;0;0
582.12;49999946;572562;555339;0;0;13782;0;0;0;0;0;0;0;0;0;0
584.12;49999946;571157;553146;0;0;13989;0;0;0;0;0;0;0;0;0;0
586.12;49999945;572585;555011;0;0;14080;0;0;0;0;0;0;0;0;0;0
588.12;49999945;570498;552700;0;0;14000;0;0;0;0;0;0;0;0;0;0
590.12;49999945;571944;554968;0;0;13972;0;0;0;0;0;0;0;0;0;0
592.12;49999945;570643;553028;0;0;13822;0;0;0;0;0;0;0;0;0;0
594.12;49999946;572883;555475;0;0;14122;0;0;0;0;0;0;0;0;0;0
596.12;49999946;571352;553966;0;0;13857;0;0;0;0;0;0;0;0;0;0
598.12;49999945;572374;554936;0;0;13937;0;0;0;0;0;0;0;0;0;0
600.12;49999945;570762;553084;0;0;13805;0;0;0;0;0;0;0;0;0;0
602.12;49999946;572554;554983;0;0;13849;0;0;0;0;0;0;0;0;0;0
604.12;49999946;570949;553124;0;0;13859;0;0;0;0;0;0;0;0;0;0
606.12;49999945;572835;555175;0;0;14008;0;0;0;0;0;0;0;0;0;0
608.12;49999945;570945;552856;0;0;14003;0;0;0;0;0;0;0;0;0;0
610.12;49999946;572223;554641;0;0;13798;0;0;0;0;0;0;0;0;0;0
612.12;49999946;570993;553107;0;0;13895;0;0;0;0;0;0;0;0;0;0
614.12;49999945;572809;555450;0;0;13899;0;0;0;0;0;0;0;0;0;0
616.13;49999945;570275;553463;0;0;13788;0;0;0;0;0;0;0;0;0;0
618.13;49999946;572851;554696;0;0;13758;0;0;0;0;0;0;0;0;0;0
620.13;49999945;571007;553008;0;0;13819;0;0;0;0;0;0;0;0;0;0
622.13;49999945;572459;554551;0;0;13930;0;0;0;0;0;0;0;0;0;0
624.13;49999945;570888;553224;0;0;13989;0;0;0;0;0;0;0;0;0;0
626.13;49999946;572371;555309;0;0;13879;0;0;0;0;0;0;0;0;0;0
628.13;49999946;570572;553050;0;0;14087;0;0;0;0;0;0;0;0;0;0
630.13;49999945;572365;554944;0;0;13921;0;0;0;0;0;0;0;0;0;0
632.13;49999945;570809;552896;0;0;13995;0;0;0;0;0;0;0;0;0;0
634.13;49999945;572658;555149;0;0;14019;0;0;0;0;0;0;0;0;0;0
636.13;49999945;570590;553387;0;0;13939;0;0;0;0;0;0;0;0;0;0
638.13;49999945;572901;555319;0;0;13667;0;0;0;0;0;0;0;0;0;0
640.13;49999945;570862;553439;0;0;13990;0;0;0;0;0;0;0;0;0;0
642.13;49999946;572542;554818;0;0;14078;0;0;0;0;0;0;0;0;0;0
644.13;49999946;570663;552744;0;0;13905;0;0;0;0;0;0;0;0;0;0
646.13;49999945;572331;555372;0;0;13813;0;0;0;0;0;0;0;0;0;0
648.13;49999945;571468;553263;0;0;14054;0;0;0;0;0;0;0;0;0;0
650.13;49999945;572126;554617;0;0;13870;0;0;0;0;0;0;0;0;0;0
652.13;49999945;571518;553175;0;0;13618;0;0;0;0;0;0;0;0;0;0
654.13;49999946;572726;555106;0;0;13944;0;0;0;0;0;0;0;0;0;0
656.13;49999945;570663;553552;0;0;13891;0;0;0;0;0;0;0;0;0;0
658.13;49999945;573162;555289;0;0;13851;0;0;0;0;0;0;0;0;0;0
660.13;49999945;570858;552628;0;0;13914;0;0;0;0;0;0;0;0;0;0
662.13;49999946;572323;554569;0;0;13876;0;0;0;0;0;0;0;0;0;0
664.13;49999946;570864;553011;0;0;13847;0;0;0;0;0;0;0;0;0;0
666.13;49999946;572688;554923;0;0;13944;0;0;0;0;0;0;0;0;0;0
668.14;49999945;570458;552264;0;0;14061;0;0;0;0;0;0;0;0;0;0
670.14;49999945;571841;554139;0;0;13864;0;0;0;0;0;0;0;0;0;0
672.14;49999945;571522;552314;0;0;13880;0;0;0;0;0;0;0;0;0;0
674.14;49999946;572213;554771;0;0;13971;0;0;0;0;0;0;0;0;0;0
676.14;49999946;570111;552713;0;0;13741;0;0;0;0;0;0;0;0;0;0
678.14;49999946;571902;555102;0;0;13943;0;0;0;0;0;0;0;0;0;0
680.14;49999946;570309;552926;0;0;13744;0;0;0;0;0;0;0;0;0;0
682.14;49999945;571912;554261;0;0;13871;0;0;0;0;0;0;0;0;0;0
684.14;49999945;570659;553293;0;0;13985;0;0;0;0;0;0;0;0;0;0
686.14;49999945;572647;555263;0;0;13975;0;0;0;0;0;0;0;0;0;0
688.14;49999945;570357;552749;0;0;13566;0;0;0;0;0;0;0;0;0;0
690.14;49999945;572237;554631;0;0;13618;0;0;0;0;0;0;0;0;0;0
692.14;49999946;571200;553151;0;0;14014;0;0;0;0;0;0;0;0;0;0
694.14;49999946;571758;554499;0;0;13907;0;0;0;0;0;0;0;0;0;0
696.14;49999945;571163;553434;0;0;13843;0;0;0;0;0;0;0;0;0;0
698.14;49999945;572102;553722;0;0;13935;0;0;0;0;0;0;0;0;0;0
700.14;49999945;571116;553541;0;0;13974;0;0;0;0;0;0;0;0;0;0
702.14;49999945;572257;554865;0;0;13939;0;0;0;0;0;0;0;0;0;0
704.14;49999945;571193;553468;0;0;14042;0;0;0;0;0;0;0;0;0;0
706.14;49999946;570939;553837;0;0;13874;0;0;0;0;0;0;0;0;0;0
708.14;49999946;571233;553906;0;0;13936;0;0;0;0;0;0;0;0;0;0
710.14;49999945;571697;553920;0;0;14091;0;0;0;0;0;0;0;0;0;0
712.14;49999945;571268;553603;0;0;14000;0;0;0;0;0;0;0;0;0;0
714.14;49999945;571466;554003;0;0;13801;0;0;0;0;0;0;0;0;0;0
716.14;49999946;571055;553597;0;0;14129;0;0;0;0;0;0;0;0;0;0
718.14;49999946;572135;553697;0;0;14041;0;0;0;0;0;0;0;0;0;0
720.14;49999945;571089;553358;0;0;13637;0;0;0;0;0;0;0;0;0;0
722.15;49999945;571339;554242;0;0;13710;0;0;0;0;0;0;0;0;0;0
724.15;49999946;571727;554448;0;0;13831;0;0;0;0;0;0;0;0;0;0
726.15;49999945;571285;553767;0;0;14145;0;0;0;0;0;0;0;0;0;0
728.15;49999945;571841;554416;0;0;13963;0;0;0;0;0;0;0;0;0;0
730.15;49999945;570618;553476;0;0;13675;0;0;0;0;0;0;0;0;0;0
732.15;49999945;571775;553879;0;0;14038;0;0;0;0;0;0;0;0;0;0
734.15;49999945;571312;554048;0;0;14039;0;0;0;0;0;0;0;0;0;0
736.15;49999945;571382;554867;0;0;13881;0;0;0;0;0;0;0;0;0;0
738.15;49999946;571647;554816;0;0;13913;0;0;0;0;0;0;0;0;0;0
740.15;49999946;572327;554964;0;0;13935;0;0;0;0;0;0;0;0;0;0
742.15;49999945;570914;553622;0;0;13588;0;0;0;0;0;0;0;0;0;0
744.15;49999945;572565;555302;0;0;13981;0;0;0;0;0;0;0;0;0;0
746.15;49999946;571377;554166;0;0;13831;0;0;0;0;0;0;0;0;0;0
748.15;49999946;572785;555202;0;0;14271;0;0;0;0;0;0;0;0;0;0
750.15;49999945;571459;553834;0;0;14023;0;0;0;0;0;0;0;0;0;0
752.15;49999945;572257;554669;0;0;13989;0;0;0;0;0;0;0;0;0;0
754.15;49999945;571761;553948;0;0;13942;0;0;0;0;0;0;0;0;0;0
756.15;49999945;572151;555413;0;0;14015;0;0;0;0;0;0;0;0;0;0
758.15;49999946;570750;553724;0;0;13883;0;0;0;0;0;0;0;0;0;0
760.15;49999946;572609;554792;0;0;14006;0;0;0;0;0;0;0;0;0;0
762.16;49999946;571410;553344;0;0;13937;0;0;0;0;0;0;0;0;0;0
764.16;49999946;572699;555302;0;0;13920;0;0;0;0;0;0;0;0;0;0
766.16;49999945;570792;553464;0;0;14108;0;0;0;0;0;0;0;0;0;0
768.16;49999945;572968;555100;0;0;13972;0;0;0;0;0;0;0;0;0;0
770.16;49999945;571101;553257;0;0;13902;0;0;0;0;0;0;0;0;0;0
772.16;49999945;573148;554698;0;0;14008;0;0;0;0;0;0;0;0;0;0
774.16;49999946;570478;552633;0;0;13803;0;0;0;0;0;0;0;0;0;0
776.16;49999946;572316;554408;0;0;13900;0;0;0;0;0;0;0;0;0;0
778.16;49999946;570906;553071;0;0;13753;0;0;0;0;0;0;0;0;0;0
780.16;49999945;572075;554170;0;0;13800;0;0;0;0;0;0;0;0;0;0
782.16;49999945;570638;553298;0;0;13784;0;0;0;0;0;0;0;0;0;0
784.16;49999945;571462;554153;0;0;13912;0;0;0;0;0;0;0;0;0;0
786.16;49999945;570158;552461;0;0;13945;0;0;0;0;0;0;0;0;0;0
788.16;49999946;572032;554661;0;0;13997;0;0;0;0;0;0;0;0;0;0
790.16;49999946;570396;552712;0;0;13910;0;0;0;0;0;0;0;0;0;0
792.16;49999946;572469;554062;0;0;13973;0;0;0;0;0;0;0;0;0;0
794.16;49999945;570535;552017;0;0;13794;0;0;0;0;0;0;0;0;0;0
796.16;49999945;572118;554377;0;0;14074;0;0;0;0;0;0;0;0;0;0
798.16;49999945;570832;552865;0;0;13784;0;0;0;0;0;0;0;0;0;0
800.16;49999946;571991;554689;0;0;13858;0;0;0;0;0;0;0;0;0;0
802.16;49999946;570194;553099;0;0;13912;0;0;0;0;0;0;0;0;0;0
804.16;49999945;571627;554570;0;0;13880;0;0;0;0;0;0;0;0;0;0
806.16;49999945;570118;552364;0;0;13784;0;0;0;0;0;0;0;0;0;0
808.16;49999945;571450;554585;0;0;13831;0;0;0;0;0;0;0;0;0;0
810.17;49999945;570185;552710;0;0;13867;0;0;0;0;0;0;0;0;0;0
812.17;49999946;571983;554371;0;0;13874;0;0;0;0;0;0;0;0;0;0
814.17;49999945;570553;553080;0;0;13980;0;0;0;0;0;0;0;0;0;0
816.17;49999945;571888;554432;0;0;13886;0;0;0;0;0;0;0;0;0;0
818.17;49999945;570105;552464;0;0;13913;0;0;0;0;0;0;0;0;0;0
820.17;49999945;571838;554957;0;0;13941;0;0;0;0;0;0;0;0;0;0
822.17;49999945;570080;552803;0;0;13850;0;0;0;0;0;0;0;0;0;0
824.17;49999946;572016;554505;0;0;13859;0;0;0;0;0;0;0;0;0;0
826.17;49999946;570287;552808;0;0;13970;0;0;0;0;0;0;0;0;0;0
828.17;49999946;572516;554507;0;0;14063;0;0;0;0;0;0;0;0;0;0
830.17;49999946;570507;552582;0;0;14029;0;0;0;0;0;0;0;0;0;0
832.17;49999945;571727;553976;0;0;13929;0;0;0;0;0;0;0;0;0;0
834.17;49999945;569951;552981;0;0;13816;0;0;0;0;0;0;0;0;0;0
836.17;49999945;571895;554696;0;0;13865;0;0;0;0;0;0;0;0;0;0
838.17;49999945;569931;552014;0;0;13789;0;0;0;0;0;0;0;0;0;0
840.17;49999945;571999;554134;0;0;13930;0;0;0;0;0;0;0;0;0;0
842.17;49999945;570023;552851;0;0;13994;0;0;0;0;0;0;0;0;0;0
844.17;49999946;572104;554717;0;0;13780;0;0;0;0;0;0;0;0;0;0
846.17;49999946;569706;552259;0;0;13910;0;0;0;0;0;0;0;0;0;0
848.17;49999946;571935;554707;0;0;13682;0;0;0;0;0;0;0;0;0;0
850.17;49999945;569419;552676;0;0;13989;0;0;0;0;0;0;0;0;0;0
852.17;49999945;571575;554686;0;0;14078;0;0;0;0;0;0;0;0;0;0
854.17;49999945;569813;552142;0;0;13871;0;0;0;0;0;0;0;0;0;0
856.17;49999945;572058;554390;0;0;13874;0;0;0;0;0;0;0;0;0;0
858.17;49999945;570086;552605;0;0;13939;0;0;0;0;0;0;0;0;0;0
860.17;49999946;571850;554211;0;0;13828;0;0;0;0;0;0;0;0;0;0
862.17;49999945;570204;552303;0;0;13930;0;0;0;0;0;0;0;0;0;0
864.17;49999945;571737;554486;0;0;13871;0;0;0;0;0;0;0;0;0;0
866.17;49999945;570389;552397;0;0;13881;0;0;0;0;0;0;0;0;0;0
868.18;49999945;572054;553881;0;0;13984;0;0;0;0;0;0;0;0;0;0
870.18;49999945;570203;552823;0;0;13837;0;0;0;0;0;0;0;0;0;0
872.18;49999945;572373;554325;0;0;14026;0;0;0;0;0;0;0;0;0;0
874.18;49999945;570342;552525;0;0;14066;0;0;0;0;0;0;0;0;0;0
876.18;49999946;571829;554149;0;0;14108;0;0;0;0;0;0;0;0;0;0
878.18;49999946;571035;552856;0;0;13929;0;0;0;0;0;0;0;0;0;0
880.18;49999946;572148;554462;0;0;13969;0;0;0;0;0;0;0;0;0;0
882.18;49999945;571219;553052;0;0;13906;0;0;0;0;0;0;0;0;0;0
884.18;49999945;572033;553779;0;0;13866;0;0;0;0;0;0;0;0;0;0
886.18;49999945;570669;553008;0;0;14246;0;0;0;0;0;0;0;0;0;0
888.18;49999945;571580;553934;0;0;14026;0;0;0;0;0;0;0;0;0;0
890.18;49999946;571182;553109;0;0;14080;0;0;0;0;0;0;0;0;0;0
892.18;49999946;571726;553878;0;0;13869;0;0;0;0;0;0;0;0;0;0
894.18;49999946;571812;552619;0;0;13948;0;0;0;0;0;0;0;0;0;0
896.18;49999945;571213;554387;0;0;13947;0;0;0;0;0;0;0;0;0;0
898.18;49999945;571277;553504;0;0;13898;0;0;0;0;0;0;0;0;0;0
900.18;49999946;571412;554131;0;0;13934;0;0;0;0;0;0;0;0;0;0
902.18;49999946;571214;553205;0;0;13937;0;0;0;0;0;0;0;0;0;0
904.18;49999946;571174;553912;0;0;14020;0;0;0;0;0;0;0;0;0;0
906.18;49999946;571416;553672;0;0;13561;0;0;0;0;0;0;0;0;0;0
908.18;49999945;571560;553431;0;0;13890;0;0;0;0;0;0;0;0;0;0
910.18;49999945;570713;553190;0;0;14043;0;0;0;0;0;0;0;0;0;0
912.18;49999945;571255;553830;0;0;13922;0;0;0;0;0;0;0;0;0;0
914.18;49999945;572498;555150;0;0;13704;0;0;0;0;0;0;0;0;0;0
916.18;49999946;572386;554723;0;0;13820;0;0;0;0;0;0;0;0;0;0
918.18;49999945;572215;555360;0;0;13995;0;0;0;0;0;0;0;0;0;0
920.18;49999945;572368;555037;0;0;13890;0;0;0;0;0;0;0;0;0;0
922.18;49999945;572778;555842;0;0;13990;0;0;0;0;0;0;0;0;0;0
924.19;49999945;572108;554941;0;0;13784;0;0;0;0;0;0;0;0;0;0
926.19;49999945;572599;555569;0;0;13952;0;0;0;0;0;0;0;0;0;0
928.19;49999945;571897;555241;0;0;13947;0;0;0;0;0;0;0;0;0;0
930.19;49999945;572890;555564;0;0;13976;0;0;0;0;0;0;0;0;0;0
932.19;49999945;572115;555179;0;0;13780;0;0;0;0;0;0;0;0;0;0
934.19;49999946;572826;555640;0;0;13961;0;0;0;0;0;0;0;0;0;0
936.19;49999946;572030;555061;0;0;14040;0;0;0;0;0;0;0;0;0;0
938.19;49999946;573289;555832;0;0;14066;0;0;0;0;0;0;0;0;0;0
940.19;49999945;571773;554827;0;0;13921;0;0;0;0;0;0;0;0;0;0
942.19;49999945;572689;555547;0;0;13927;0;0;0;0;0;0;0;0;0;0
944.19;49999945;571801;554597;0;0;13854;0;0;0;0;0;0;0;0;0;0
946.19;49999945;573483;556029;0;0;13816;0;0;0;0;0;0;0;0;0;0
948.19;49999945;573286;554929;0;0;13965;0;0;0;0;0;0;0;0;0;0
950.19;49999945;573437;556486;0;0;14108;0;0;0;0;0;0;0;0;0;0
952.19;49999945;572462;554496;0;0;14042;0;0;0;0;0;0;0;0;0;0
954.19;49999945;573571;556022;0;0;14063;0;0;0;0;0;0;0;0;0;0
956.19;49999946;572347;554197;0;0;13780;0;0;0;0;0;0;0;0;0;0
958.19;49999946;573300;555954;0;0;13928;0;0;0;0;0;0;0;0;0;0
960.19;49999946;571964;554158;0;0;13713;0;0;0;0;0;0;0;0;0;0
962.20;49999945;573152;555590;0;0;13772;0;0;0;0;0;0;0;0;0;0
964.20;49999945;572008;554425;0;0;14013;0;0;0;0;0;0;0;0;0;0
966.20;49999946;573320;555782;0;0;14051;0;0;0;0;0;0;0;0;0;0
968.20;49999946;571855;553990;0;0;13914;0;0;0;0;0;0;0;0;0;0
970.20;49999946;572979;555619;0;0;13958;0;0;0;0;0;0;0;0;0;0
972.20;49999946;571838;554979;0;0;13981;0;0;0;0;0;0;0;0;0;0
974.20;49999946;571949;555102;0;0;13802;0;0;0;0;0;0;0;0;0;0
976.20;49999945;570450;552817;0;0;13588;0;0;0;0;0;0;0;0;0;0
978.20;49999945;572416;554473;0;0;13944;0;0;0;0;0;0;0;0;0;0
980.20;49999946;569809;552805;0;0;13961;0;0;0;0;0;0;0;0;0;0
982.20;49999946;572240;554969;0;0;13986;0;0;0;0;0;0;0;0;0;0
984.20;49999946;570138;553032;0;0;13878;0;0;0;0;0;0;0;0;0;0
986.20;49999945;571775;554734;0;0;13670;0;0;0;0;0;0;0;0;0;0
988.20;49999945;569791;553212;0;0;13841;0;0;0;0;0;0;0;0;0;0
990.20;49999945;572172;553993;0;0;13984;0;0;0;0;0;0;0;0;0;0
992.20;49999945;570174;552670;0;0;13727;0;0;0;0;0;0;0;0;0;0
994.20;49999946;571439;554993;0;0;13794;0;0;0;0;0;0;0;0;0;0
996.20;49999946;570035;552723;0;0;13901;0;0;0;0;0;0;0;0;0;0
998.20;49999946;571857;555163;0;0;14050;0;0;0;0;0;0;0;0;0;0
1000.20;49999945;570164;552416;0;0;13708;0;0;0;0;0;0;0;0;0;0
1002.20;49999945;571817;554625;0;0;14025;0;0;0;0;0;0;0;0;0;0
1004.20;49999945;569595;552620;0;0;14035;0;0;0;0;0;0;0;0;0;0
1006.20;49999945;571446;554454;0;0;14012;0;0;0;0;0;0;0;0;0;0
1008.20;49999946;570113;552703;0;0;13875;0;0;0;0;0;0;0;0;0;0
1010.20;49999945;572073;554716;0;0;14030;0;0;0;0;0;0;0;0;0;0
1012.20;49999945;570178;553239;0;0;13828;0;0;0;0;0;0;0;0;0;0
1014.21;49999945;571255;554992;0;0;13673;0;0;0;0;0;0;0;0;0;0
1016.21;49999946;570088;552960;0;0;13969;0;0;0;0;0;0;0;0;0;0
1018.21;49999945;572023;554466;0;0;13895;0;0;0;0;0;0;0;0;0;0
1020.21;49999945;570280;552729;0;0;13824;0;0;0;0;0;0;0;0;0;0
1022.21;49999945;571529;554192;0;0;13944;0;0;0;0;0;0;0;0;0;0
1024.21;49999946;570423;553212;0;0;13967;0;0;0;0;0;0;0;0;0;0
1026.21;49999946;571499;555282;0;0;14030;0;0;0;0;0;0;0;0;0;0
1028.21;49999946;570012;553123;0;0;13933;0;0;0;0;0;0;0;0;0;0
1030.21;49999946;571942;554581;0;0;13786;0;0;0;0;0;0;0;0;0;0
1032.21;49999946;569466;552847;0;0;14110;0;0;0;0;0;0;0;0;0;0
1034.21;49999945;571437;554705;0;0;13839;0;0;0;0;0;0;0;0;0;0
1036.21;49999945;570221;552727;0;0;13851;0;0;0;0;0;0;0;0;0;0
1038.21;49999945;571740;554402;0;0;13912;0;0;0;0;0;0;0;0;0;0
1040.21;49999945;570017;552418;0;0;13839;0;0;0;0;0;0;0;0;0;0
1042.21;49999946;572072;555372;0;0;13802;0;0;0;0;0;0;0;0;0;0
1044.21;49999946;570069;552419;0;0;14050;0;0;0;0;0;0;0;0;0;0
1046.21;49999945;571867;554058;0;0;13853;0;0;0;0;0;0;0;0;0;0
1048.21;49999945;570082;552675;0;0;13998;0;0;0;0;0;0;0;0;0;0
1050.21;49999945;571713;554138;0;0;13825;0;0;0;0;0;0;0;0;0;0
1052.21;49999945;569950;552350;0;0;13774;0;0;0;0;0;0;0;0;0;0
1054.21;49999945;571823;554231;0;0;13958;0;0;0;0;0;0;0;0;0;0
1056.21;49999946;569882;552495;0;0;13973;0;0;0;0;0;0;0;0;0;0
1058.21;49999946;571973;554663;0;0;13997;0;0;0;0;0;0;0;0;0;0
1060.21;49999946;569802;553245;0;0;14101;0;0;0;0;0;0;0;0;0;0
1062.21;49999946;571556;554165;0;0;13958;0;0;0;0;0;0;0;0;0;0
1064.21;49999945;570451;552731;0;0;13728;0;0;0;0;0;0;0;0;0;0
1066.21;49999945;570941;553341;0;0;13842;0;0;0;0;0;0;0;0;0;0
1068.21;49999945;570230;552954;0;0;13644;0;0;0;0;0;0;0;0;0;0
1070.22;49999945;571554;554137;0;0;14140;0;0;0;0;0;0;0;0;0;0
1072.22;49999945;569931;553449;0;0;13892;0;0;0;0;0;0;0;0;0;0
1074.22;49999946;571470;554521;0;0;13907;0;0;0;0;0;0;0;0;0;0
1076.22;49999946;570090;553030;0;0;14174;0;0;0;0;0;0;0;0;0;0
1078.22;49999945;570940;554213;0;0;13877;0;0;0;0;0;0;0;0;0;0
1080.22;49999945;570416;553592;0;0;13989;0;0;0;0;0;0;0;0;0;0
1082.22;49999945;571700;553484;0;0;13974;0;0;0;0;0;0;0;0;0;0
1084.22;49999945;571351;552729;0;0;13823;0;0;0;0;0;0;0;0;0;0
1086.22;49999945;571371;554062;0;0;13842;0;0;0;0;0;0;0;0;0;0
1088.22;49999945;570713;553403;0;0;13747;0;0;0;0;0;0;0;0;0;0
1090.22;49999945;570659;553547;0;0;13906;0;0;0;0;0;0;0;0;0;0
1092.22;49999946;571177;553025;0;0;13818;0;0;0;0;0;0;0;0;0;0
1094.22;49999946;570992;553218;0;0;13860;0;0;0;0;0;0;0;0;0;0
1096.22;49999946;571178;552961;0;0;14098;0;0;0;0;0;0;0;0;0;0
1098.22;49999946;570731;553232;0;0;13923;0;0;0;0;0;0;0;0;0;0
1100.22;49999945;571439;553776;0;0;13972;0;0;0;0;0;0;0;0;0;0
1102.22;49999945;570959;553244;0;0;14125;0;0;0;0;0;0;0;0;0;0
1104.22;49999945;571501;553134;0;0;14029;0;0;0;0;0;0;0;0;0;0
1106.22;49999945;571050;553467;0;0;14036;0;0;0;0;0;0;0;0;0;0
1108.22;49999945;570965;553914;0;0;13963;0;0;0;0;0;0;0;0;0;0
1110.22;49999945;571304;552980;0;0;14085;0;0;0;0;0;0;0;0;0;0
1112.22;49999945;571477;554021;0;0;13974;0;0;0;0;0;0;0;0;0;0
1114.22;49999946;570449;553119;0;0;13903;0;0;0;0;0;0;0;0;0;0
1116.22;49999946;571196;553062;0;0;13742;0;0;0;0;0;0;0;0;0;0
1118.22;49999945;569981;552662;0;0;13943;0;0;0;0;0;0;0;0;0;0
1120.23;49999945;572190;553999;0;0;13927;0;0;0;0;0;0;0;0;0;0
1122.23;49999945;570562;553113;0;0;13805;0;0;0;0;0;0;0;0;0;0
1124.23;49999945;571504;553971;0;0;14008;0;0;0;0;0;0;0;0;0;0
1126.23;49999946;570735;552441;0;0;14068;0;0;0;0;0;0;0;0;0;0
1128.23;49999945;572242;554237;0;0;13822;0;0;0;0;0;0;0;0;0;0
1130.23;49999945;570073;552496;0;0;13764;0;0;0;0;0;0;0;0;0;0
1132.23;49999945;572071;553661;0;0;13770;0;0;0;0;0;0;0;0;0;0
1134.23;49999945;570851;552031;0;0;13967;0;0;0;0;0;0;0;0;0;0
1136.23;49999946;572006;554008;0;0;13879;0;0;0;0;0;0;0;0;0;0
1138.23;49999946;570074;552329;0;0;14100;0;0;0;0;0;0;0;0;0;0
1140.23;49999945;571827;554720;0;0;14059;0;0;0;0;0;0;0;0;0;0
1142.23;49999946;570189;551598;0;0;13806;0;0;0;0;0;0;0;0;0;0
1144.23;49999945;572277;553782;0;0;14054;0;0;0;0;0;0;0;0;0;0
1146.23;49999945;569818;551798;0;0;13942;0;0;0;0;0;0;0;0;0;0
1148.23;49999945;571827;554156;0;0;13948;0;0;0;0;0;0;0;0;0;0
1150.23;49999945;570204;552456;0;0;13863;0;0;0;0;0;0;0;0;0;0
1152.23;49999946;571614;553798;0;0;13912;0;0;0;0;0;0;0;0;0;0
1154.23;49999946;569728;552324;0;0;13962;0;0;0;0;0;0;0;0;0;0
1156.23;49999945;572070;553625;0;0;14084;0;0;0;0;0;0;0;0;0;0
1158.23;49999945;570660;551631;0;0;13916;0;0;0;0;0;0;0;0;0;0
1160.23;49999945;571817;553823;0;0;13982;0;0;0;0;0;0;0;0;0;0
1162.23;49999946;569596;551793;0;0;13972;0;0;0;0;0;0;0;0;0;0
1164.23;49999945;571177;553994;0;0;14081;0;0;0;0;0;0;0;0;0;0
1166.23;49999945;569555;551773;0;0;13983;0;0;0;0;0;0;0;0;0;0
1168.24;49999945;571810;554220;0;0;13972;0;0;0;0;0;0;0;0;0;0
1170.24;49999945;570141;552195;0;0;13845;0;0;0;0;0;0;0;0;0;0
1172.24;49999945;571521;553467;0;0;13844;0;0;0;0;0;0;0;0;0;0
1174.24;49999946;570273;552572;0;0;13651;0;0;0;0;0;0;0;0;0;0
1176.24;49999946;571837;554172;0;0;13776;0;0;0;0;0;0;0;0;0;0
1178.24;49999946;569400;552503;0;0;13830;0;0;0;0;0;0;0;0;0;0
1180.24;49999946;571745;554352;0;0;13847;0;0;0;0;0;0;0;0;0;0
1182.24;49999945;569826;551984;0;0;13666;0;0;0;0;0;0;0;0;0;0
1184.24;49999945;571492;553927;0;0;13861;0;0;0;0;0;0;0;0;0;0
1186.24;49999946;569623;552085;0;0;13797;0;0;0;0;0;0;0;0;0;0
1188.24;49999946;571339;553753;0;0;13988;0;0;0;0;0;0;0;0;0;0
1190.24;49999946;569150;552272;0;0;13707;0;0;0;0;0;0;0;0;0;0
1192.24;49999945;571341;553012;0;0;13787;0;0;0;0;0;0;0;0;0;0
1194.24;49999945;569097;551805;0;0;13820;0;0;0;0;0;0;0;0;0;0
1196.24;49999945;571612;553217;0;0;13964;0;0;0;0;0;0;0;0;0;0
1198.24;49999945;569832;552072;0;0;14016;0;0;0;0;0;0;0;0;0;0
1200.24;49999945;571527;553586;0;0;13831;0;0;0;0;0;0;0;0;0;0
1202.24;49999946;569832;551926;0;0;13961;0;0;0;0;0;0;0;0;0;0
1204.24;49999946;571098;553743;0;0;14104;0;0;0;0;0;0;0;0;0;0
1206.24;49999946;569308;552432;0;0;13981;0;0;0;0;0;0;0;0;0;0
1208.24;49999946;571097;553616;0;0;13985;0;0;0;0;0;0;0;0;0;0
1210.24;49999945;569743;551071;0;0;13935;0;0;0;0;0;0;0;0;0;0
1212.24;49999945;570758;554033;0;0;14001;0;0;0;0;0;0;0;0;0;0
1214.24;49999945;569357;552095;0;0;14066;0;0;0;0;0;0;0;0;0;0
1216.24;49999946;572686;554497;0;0;13829;0;0;0;0;0;0;0;0;0;0
1218.25;49999946;571384;553591;0;0;13856;0;0;0;0;0;0;0;0;0;0
1220.25;49999946;572990;555474;0;0;14037;0;0;0;0;0;0;0;0;0;0
1222.25;49999945;571637;553938;0;0;13798;0;0;0;0;0;0;0;0;0;0
1224.25;49999946;572572;555037;0;0;14003;0;0;0;0;0;0;0;0;0;0
1226.25;49999946;571341;553769;0;0;14100;0;0;0;0;0;0;0;0;0;0
1228.25;49999946;573103;555060;0;0;13968;0;0;0;0;0;0;0;0;0;0
1230.25;49999946;571549;554033;0;0;13836;0;0;0;0;0;0;0;0;0;0
1232.25;49999946;573378;554907;0;0;13777;0;0;0;0;0;0;0;0;0;0
1234.25;49999945;571585;553639;0;0;13867;0;0;0;0;0;0;0;0;0;0
1236.25;49999945;573422;555202;0;0;13662;0;0;0;0;0;0;0;0;0;0
1238.25;49999946;571702;554119;0;0;13960;0;0;0;0;0;0;0;0;0;0
1240.25;49999946;573124;555391;0;0;13820;0;0;0;0;0;0;0;0;0;0
1242.25;49999945;571820;553407;0;0;13996;0;0;0;0;0;0;0;0;0;0
1244.25;49999945;572727;555100;0;0;14087;0;0;0;0;0;0;0;0;0;0
1246.25;49999945;571883;553504;0;0;13841;0;0;0;0;0;0;0;0;0;0
1248.25;49999945;572677;554352;0;0;14063;0;0;0;0;0;0;0;0;0;0
1250.25;49999945;572111;553435;0;0;13875;0;0;0;0;0;0;0;0;0;0
1252.25;49999946;572611;554006;0;0;14010;0;0;0;0;0;0;0;0;0;0
1254.25;49999945;571648;553674;0;0;13870;0;0;0;0;0;0;0;0;0;0
1256.25;49999945;572367;554877;0;0;13838;0;0;0;0;0;0;0;0;0;0
1258.25;49999945;571989;554631;0;0;14171;0;0;0;0;0;0;0;0;0;0
1260.25;49999945;572755;554835;0;0;13961;0;0;0;0;0;0;0;0;0;0
1262.25;49999945;571990;554297;0;0;13856;0;0;0;0;0;0;0;0;0;0
1264.25;49999945;571651;554219;0;0;13829;0;0;0;0;0;0;0;0;0;0
1266.25;49999945;571839;553794;0;0;13924;0;0;0;0;0;0;0;0;0;0
1268.26;49999945;572330;554462;0;0;13791;0;0;0;0;0;0;0;0;0;0
1270.26;49999945;572351;554304;0;0;13975;0;0;0;0;0;0;0;0;0;0
1272.26;49999946;572429;554684;0;0;13909;0;0;0;0;0;0;0;0;0;0
1274.26;49999946;572303;553956;0;0;13899;0;0;0;0;0;0;0;0;0;0
1276.26;49999945;572510;554440;0;0;14005;0;0;0;0;0;0;0;0;0;0
1278.26;49999945;571742;554889;0;0;13955;0;0;0;0;0;0;0;0;0;0
1280.26;49999946;572353;553756;0;0;13842;0;0;0;0;0;0;0;0;0;0
1282.26;49999945;572346;554315;0;0;13968;0;0;0;0;0;0;0;0;0;0
1284.26;49999945;572360;554732;0;0;13896;0;0;0;0;0;0;0;0;0;0
1286.26;49999945;571995;554827;0;0;13883;0;0;0;0;0;0;0;0;0;0
1288.26;49999945;572225;554125;0;0;13878;0;0;0;0;0;0;0;0;0;0
1290.26;49999945;572633;554291;0;0;14049;0;0;0;0;0;0;0;0;0;0
1292.26;49999945;572710;554731;0;0;13922;0;0;0;0;0;0;0;0;0;0
1294.26;49999946;571705;554776;0;0;13994;0;0;0;0;0;0;0;0;0;0
1296.26;49999946;571828;554194;0;0;14045;0;0;0;0;0;0;0;0;0;0
1298.26;49999945;572727;554492;0;0;13934;0;0;0;0;0;0;0;0;0;0
1300.26;49999945;571779;553827;0;0;13989;0;0;0;0;0;0;0;0;0;0
1302.26;49999945;572797;554457;0;0;14033;0;0;0;0;0;0;0;0;0;0
1304.26;49999945;571326;554124;0;0;13942;0;0;0;0;0;0;0;0;0;0
1306.27;49999946;573122;555579;0;0;13849;0;0;0;0;0;0;0;0;0;0
1308.27;49999946;571884;553976;0;0;14055;0;0;0;0;0;0;0;0;0;0
1310.27;49999946;572290;554912;0;0;13989;0;0;0;0;0;0;0;0;0;0
1312.27;49999946;571370;553563;0;0;13561;0;0;0;0;0;0;0;0;0;0
1314.27;49999946;572719;555158;0;0;13954;0;0;0;0;0;0;0;0;0;0
1316.27;49999945;571156;553365;0;0;13831;0;0;0;0;0;0;0;0;0;0
1318.27;49999945;572950;554746;0;0;13626;0;0;0;0;0;0;0;0;0;0
1320.27;49999945;572195;553232;0;0;13862;0;0;0;0;0;0;0;0;0;0
1322.27;49999945;572933;554840;0;0;13710;0;0;0;0;0;0;0;0;0;0
1324.27;49999945;572066;553253;0;0;14109;0;0;0;0;0;0;0;0;0;0
1326.27;49999945;573364;555348;0;0;13837;0;0;0;0;0;0;0;0;0;0
1328.27;49999946;572146;553417;0;0;13822;0;0;0;0;0;0;0;0;0;0
1330.27;49999946;573969;554078;0;0;14025;0;0;0;0;0;0;0;0;0;0
1332.27;49999946;571942;553497;0;0;13753;0;0;0;0;0;0;0;0;0;0
1334.27;49999945;573163;554683;0;0;13931;0;0;0;0;0;0;0;0;0;0
1336.27;49999945;571183;552934;0;0;14156;0;0;0;0;0;0;0;0;0;0
1338.27;49999945;573084;554915;0;0;13878;0;0;0;0;0;0;0;0;0;0
1340.27;49999945;571591;553480;0;0;13701;0;0;0;0;0;0;0;0;0;0
1342.27;49999945;572943;554271;0;0;14037;0;0;0;0;0;0;0;0;0;0
1344.27;49999946;571914;552834;0;0;13909;0;0;0;0;0;0;0;0;0;0
1346.27;49999946;572638;554909;0;0;13897;0;0;0;0;0;0;0;0;0;0
1348.27;49999946;571342;553435;0;0;13950;0;0;0;0;0;0;0;0;0;0
1350.27;49999946;573063;555084;0;0;13974;0;0;0;0;0;0;0;0;0;0
1352.27;49999946;571880;553427;0;0;14192;0;0;0;0;0;0;0;0;0;0
1354.27;49999945;572305;554531;0;0;14083;0;0;0;0;0;0;0;0;0;0
1356.28;49999945;572173;553608;0;0;13824;0;0;0;0;0;0;0;0;0;0
1358.28;49999945;573286;554508;0;0;13865;0;0;0;0;0;0;0;0;0;0
1360.28;49999946;571610;553604;0;0;13964;0;0;0;0;0;0;0;0;0;0
1362.28;49999946;572620;554869;0;0;13846;0;0;0;0;0;0;0;0;0;0
1364.28;49999946;571999;553409;0;0;14051;0;0;0;0;0;0;0;0;0;0
1366.28;49999945;572974;554602;0;0;14103;0;0;0;0;0;0;0;0;0;0
1368.28;49999945;571680;553537;0;0;13907;0;0;0;0;0;0;0;0;0;0
1370.28;49999945;572763;554685;0;0;13968;0;0;0;0;0;0;0;0;0;0
1372.28;49999945;571478;553440;0;0;13864;0;0;0;0;0;0;0;0;0;0
1374.28;49999945;573026;554554;0;0;13879;0;0;0;0;0;0;0;0;0;0
1376.28;49999945;572088;553191;0;0;13810;0;0;0;0;0;0;0;0;0;0
1378.28;49999945;572959;555137;0;0;14031;0;0;0;0;0;0;0;0;0;0
1380.28;49999946;571397;553456;0;0;13812;0;0;0;0;0;0;0;0;0;0
1382.28;49999946;573359;555173;0;0;14208;0;0;0;0;0;0;0;0;0;0
1384.28;49999946;571775;553522;0;0;13916;0;0;0;0;0;0;0;0;0;0
1386.28;49999946;572781;555064;0;0;13848;0;0;0;0;0;0;0;0;0;0
1388.28;49999946;571891;554225;0;0;14087;0;0;0;0;0;0;0;0;0;0
1390.28;49999946;572889;554605;0;0;13820;0;0;0;0;0;0;0;0;0;0
1392.28;49999945;571269;553336;0;0;13780;0;0;0;0;0;0;0;0;0;0
1394.28;49999945;573127;555263;0;0;13895;0;0;0;0;0;0;0;0;0;0
1396.28;49999946;571600;554127;0;0;13789;0;0;0;0;0;0;0;0;0;0
1398.28;49999946;571970;554277;0;0;13978;0;0;0;0;0;0;0;0;0;0
1400.28;49999946;570132;552548;0;0;13971;0;0;0;0;0;0;0;0;0;0
1402.28;49999946;571737;554359;0;0;13944;0;0;0;0;0;0;0;0;0;0
1404.28;49999946;569662;552136;0;0;13762;0;0;0;0;0;0;0;0;0;0
1406.28;49999946;571934;554074;0;0;13845;0;0;0;0;0;0;0;0;0;0
1408.28;49999945;569834;551799;0;0;13883;0;0;0;0;0;0;0;0;0;0
1410.28;49999945;571724;553630;0;0;13796;0;0;0;0;0;0;0;0;0;0
1412.28;49999945;570434;552342;0;0;13923;0;0;0;0;0;0;0;0;0;0
1414.28;49999945;571669;553878;0;0;13736;0;0;0;0;0;0;0;0;0;0
1416.28;49999945;569953;552581;0;0;13714;0;0;0;0;0;0;0;0;0;0
1418.29;49999946;571691;553836;0;0;13973;0;0;0;0;0;0;0;0;0;0
1420.29;49999945;570384;551714;0;0;14051;0;0;0;0;0;0;0;0;0;0
1422.29;49999945;571314;553458;0;0;13945;0;0;0;0;0;0;0;0;0;0
1424.29;49999946;570101;552360;0;0;13934;0;0;0;0;0;0;0;0;0;0
1426.29;49999945;571669;553736;0;0;13856;0;0;0;0;0;0;0;0;0;0
1428.29;49999945;569438;551867;0;0;13586;0;0;0;0;0;0;0;0;0;0
1430.29;49999945;572193;554010;0;0;13954;0;0;0;0;0;0;0;0;0;0
1432.29;49999945;569595;552437;0;0;13727;0;0;0;0;0;0;0;0;0;0
1434.29;49999946;571372;553846;0;0;13880;0;0;0;0;0;0;0;0;0;0
1436.29;49999945;570455;552184;0;0;14016;0;0;0;0;0;0;0;0;0;0
1438.29;49999945;571407;553118;0;0;14160;0;0;0;0;0;0;0;0;0;0
1440.29;49999945;570583;552186;0;0;14022;0;0;0;0;0;0;0;0;0;0
1442.29;49999945;571143;553041;0;0;13919;0;0;0;0;0;0;0;0;0;0
1444.29;49999946;570257;552108;0;0;13830;0;0;0;0;0;0;0;0;0;0
1446.29;49999946;571732;554344;0;0;13954;0;0;0;0;0;0;0;0;0;0
1448.29;49999945;570951;552494;0;0;13775;0;0;0;0;0;0;0;0;0;0
1450.29;49999946;570948;552883;0;0;14123;0;0;0;0;0;0;0;0;0;0
1452.29;49999945;570417;552827;0;0;13785;0;0;0;0;0;0;0;0;0;0
1454.29;49999945;571203;553599;0;0;14047;0;0;0;0;0;0;0;0;0;0
1456.29;49999945;570513;552845;0;0;13811;0;0;0;0;0;0;0;0;0;0
1458.29;49999946;571826;552869;0;0;13824;0;0;0;0;0;0;0;0;0;0
1460.29;49999945;570523;552195;0;0;14035;0;0;0;0;0;0;0;0;0;0
1462.29;49999945;570746;553165;0;0;14023;0;0;0;0;0;0;0;0;0;0
1464.29;49999945;570507;553163;0;0;13818;0;0;0;0;0;0;0;0;0;0
1466.30;49999945;570791;552136;0;0;13958;0;0;0;0;0;0;0;0;0;0
1468.30;49999946;571052;552684;0;0;13727;0;0;0;0;0;0;0;0;0;0
1470.30;49999945;570855;551959;0;0;13937;0;0;0;0;0;0;0;0;0;0
1472.30;49999945;570546;552646;0;0;13725;0;0;0;0;0;0;0;0;0;0
1474.30;49999945;571385;552260;0;0;13744;0;0;0;0;0;0;0;0;0;0
1476.30;49999945;570419;552317;0;0;13763;0;0;0;0;0;0;0;0;0;0
1478.30;49999945;570485;552521;0;0;13925;0;0;0;0;0;0;0;0;0;0
1480.30;49999946;570944;552039;0;0;13793;0;0;0;0;0;0;0;0;0;0
1482.30;49999946;570905;552444;0;0;13794;0;0;0;0;0;0;0;0;0;0
1484.30;49999946;571769;552934;0;0;13871;0;0;0;0;0;0;0;0;0;0
1486.30;49999946;570339;552238;0;0;14029;0;0;0;0;0;0;0;0;0;0
1488.30;49999945;571246;552829;0;0;13955;0;0;0;0;0;0;0;0;0;0
1490.30;49999945;570137;552096;0;0;13756;0;0;0;0;0;0;0;0;0;0
1492.30;49999945;571260;553044;0;0;13930;0;0;0;0;0;0;0;0;0;0
1494.30;49999946;570084;552896;0;0;13973;0;0;0;0;0;0;0;0;0;0
1496.30;49999945;571325;553167;0;0;13782;0;0;0;0;0;0;0;0;0;0
1498.30;49999945;570288;552210;0;0;13978;0;0;0;0;0;0;0;0;0;0
1500.30;49999945;571610;552802;0;0;13895;0;0;0;0;0;0;0;0;0;0
1502.30;49999946;569789;552370;0;0;13900;0;0;0;0;0;0;0;0;0;0
1504.30;49999946;571333;553560;0;0;13922;0;0;0;0;0;0;0;0;0;0
1506.30;49999946;569509;551882;0;0;13861;0;0;0;0;0;0;0;0;0;0
1508.30;49999946;571581;553612;0;0;13997;0;0;0;0;0;0;0;0;0;0
1510.30;49999946;570440;552066;0;0;13952;0;0;0;0;0;0;0;0;0;0
1512.31;49999946;571781;553687;0;0;13782;0;0;0;0;0;0;0;0;0;0
1514.31;49999946;570621;551353;0;0;13913;0;0;0;0;0;0;0;0;0;0
1516.31;49999945;571546;552963;0;0;13909;0;0;0;0;0;0;0;0;0;0
1518.31;49999945;570289;551580;0;0;14075;0;0;0;0;0;0;0;0;0;0
1520.31;49999946;572265;553609;0;0;13888;0;0;0;0;0;0;0;0;0;0
1522.31;49999946;569920;551387;0;0;14103;0;0;0;0;0;0;0;0;0;0
1524.31;49999945;572078;553663;0;0;14000;0;0;0;0;0;0;0;0;0;0
1526.31;49999945;570167;551432;0;0;13966;0;0;0;0;0;0;0;0;0;0
1528.31;49999945;571990;553550;0;0;13986;0;0;0;0;0;0;0;0;0;0
1530.31;49999946;570542;551582;0;0;13930;0;0;0;0;0;0;0;0;0;0
1532.31;49999946;572456;553369;0;0;13738;0;0;0;0;0;0;0;0;0;0
1534.31;49999945;570613;551344;0;0;14089;0;0;0;0;0;0;0;0;0;0
1536.31;49999945;572186;553693;0;0;13821;0;0;0;0;0;0;0;0;0;0
1538.31;49999945;570228;552198;0;0;13973;0;0;0;0;0;0;0;0;0;0
1540.31;49999945;572715;553979;0;0;13833;0;0;0;0;0;0;0;0;0;0
1542.31;49999945;570482;551374;0;0;13900;0;0;0;0;0;0;0;0;0;0
1544.31;49999945;572478;554043;0;0;13996;0;0;0;0;0;0;0;0;0;0
1546.31;49999945;570704;552181;0;0;13800;0;0;0;0;0;0;0;0;0;0
1548.31;49999945;572376;553943;0;0;13850;0;0;0;0;0;0;0;0;0;0
1550.31;49999946;570134;552615;0;0;14098;0;0;0;0;0;0;0;0;0;0
1552.31;49999946;571960;553220;0;0;14001;0;0;0;0;0;0;0;0;0;0
1554.31;49999945;569981;551704;0;0;13776;0;0;0;0;0;0;0;0;0;0
1556.31;49999945;571684;553656;0;0;14021;0;0;0;0;0;0;0;0;0;0
1558.31;49999945;570449;552459;0;0;13897;0;0;0;0;0;0;0;0;0;0
1560.31;49999945;571702;554131;0;0;13883;0;0;0;0;0;0;0;0;0;0
1562.31;49999945;570808;551964;0;0;14041;0;0;0;0;0;0;0;0;0;0
1564.31;49999945;572212;553981;0;0;14018;0;0;0;0;0;0;0;0;0;0
1566.32;49999946;569851;551569;0;0;13792;0;0;0;0;0;0;0;0;0;0
1568.32;49999946;572271;553619;0;0;13985;0;0;0;0;0;0;0;0;0;0
1570.32;49999945;570020;552344;0;0;13881;0;0;0;0;0;0;0;0;0;0
1572.32;49999945;571953;553432;0;0;13753;0;0;0;0;0;0;0;0;0;0
1574.32;49999946;570209;551852;0;0;13753;0;0;0;0;0;0;0;0;0;0
1576.32;49999945;572788;552945;0;0;13702;0;0;0;0;0;0;0;0;0;0
1578.32;49999945;570263;552070;0;0;13833;0;0;0;0;0;0;0;0;0;0
1580.32;49999945;572451;553888;0;0;13933;0;0;0;0;0;0;0;0;0;0
1582.32;49999945;570347;551709;0;0;13911;0;0;0;0;0;0;0;0;0;0
1584.32;49999945;571744;553464;0;0;13801;0;0;0;0;0;0;0;0;0;0
1586.32;49999946;570787;552429;0;0;13965;0;0;0;0;0;0;0;0;0;0
1588.32;49999946;572208;552843;0;0;13849;0;0;0;0;0;0;0;0;0;0
1590.32;49999946;570580;551300;0;0;13767;0;0;0;0;0;0;0;0;0;0
1592.32;49999946;571909;552901;0;0;13903;0;0;0;0;0;0;0;0;0;0
1594.32;49999946;570348;551516;0;0;13778;0;0;0;0;0;0;0;0;0;0
1596.32;49999946;571823;552856;0;0;13824;0;0;0;0;0;0;0;0;0;0
1598.32;49999945;570616;551996;0;0;13835;0;0;0;0;0;0;0;0;0;0
1600.32;49999945;572504;553522;0;0;13812;0;0;0;0;0;0;0;0;0;0
1602.32;49999946;569783;551685;0;0;14017;0;0;0;0;0;0;0;0;0;0
1604.32;49999946;572071;552844;0;0;13752;0;0;0;0;0;0;0;0;0;0
1606.32;49999946;570333;551788;0;0;13760;0;0;0;0;0;0;0;0;0;0
1608.32;49999945;571261;553631;0;0;14050;0;0;0;0;0;0;0;0;0;0
1610.32;49999946;570019;552235;0;0;13892;0;0;0;0;0;0;0;0;0;0
1612.32;49999945;571359;553207;0;0;13988;0;0;0;0;0;0;0;0;0;0
1614.32;49999945;570258;551652;0;0;13843;0;0;0;0;0;0;0;0;0;0
1616.32;49999945;572135;553154;0;0;13965;0;0;0;0;0;0;0;0;0;0
1618.32;49999945;569878;551689;0;0;14012;0;0;0;0;0;0;0;0;0;0
1620.32;49999945;570702;552804;0;0;14107;0;0;0;0;0;0;0;0;0;0
1622.33;49999945;570625;551814;0;0;14151;0;0;0;0;0;0;0;0;0;0
1624.33;49999946;571300;552737;0;0;13919;0;0;0;0;0;0;0;0;0;0
1626.33;49999945;570115;551805;0;0;13718;0;0;0;0;0;0;0;0;0;0
1628.33;49999945;571431;552638;0;0;14070;0;0;0;0;0;0;0;0;0;0
1630.33;49999946;570041;551919;0;0;13816;0;0;0;0;0;0;0;0;0;0
1632.33;49999945;571416;553654;0;0;13858;0;0;0;0;0;0;0;0;0;0
1634.33;49999945;570550;552385;0;0;14056;0;0;0;0;0;0;0;0;0;0
1636.33;49999945;571387;553404;0;0;13873;0;0;0;0;0;0;0;0;0;0
1638.33;49999945;571136;552851;0;0;14030;0;0;0;0;0;0;0;0;0;0
1640.33;49999945;571000;553035;0;0;13873;0;0;0;0;0;0;0;0;0;0
1642.33;49999946;571314;552366;0;0;13924;0;0;0;0;0;0;0;0;0;0
1644.33;49999945;571539;553280;0;0;13925;0;0;0;0;0;0;0;0;0;0
1646.33;49999946;570833;552503;0;0;13822;0;0;0;0;0;0;0;0;0;0
1648.33;49999945;571460;552810;0;0;14151;0;0;0;0;0;0;0;0;0;0
1650.33;49999945;570908;552522;0;0;13888;0;0;0;0;0;0;0;0;0;0
1652.33;49999945;570814;552513;0;0;13778;0;0;0;0;0;0;0;0;0;0
1654.33;49999945;570812;552062;0;0;14075;0;0;0;0;0;0;0;0;0;0
1656.33;49999945;570360;552513;0;0;13848;0;0;0;0;0;0;0;0;0;0
1658.33;49999946;570741;552668;0;0;13811;0;0;0;0;0;0;0;0;0;0
1660.33;49999946;570575;552137;0;0;13919;0;0;0;0;0;0;0;0;0;0
1662.33;49999945;570812;552239;0;0;13880;0;0;0;0;0;0;0;0;0;0
1664.34;49999945;570598;552494;0;0;13865;0;0;0;0;0;0;0;0;0;0
1666.34;49999945;571016;552472;0;0;13707;0;0;0;0;0;0;0;0;0;0
1668.34;49999946;570814;552818;0;0;13878;0;0;0;0;0;0;0;0;0;0
1670.34;49999946;571443;553335;0;0;13833;0;0;0;0;0;0;0;0;0;0
1672.34;49999946;570805;552334;0;0;13877;0;0;0;0;0;0;0;0;0;0
1674.34;49999946;571077;553510;0;0;13723;0;0;0;0;0;0;0;0;0;0
1676.34;49999946;570141;552873;0;0;13920;0;0;0;0;0;0;0;0;0;0
1678.34;49999946;571661;553063;0;0;14048;0;0;0;0;0;0;0;0;0;0
1680.34;49999946;570690;552877;0;0;13910;0;0;0;0;0;0;0;0;0;0
1682.34;49999945;572002;554300;0;0;13883;0;0;0;0;0;0;0;0;0;0
1684.34;49999945;570045;551849;0;0;13703;0;0;0;0;0;0;0;0;0;0
1686.34;49999945;571811;552254;0;0;14012;0;0;0;0;0;0;0;0;0;0
1688.34;49999946;570815;552595;0;0;13889;0;0;0;0;0;0;0;0;0;0
1690.34;49999946;571510;553099;0;0;13743;0;0;0;0;0;0;0;0;0;0
1692.34;49999946;570221;551538;0;0;13825;0;0;0;0;0;0;0;0;0;0
1694.34;49999945;572038;553818;0;0;14054;0;0;0;0;0;0;0;0;0;0
1696.34;49999945;570781;552632;0;0;13874;0;0;0;0;0;0;0;0;0;0
1698.34;49999945;571907;553029;0;0;14047;0;0;0;0;0;0;0;0;0;0
1700.34;49999945;571126;552308;0;0;14008;0;0;0;0;0;0;0;0;0;0
1702.34;49999945;571237;553633;0;0;13809;0;0;0;0;0;0;0;0;0;0
1704.34;49999945;570490;552753;0;0;13990;0;0;0;0;0;0;0;0;0;0
1706.34;49999945;571663;553309;0;0;13912;0;0;0;0;0;0;0;0;0;0
1708.34;49999945;570254;551481;0;0;13885;0;0;0;0;0;0;0;0;0;0
1710.34;49999945;571867;553721;0;0;13817;0;0;0;0;0;0;0;0;0;0
1712.34;49999945;569642;551987;0;0;13944;0;0;0;0;0;0;0;0;0;0
1714.34;49999945;571413;553729;0;0;13897;0;0;0;0;0;0;0;0;0;0
1716.35;49999945;570368;551710;0;0;13890;0;0;0;0;0;0;0;0;0;0
1718.35;49999946;571856;553448;0;0;13811;0;0;0;0;0;0;0;0;0;0
1720.35;49999946;570351;552273;0;0;13808;0;0;0;0;0;0;0;0;0;0
1722.35;49999946;572291;553518;0;0;13586;0;0;0;0;0;0;0;0;0;0
1724.35;49999946;570023;552292;0;0;13876;0;0;0;0;0;0;0;0;0;0
1726.35;49999945;571267;553853;0;0;13855;0;0;0;0;0;0;0;0;0;0
1728.35;49999945;570279;552727;0;0;13773;0;0;0;0;0;0;0;0;0;0
1730.35;49999945;572509;554173;0;0;13820;0;0;0;0;0;0;0;0;0;0
1732.35;49999945;570237;552320;0;0;13887;0;0;0;0;0;0;0;0;0;0
1734.35;49999945;571735;554107;0;0;13964;0;0;0;0;0;0;0;0;0;0
1736.35;49999945;570369;551256;0;0;13934;0;0;0;0;0;0;0;0;0;0
1738.35;49999946;571603;554340;0;0;14006;0;0;0;0;0;0;0;0;0;0
1740.35;49999946;570677;552117;0;0;13817;0;0;0;0;0;0;0;0;0;0
1742.35;49999945;572376;553821;0;0;13887;0;0;0;0;0;0;0;0;0;0
1744.35;49999945;570736;550934;0;0;13817;0;0;0;0;0;0;0;0;0;0
1746.35;49999945;572434;553324;0;0;14050;0;0;0;0;0;0;0;0;0;0
1748.35;49999945;570015;551126;0;0;13765;0;0;0;0;0;0;0;0;0;0
1750.35;49999945;572319;553514;0;0;13907;0;0;0;0;0;0;0;0;0;0
1752.35;49999945;570170;551155;0;0;13757;0;0;0;0;0;0;0;0;0;0
1754.35;49999946;572578;553273;0;0;14026;0;0;0;0;0;0;0;0;0;0
1756.35;49999946;570504;551679;0;0;13702;0;0;0;0;0;0;0;0;0;0
1758.35;49999946;572117;554062;0;0;13731;0;0;0;0;0;0;0;0;0;0
1760.35;49999946;570520;552544;0;0;13921;0;0;0;0;0;0;0;0;0;0
1762.35;49999946;572254;553741;0;0;13934;0;0;0;0;0;0;0;0;0;0
1764.35;49999946;570658;551791;0;0;13804;0;0;0;0;0;0;0;0;0;0
1766.35;49999946;572791;553942;0;0;13982;0;0;0;0;0;0;0;0;0;0
1768.35;49999945;570078;551870;0;0;14082;0;0;0;0;0;0;0;0;0;0
1770.35;49999945;572233;554151;0;0;14008;0;0;0;0;0;0;0;0;0;0
1772.36;49999945;570258;552295;0;0;13823;0;0;0;0;0;0;0;0;0;0
1774.36;49999945;572237;554432;0;0;13837;0;0;0;0;0;0;0;0;0;0
1776.36;49999945;569728;552587;0;0;13896;0;0;0;0;0;0;0;0;0;0
1778.36;49999946;571883;554437;0;0;14105;0;0;0;0;0;0;0;0;0;0
1780.36;49999946;570010;552006;0;0;14134;0;0;0;0;0;0;0;0;0;0
1782.36;49999945;571501;554222;0;0;14063;0;0;0;0;0;0;0;0;0;0
1784.36;49999946;570520;552198;0;0;13969;0;0;0;0;0;0;0;0;0;0
1786.36;49999946;572250;554233;0;0;13931;0;0;0;0;0;0;0;0;0;0
1788.36;49999946;569810;552223;0;0;13911;0;0;0;0;0;0;0;0;0;0
1790.36;49999946;571406;554195;0;0;13796;0;0;0;0;0;0;0;0;0;0
1792.36;49999946;570099;552179;0;0;13958;0;0;0;0;0;0;0;0;0;0
1794.36;49999946;571984;553572;0;0;14211;0;0;0;0;0;0;0;0;0;0
1796.36;49999945;569889;552249;0;0;13947;0;0;0;0;0;0;0;0;0;0
1798.36;49999945;572088;553982;0;0;14027;0;0;0;0;0;0;0;0;0;0
1800.36;49999945;569726;551554;0;0;13882;0;0;0;0;0;0;0;0;0;0
1802.36;49999945;571408;553376;0;0;14025;0;0;0;0;0;0;0;0;0;0
1804.36;49999946;569878;551585;0;0;13740;0;0;0;0;0;0;0;0;0;0
1806.36;49999946;571409;554057;0;0;13934;0;0;0;0;0;0;0;0;0;0
1808.36;49999946;569759;552518;0;0;13814;0;0;0;0;0;0;0;0;0;0
1810.36;49999945;570942;553519;0;0;14022;0;0;0;0;0;0;0;0;0;0
1812.36;49999945;570365;552191;0;0;14031;0;0;0;0;0;0;0;0;0;0
1814.36;49999946;571133;554106;0;0;13908;0;0;0;0;0;0;0;0;0;0
1816.36;49999946;569475;552527;0;0;13889;0;0;0;0;0;0;0;0;0;0
1818.36;49999945;570888;553107;0;0;13893;0;0;0;0;0;0;0;0;0;0
1820.36;49999946;569850;552281;0;0;13825;0;0;0;0;0;0;0;0;0;0
1822.36;49999946;571315;553467;0;0;13920;0;0;0;0;0;0;0;0;0;0
1824.37;49999945;570511;553225;0;0;14011;0;0;0;0;0;0;0;0;0;0
1826.37;49999945;570311;553093;0;0;13909;0;0;0;0;0;0;0;0;0;0
1828.37;49999945;570486;552206;0;0;13783;0;0;0;0;0;0;0;0;0;0
1830.37;49999946;570353;552430;0;0;14127;0;0;0;0;0;0;0;0;0;0
1832.37;49999946;570720;552992;0;0;13773;0;0;0;0;0;0;0;0;0;0
1834.37;49999946;570645;552847;0;0;13897;0;0;0;0;0;0;0;0;0;0
1836.37;49999945;570571;552839;0;0;13834;0;0;0;0;0;0;0;0;0;0
1838.37;49999946;570582;553344;0;0;13871;0;0;0;0;0;0;0;0;0;0
1840.37;49999945;570755;553087;0;0;14000;0;0;0;0;0;0;0;0;0;0
1842.37;49999945;570485;552591;0;0;14111;0;0;0;0;0;0;0;0;0;0
1844.37;49999945;570868;552943;0;0;13806;0;0;0;0;0;0;0;0;0;0
1846.37;49999945;570330;553011;0;0;13896;0;0;0;0;0;0;0;0;0;0
1848.37;49999946;570641;552113;0;0;13883;0;0;0;0;0;0;0;0;0;0
1850.37;49999945;570310;552445;0;0;14037;0;0;0;0;0;0;0;0;0;0
1852.37;49999945;570445;552702;0;0;13857;0;0;0;0;0;0;0;0;0;0
1854.37;49999945;569948;553119;0;0;14063;0;0;0;0;0;0;0;0;0;0
1856.37;49999945;571155;552917;0;0;13885;0;0;0;0;0;0;0;0;0;0
1858.37;49999945;570454;552953;0;0;13856;0;0;0;0;0;0;0;0;0;0
1860.37;49999945;571072;553252;0;0;13760;0;0;0;0;0;0;0;0;0;0
1862.37;49999945;569933;552499;0;0;13852;0;0;0;0;0;0;0;0;0;0
1864.38;49999945;570612;552441;0;0;13910;0;0;0;0;0;0;0;0;0;0
1866.38;49999945;570738;552967;0;0;13923;0;0;0;0;0;0;0;0;0;0
1868.38;49999946;571155;552801;0;0;13863;0;0;0;0;0;0;0;0;0;0
1870.38;49999945;570367;552295;0;0;13881;0;0;0;0;0;0;0;0;0;0
1872.38;49999946;571444;553809;0;0;14180;0;0;0;0;0;0;0;0;0;0
1874.38;49999946;570108;552245;0;0;14052;0;0;0;0;0;0;0;0;0;0
1876.38;49999946;571598;553038;0;0;14099;0;0;0;0;0;0;0;0;0;0
1878.38;49999946;569973;552357;0;0;13888;0;0;0;0;0;0;0;0;0;0
1880.38;49999946;570976;554024;0;0;13956;0;0;0;0;0;0;0;0;0;0
1882.38;49999946;570617;552417;0;0;13878;0;0;0;0;0;0;0;0;0;0
1884.38;49999946;571204;553268;0;0;13889;0;0;0;0;0;0;0;0;0;0
1886.38;49999946;570104;552576;0;0;14023;0;0;0;0;0;0;0;0;0;0
1888.38;49999946;571736;553866;0;0;13840;0;0;0;0;0;0;0;0;0;0
1890.38;49999946;570479;552391;0;0;13612;0;0;0;0;0;0;0;0;0;0
1892.38;49999946;571884;554148;0;0;13915;0;0;0;0;0;0;0;0;0;0
1894.38;49999946;569462;552268;0;0;13877;0;0;0;0;0;0;0;0;0;0
1896.38;49999946;572303;554373;0;0;13685;0;0;0;0;0;0;0;0;0;0
1898.38;49999946;569639;552284;0;0;14031;0;0;0;0;0;0;0;0;0;0
1900.38;49999946;571498;553878;0;0;13953;0;0;0;0;0;0;0;0;0;0
1902.38;49999945;569041;551109;0;0;13937;0;0;0;0;0;0;0;0;0;0
1904.38;49999945;571446;553339;0;0;13869;0;0;0;0;0;0;0;0;0;0
1906.38;49999946;569249;552086;0;0;13651;0;0;0;0;0;0;0;0;0;0
1908.38;49999946;571071;553211;0;0;13977;0;0;0;0;0;0;0;0;0;0
1910.38;49999946;569155;552602;0;0;13929;0;0;0;0;0;0;0;0;0;0
1912.38;49999946;571872;554086;0;0;13849;0;0;0;0;0;0;0;0;0;0
1914.38;49999946;569872;552202;0;0;13963;0;0;0;0;0;0;0;0;0;0
1916.38;49999946;571679;554050;0;0;13911;0;0;0;0;0;0;0;0;0;0
1918.39;49999945;569862;552693;0;0;13819;0;0;0;0;0;0;0;0;0;0
1920.39;49999946;571655;553498;0;0;13656;0;0;0;0;0;0;0;0;0;0
1922.39;49999946;570229;552209;0;0;13874;0;0;0;0;0;0;0;0;0;0
1924.39;49999946;571752;553955;0;0;14165;0;0;0;0;0;0;0;0;0;0
1926.39;49999946;570229;552073;0;0;13926;0;0;0;0;0;0;0;0;0;0
1928.39;49999946;572122;554440;0;0;13822;0;0;0;0;0;0;0;0;0;0
1930.39;49999945;570411;552558;0;0;14144;0;0;0;0;0;0;0;0;0;0
1932.39;49999946;571795;554370;0;0;14025;0;0;0;0;0;0;0;0;0;0
1934.39;49999945;570921;552781;0;0;13886;0;0;0;0;0;0;0;0;0;0
1936.39;49999946;572418;554516;0;0;14077;0;0;0;0;0;0;0;0;0;0
1938.39;49999946;569521;552746;0;0;13852;0;0;0;0;0;0;0;0;0;0
1940.39;49999946;571830;555008;0;0;13990;0;0;0;0;0;0;0;0;0;0
1942.39;49999946;570260;552924;0;0;13801;0;0;0;0;0;0;0;0;0;0
1944.39;49999946;571860;554377;0;0;14082;0;0;0;0;0;0;0;0;0;0
1946.39;49999946;569724;552466;0;0;14015;0;0;0;0;0;0;0;0;0;0
1948.39;49999945;571785;554475;0;0;14035;0;0;0;0;0;0;0;0;0;0
1950.39;49999945;569342;552156;0;0;13877;0;0;0;0;0;0;0;0;0;0
1952.39;49999945;571344;554268;0;0;13840;0;0;0;0;0;0;0;0;0;0
1954.39;49999945;570475;552271;0;0;13833;0;0;0;0;0;0;0;0;0;0
1956.39;49999945;571480;554115;0;0;13768;0;0;0;0;0;0;0;0;0;0
1958.39;49999945;569951;552153;0;0;13657;0;0;0;0;0;0;0;0;0;0
1960.39;49999945;572055;554086;0;0;14047;0;0;0;0;0;0;0;0;0;0
1962.39;49999945;570090;552744;0;0;14193;0;0;0;0;0;0;0;0;0;0
1964.39;49999945;571897;554542;0;0;13622;0;0;0;0;0;0;0;0;0;0
1966.39;49999946;569665;552619;0;0;13767;0;0;0;0;0;0;0;0;0;0
1968.40;49999946;571831;554348;0;0;14050;0;0;0;0;0;0;0;0;0;0
1970.40;49999946;569821;552054;0;0;13857;0;0;0;0;0;0;0;0;0;0
1972.40;49999945;571714;553964;0;0;13857;0;0;0;0;0;0;0;0;0;0
1974.40;49999946;569673;552610;0;0;13826;0;0;0;0;0;0;0;0;0;0
1976.40;49999946;571448;554250;0;0;13990;0;0;0;0;0;0;0;0;0;0
1978.40;49999945;569837;551965;0;0;14187;0;0;0;0;0;0;0;0;0;0
1980.40;49999945;570815;554642;0;0;14172;0;0;0;0;0;0;0;0;0;0
1982.40;49999945;570096;553007;0;0;13751;0;0;0;0;0;0;0;0;0;0
1984.40;49999945;571109;554479;0;0;13843;0;0;0;0;0;0;0;0;0;0
1986.40;49999945;570313;552531;0;0;13876;0;0;0;0;0;0;0;0;0;0
1988.40;49999945;571811;554879;0;0;14116;0;0;0;0;0;0;0;0;0;0
1990.40;49999945;570644;553475;0;0;14154;0;0;0;0;0;0;0;0;0;0
1992.40;49999945;571392;553800;0;0;13754;0;0;0;0;0;0;0;0;0;0
1994.40;49999945;569951;552925;0;0;13770;0;0;0;0;0;0;0;0;0;0
1996.40;49999945;571640;554830;0;0;14072;0;0;0;0;0;0;0;0;0;0
1998.40;49999945;570368;553105;0;0;14136;0;0;0;0;0;0;0;0;0;0
2000.40;49999945;571085;553928;0;0;13982;0;0;0;0;0;0;0;0;0;0
2002.40;49999945;570003;553011;0;0;14068;0;0;0;0;0;0;0;0;0;0
2004.40;49999945;571541;553306;0;0;13784;0;0;0;0;0;0;0;0;0;0
2006.40;49999946;570486;552705;0;0;13678;0;0;0;0;0;0;0;0;0;0
2008.40;49999945;570407;553115;0;0;13928;0;0;0;0;0;0;0;0;0;0
2010.40;49999946;570314;554203;0;0;13960;0;0;0;0;0;0;0;0;0;0
2012.40;49999945;571021;554058;0;0;13699;0;0;0;0;0;0;0;0;0;0
2014.40;49999945;570349;553076;0;0;14003;0;0;0;0;0;0;0;0;0;0
2016.40;49999945;570850;552944;0;0;14012;0;0;0;0;0;0;0;0;0;0
2018.40;49999945;570463;552708;0;0;13803;0;0;0;0;0;0;0;0;0;0
2020.41;49999945;570738;553625;0;0;13739;0;0;0;0;0;0;0;0;0;0
2022.41;49999945;570348;552957;0;0;13920;0;0;0;0;0;0;0;0;0;0
2024.41;49999945;570379;553761;0;0;13949;0;0;0;0;0;0;0;0;0;0
2026.41;49999945;570497;553126;0;0;13727;0;0;0;0;0;0;0;0;0;0
2028.41;49999945;570451;553810;0;0;14121;0;0;0;0;0;0;0;0;0;0
2030.41;49999945;570927;553082;0;0;13673;0;0;0;0;0;0;0;0;0;0
2032.41;49999945;570368;553758;0;0;13777;0;0;0;0;0;0;0;0;0;0
2034.41;49999945;570857;553279;0;0;13665;0;0;0;0;0;0;0;0;0;0
2036.41;49999945;570673;553512;0;0;13864;0;0;0;0;0;0;0;0;0;0
2038.41;49999945;570417;553319;0;0;14077;0;0;0;0;0;0;0;0;0;0
2040.41;49999946;570986;553741;0;0;13783;0;0;0;0;0;0;0;0;0;0
2042.41;49999946;570897;553501;0;0;13973;0;0;0;0;0;0;0;0;0;0
2044.41;49999946;570556;552831;0;0;13971;0;0;0;0;0;0;0;0;0;0
2046.41;49999946;571062;553565;0;0;14107;0;0;0;0;0;0;0;0;0;0
2048.41;49999946;569954;553202;0;0;13697;0;0;0;0;0;0;0;0;0;0
2050.41;49999946;570716;553989;0;0;14084;0;0;0;0;0;0;0;0;0;0
2052.41;49999946;570413;552772;0;0;13950;0;0;0;0;0;0;0;0;0;0
2054.41;49999946;570526;553538;0;0;13875;0;0;0;0;0;0;0;0;0;0
2056.41;49999946;570801;552775;0;0;13865;0;0;0;0;0;0;0;0;0;0
2058.41;49999946;570604;553379;0;0;13923;0;0;0;0;0;0;0;0;0;0
2060.41;49999946;569826;552052;0;0;13853;0;0;0;0;0;0;0;0;0;0
2062.41;49999946;570755;553119;0;0;13808;0;0;0;0;0;0;0;0;0;0
2064.41;49999946;569403;552539;0;0;13869;0;0;0;0;0;0;0;0;0;0
2066.41;49999945;570394;553667;0;0;13730;0;0;0;0;0;0;0;0;0;0
2068.41;49999946;570340;551981;0;0;13681;0;0;0;0;0;0;0;0;0;0
2070.41;49999945;571126;552958;0;0;13800;0;0;0;0;0;0;0;0;0;0
2072.42;49999945;569435;552180;0;0;13837;0;0;0;0;0;0;0;0;0;0
2074.42;49999945;571712;553397;0;0;13966;0;0;0;0;0;0;0;0;0;0
2076.42;49999945;569272;552171;0;0;13746;0;0;0;0;0;0;0;0;0;0
2078.42;49999945;571192;554564;0;0;14018;0;0;0;0;0;0;0;0;0;0
2080.42;49999945;570047;551875;0;0;14009;0;0;0;0;0;0;0;0;0;0
2082.42;49999945;571586;554667;0;0;14032;0;0;0;0;0;0;0;0;0;0
2084.42;49999945;569444;552320;0;0;13984;0;0;0;0;0;0;0;0;0;0
2086.42;49999945;571348;553417;0;0;13882;0;0;0;0;0;0;0;0;0;0
2088.42;49999945;568898;552195;0;0;13807;0;0;0;0;0;0;0;0;0;0
2090.42;49999945;571294;553823;0;0;14006;0;0;0;0;0;0;0;0;0;0
2092.42;49999945;569962;552369;0;0;14001;0;0;0;0;0;0;0;0;0;0
2094.42;49999945;571297;554325;0;0;13971;0;0;0;0;0;0;0;0;0;0
2096.42;49999946;569349;552335;0;0;13827;0;0;0;0;0;0;0;0;0;0
2098.42;49999945;571470;554040;0;0;13962;0;0;0;0;0;0;0;0;0;0
2100.42;49999945;569209;551931;0;0;14060;0;0;0;0;0;0;0;0;0;0
2102.42;49999945;570624;554065;0;0;13714;0;0;0;0;0;0;0;0;0;0
2104.42;49999945;569446;552298;0;0;13669;0;0;0;0;0;0;0;0;0;0
2106.42;49999945;571303;554737;0;0;13862;0;0;0;0;0;0;0;0;0;0
2108.42;49999945;569481;551585;0;0;13979;0;0;0;0;0;0;0;0;0;0
2110.42;49999945;570994;553816;0;0;13928;0;0;0;0;0;0;0;0;0;0
2112.42;49999946;569901;551913;0;0;13964;0;0;0;0;0;0;0;0;0;0
2114.43;49999946;571425;553854;0;0;14138;0;0;0;0;0;0;0;0;0;0
2116.43;49999946;570247;552345;0;0;13656;0;0;0;0;0;0;0;0;0;0
2118.43;49999946;571110;554246;0;0;13942;0;0;0;0;0;0;0;0;0;0
2120.43;49999946;569800;553021;0;0;13914;0;0;0;0;0;0;0;0;0;0
2122.43;49999946;571630;554016;0;0;14126;0;0;0;0;0;0;0;0;0;0
2124.43;49999946;569567;552042;0;0;14081;0;0;0;0;0;0;0;0;0;0
2126.43;49999946;570788;554137;0;0;13976;0;0;0;0;0;0;0;0;0;0
2128.43;49999946;569027;551413;0;0;14006;0;0;0;0;0;0;0;0;0;0
2130.43;49999945;571249;553750;0;0;13768;0;0;0;0;0;0;0;0;0;0
2132.43;49999946;570003;552131;0;0;13848;0;0;0;0;0;0;0;0;0;0
2134.43;49999946;571181;553682;0;0;14200;0;0;0;0;0;0;0;0;0;0
2136.43;49999946;569504;551317;0;0;13789;0;0;0;0;0;0;0;0;0;0
2138.43;49999946;571050;553519;0;0;13818;0;0;0;0;0;0;0;0;0;0
2140.43;49999945;570124;551708;0;0;13738;0;0;0;0;0;0;0;0;0;0
2142.43;49999946;571634;553420;0;0;14106;0;0;0;0;0;0;0;0;0;0
2144.43;49999945;569728;551843;0;0;14020;0;0;0;0;0;0;0;0;0;0
2146.43;49999946;571393;553142;0;0;14013;0;0;0;0;0;0;0;0;0;0
2148.43;49999946;569546;551969;0;0;13908;0;0;0;0;0;0;0;0;0;0
2150.43;49999946;571662;554219;0;0;13754;0;0;0;0;0;0;0;0;0;0
2152.43;49999946;569480;552228;0;0;13956;0;0;0;0;0;0;0;0;0;0
2154.43;49999946;571260;552883;0;0;13774;0;0;0;0;0;0;0;0;0;0
2156.43;49999945;569651;551560;0;0;13891;0;0;0;0;0;0;0;0;0;0
2158.43;49999945;571370;553060;0;0;14013;0;0;0;0;0;0;0;0;0;0
2160.44;49999945;569224;552238;0;0;13870;0;0;0;0;0;0;0;0;0;0
2162.44;49999945;571460;553204;0;0;13943;0;0;0;0;0;0;0;0;0;0
2164.44;49999945;568419;551325;0;0;13973;0;0;0;0;0;0;0;0;0;0
2166.44;49999946;570913;553554;0;0;14002;0;0;0;0;0;0;0;0;0;0
2168.44;49999945;569935;552372;0;0;13835;0;0;0;0;0;0;0;0;0;0
2170.44;49999946;570903;553626;0;0;14035;0;0;0;0;0;0;0;0;0;0
2172.44;49999946;569005;551518;0;0;14041;0;0;0;0;0;0;0;0;0;0
2174.44;49999946;571302;553765;0;0;13898;0;0;0;0;0;0;0;0;0;0
2176.44;49999946;570338;552327;0;0;13987;0;0;0;0;0;0;0;0;0;0
2178.44;49999946;570523;553324;0;0;14059;0;0;0;0;0;0;0;0;0;0
2180.44;49999946;570484;552495;0;0;13861;0;0;0;0;0;0;0;0;0;0
2182.44;49999946;570785;553125;0;0;13813;0;0;0;0;0;0;0;0;0;0
2184.44;49999945;569749;553012;0;0;13732;0;0;0;0;0;0;0;0;0;0
2186.44;49999946;570933;553728;0;0;13828;0;0;0;0;0;0;0;0;0;0
2188.44;49999945;569579;552415;0;0;13765;0;0;0;0;0;0;0;0;0;0
2190.44;49999946;570395;554039;0;0;13945;0;0;0;0;0;0;0;0;0;0
2192.44;49999946;569298;551986;0;0;13669;0;0;0;0;0;0;0;0;0;0
2194.44;49999945;571370;553215;0;0;13980;0;0;0;0;0;0;0;0;0;0
2196.44;49999946;569681;551892;0;0;13680;0;0;0;0;0;0;0;0;0;0
2198.44;49999946;570657;553289;0;0;13961;0;0;0;0;0;0;0;0;0;0
2200.44;49999945;569706;552848;0;0;13958;0;0;0;0;0;0;0;0;0;0
2202.44;49999945;571538;553782;0;0;13846;0;0;0;0;0;0;0;0;0;0
2204.44;49999945;569829;552525;0;0;13922;0;0;0;0;0;0;0;0;0;0
2206.45;49999945;571501;553216;0;0;13882;0;0;0;0;0;0;0;0;0;0
2208.45;49999945;569963;552375;0;0;13929;0;0;0;0;0;0;0;0;0;0
2210.45;49999945;571045;553507;0;0;13850;0;0;0;0;0;0;0;0;0;0
2212.45;49999945;569945;552465;0;0;13696;0;0;0;0;0;0;0;0;0;0
2214.45;49999945;571080;553215;0;0;13936;0;0;0;0;0;0;0;0;0;0
2216.45;49999946;569941;552558;0;0;13931;0;0;0;0;0;0;0;0;0;0
2218.45;49999946;571030;553574;0;0;14068;0;0;0;0;0;0;0;0;0;0
2220.45;49999946;570301;553117;0;0;14067;0;0;0;0;0;0;0;0;0;0
2222.45;49999945;571221;553453;0;0;13913;0;0;0;0;0;0;0;0;0;0
2224.45;49999946;569892;553139;0;0;14003;0;0;0;0;0;0;0;0;0;0
2226.45;49999945;570947;553038;0;0;13956;0;0;0;0;0;0;0;0;0;0
2228.45;49999946;569929;552992;0;0;13946;0;0;0;0;0;0;0;0;0;0
2230.45;49999946;570149;552589;0;0;13863;0;0;0;0;0;0;0;0;0;0
2232.45;49999945;570871;552553;0;0;13781;0;0;0;0;0;0;0;0;0;0
2234.45;49999946;570748;551981;0;0;13634;0;0;0;0;0;0;0;0;0;0
2236.45;49999946;570972;552674;0;0;13908;0;0;0;0;0;0;0;0;0;0
2238.45;49999946;570766;553499;0;0;14112;0;0;0;0;0;0;0;0;0;0
2240.45;49999946;571271;553220;0;0;13999;0;0;0;0;0;0;0;0;0;0
2242.45;49999946;570291;553018;0;0;13809;0;0;0;0;0;0;0;0;0;0
2244.45;49999945;571731;553974;0;0;14008;0;0;0;0;0;0;0;0;0;0
2246.45;49999946;570551;552852;0;0;14017;0;0;0;0;0;0;0;0;0;0
2248.45;49999946;571735;552644;0;0;14139;0;0;0;0;0;0;0;0;0;0
2250.45;49999946;570298;552628;0;0;14064;0;0;0;0;0;0;0;0;0;0
2252.45;49999946;571354;554108;0;0;13882;0;0;0;0;0;0;0;0;0;0
2254.45;49999946;569698;553092;0;0;13831;0;0;0;0;0;0;0;0;0;0
2256.45;49999946;570779;553858;0;0;13785;0;0;0;0;0;0;0;0;0;0
2258.46;49999946;569414;553253;0;0;14004;0;0;0;0;0;0;0;0;0;0
2260.46;49999946;571757;554119;0;0;13983;0;0;0;0;0;0;0;0;0;0
2262.46;49999946;569973;551985;0;0;13801;0;0;0;0;0;0;0;0;0;0
2264.46;49999946;571708;553619;0;0;14089;0;0;0;0;0;0;0;0;0;0
2266.46;49999946;569885;551569;0;0;13714;0;0;0;0;0;0;0;0;0;0
2268.46;49999946;572070;553160;0;0;14012;0;0;0;0;0;0;0;0;0;0
2270.46;49999946;569490;551675;0;0;14055;0;0;0;0;0;0;0;0;0;0
2272.46;49999946;571276;553560;0;0;13723;0;0;0;0;0;0;0;0;0;0
2274.46;49999946;570266;551894;0;0;13846;0;0;0;0;0;0;0;0;0;0
2276.46;49999946;571472;553998;0;0;13900;0;0;0;0;0;0;0;0;0;0
2278.46;49999945;570300;552583;0;0;14127;0;0;0;0;0;0;0;0;0;0
2280.46;49999945;571622;553799;0;0;13975;0;0;0;0;0;0;0;0;0;0
2282.46;49999945;569422;551706;0;0;13858;0;0;0;0;0;0;0;0;0;0
2284.46;49999946;571775;553937;0;0;13933;0;0;0;0;0;0;0;0;0;0
2286.46;49999946;569803;551935;0;0;13756;0;0;0;0;0;0;0;0;0;0
2288.46;49999946;571590;554067;0;0;13847;0;0;0;0;0;0;0;0;0;0
2290.46;49999945;569837;552445;0;0;13993;0;0;0;0;0;0;0;0;0;0
2292.46;49999945;571479;553266;0;0;13777;0;0;0;0;0;0;0;0;0;0
2294.46;49999945;569749;552522;0;0;13895;0;0;0;0;0;0;0;0;0;0
2296.46;49999945;571365;553449;0;0;13837;0;0;0;0;0;0;0;0;0;0
2298.46;49999945;570268;552185;0;0;13890;0;0;0;0;0;0;0;0;0;0
2300.46;49999945;570565;553693;0;0;13600;0;0;0;0;0;0;0;0;0;0
2302.46;49999945;568979;550900;0;0;13908;0;0;0;0;0;0;0;0;0;0
2304.46;49999945;570737;553594;0;0;13973;0;0;0;0;0;0;0;0;0;0
2306.46;49999945;568748;550886;0;0;13829;0;0;0;0;0;0;0;0;0;0
2308.46;49999945;571071;553045;0;0;13913;0;0;0;0;0;0;0;0;0;0
2310.46;49999945;569152;551926;0;0;13854;0;0;0;0;0;0;0;0;0;0
2312.46;49999945;571285;553601;0;0;13700;0;0;0;0;0;0;0;0;0;0
2314.47;49999946;569849;551552;0;0;13691;0;0;0;0;0;0;0;0;0;0
2316.47;49999946;571492;553723;0;0;14033;0;0;0;0;0;0;0;0;0;0
2318.47;49999946;569380;552114;0;0;13902;0;0;0;0;0;0;0;0;0;0
2320.47;49999946;570685;553595;0;0;13923;0;0;0;0;0;0;0;0;0;0
2322.47;49999946;568584;551100;0;0;13793;0;0;0;0;0;0;0;0;0;0
2324.47;49999946;571473;552951;0;0;13738;0;0;0;0;0;0;0;0;0;0
2326.47;49999946;569596;551439;0;0;14053;0;0;0;0;0;0;0;0;0;0
2328.47;49999946;571480;553671;0;0;13794;0;0;0;0;0;0;0;0;0;0
2330.47;49999946;569421;551658;0;0;14016;0;0;0;0;0;0;0;0;0;0
2332.47;49999946;571432;553832;0;0;13933;0;0;0;0;0;0;0;0;0;0
2334.47;49999946;568886;551206;0;0;13847;0;0;0;0;0;0;0;0;0;0
2336.47;49999945;571322;553148;0;0;13836;0;0;0;0;0;0;0;0;0;0
2338.47;49999945;569340;551636;0;0;13911;0;0;0;0;0;0;0;0;0;0
2340.47;49999945;570991;553403;0;0;13913;0;0;0;0;0;0;0;0;0;0
2342.47;49999945;569587;551408;0;0;14046;0;0;0;0;0;0;0;0;0;0
2344.47;49999946;571077;553873;0;0;13886;0;0;0;0;0;0;0;0;0;0
2346.47;49999946;569388;551629;0;0;13870;0;0;0;0;0;0;0;0;0;0
2348.47;49999946;570960;553508;0;0;13978;0;0;0;0;0;0;0;0;0;0
2350.47;49999945;569478;551432;0;0;13859;0;0;0;0;0;0;0;0;0;0
2352.47;49999946;571349;552953;0;0;14031;0;0;0;0;0;0;0;0;0;0
2354.47;49999945;569130;551187;0;0;13713;0;0;0;0;0;0;0;0;0;0
2356.47;49999945;571778;553766;0;0;13831;0;0;0;0;0;0;0;0;0;0
2358.48;49999945;569626;551918;0;0;13992;0;0;0;0;0;0;0;0;0;0
2360.48;49999945;571853;553666;0;0;13873;0;0;0;0;0;0;0;0;0;0
2362.48;49999945;569867;551730;0;0;13848;0;0;0;0;0;0;0;0;0;0
2364.48;49999945;571122;553671;0;0;13794;0;0;0;0;0;0;0;0;0;0
2366.48;49999945;568989;551987;0;0;13911;0;0;0;0;0;0;0;0;0;0
2368.48;49999945;571968;553561;0;0;13821;0;0;0;0;0;0;0;0;0;0
2370.48;49999945;569499;551557;0;0;13936;0;0;0;0;0;0;0;0;0;0
2372.48;49999945;571462;553115;0;0;13925;0;0;0;0;0;0;0;0;0;0
2374.48;49999945;569078;551103;0;0;13763;0;0;0;0;0;0;0;0;0;0
2376.48;49999946;571062;553120;0;0;13842;0;0;0;0;0;0;0;0;0;0
2378.48;49999946;568993;551464;0;0;13788;0;0;0;0;0;0;0;0;0;0
2380.48;49999945;570561;553318;0;0;13961;0;0;0;0;0;0;0;0;0;0
2382.48;49999945;570130;550906;0;0;13742;0;0;0;0;0;0;0;0;0;0
2384.48;49999946;571032;552556;0;0;13962;0;0;0;0;0;0;0;0;0;0
2386.48;49999946;569667;551700;0;0;13859;0;0;0;0;0;0;0;0;0;0
2388.48;49999946;571029;552873;0;0;14008;0;0;0;0;0;0;0;0;0;0
2390.48;49999945;570144;552065;0;0;13941;0;0;0;0;0;0;0;0;0;0
2392.49;49999946;570921;553504;0;0;14016;0;0;0;0;0;0;0;0;0;0
2394.49;49999946;570206;552310;0;0;13888;0;0;0;0;0;0;0;0;0;0
2396.49;49999945;570359;552476;0;0;13723;0;0;0;0;0;0;0;0;0;0
2398.49;49999946;570137;552409;0;0;13783;0;0;0;0;0;0;0;0;0;0
2400.49;49999945;570639;552838;0;0;13961;0;0;0;0;0;0;0;0;0;0
2402.49;49999946;569754;551827;0;0;13839;0;0;0;0;0;0;0;0;0;0
2404.49;49999945;570479;552265;0;0;13873;0;0;0;0;0;0;0;0;0;0
2406.49;49999945;570291;552372;0;0;13987;0;0;0;0;0;0;0;0;0;0
2408.49;49999945;570680;552429;0;0;13900;0;0;0;0;0;0;0;0;0;0
2410.49;49999945;570164;551802;0;0;13904;0;0;0;0;0;0;0;0;0;0
2412.49;49999945;570488;552428;0;0;13729;0;0;0;0;0;0;0;0;0;0
2414.49;49999945;570423;552425;0;0;13680;0;0;0;0;0;0;0;0;0;0
2416.49;49999945;570007;552374;0;0;13906;0;0;0;0;0;0;0;0;0;0
2418.49;49999945;570546;552106;0;0;13893;0;0;0;0;0;0;0;0;0;0
2420.49;49999945;570913;551959;0;0;13910;0;0;0;0;0;0;0;0;0;0
2422.49;49999945;570854;552741;0;0;13807;0;0;0;0;0;0;0;0;0;0
2424.49;49999945;569889;552961;0;0;13979;0;0;0;0;0;0;0;0;0;0
2426.49;49999945;570380;552699;0;0;13936;0;0;0;0;0;0;0;0;0;0
2428.49;49999945;570729;552246;0;0;13909;0;0;0;0;0;0;0;0;0;0
2430.49;49999945;570722;553025;0;0;13888;0;0;0;0;0;0;0;0;0;0
2432.49;49999945;569959;551815;0;0;13809;0;0;0;0;0;0;0;0;0;0
2434.49;49999945;570624;552304;0;0;13681;0;0;0;0;0;0;0;0;0;0
2436.49;49999945;570399;551989;0;0;13850;0;0;0;0;0;0;0;0;0;0
2438.49;49999945;571440;553350;0;0;13912;0;0;0;0;0;0;0;0;0;0
2440.49;49999945;570312;552069;0;0;13763;0;0;0;0;0;0;0;0;0;0
2442.49;49999945;571268;552404;0;0;13840;0;0;0;0;0;0;0;0;0;0
2444.50;49999946;570108;552011;0;0;13773;0;0;0;0;0;0;0;0;0;0
2446.50;49999946;571765;553657;0;0;13851;0;0;0;0;0;0;0;0;0;0
2448.50;49999946;569767;551795;0;0;14043;0;0;0;0;0;0;0;0;0;0
2450.50;49999945;571556;554114;0;0;14122;0;0;0;0;0;0;0;0;0;0
2452.50;49999946;569983;551822;0;0;13823;0;0;0;0;0;0;0;0;0;0
2454.50;49999946;571263;553801;0;0;14006;0;0;0;0;0;0;0;0;0;0
2456.50;49999945;569494;551756;0;0;14018;0;0;0;0;0;0;0;0;0;0
2458.50;49999946;571471;554301;0;0;14085;0;0;0;0;0;0;0;0;0;0
2460.50;49999945;569677;551902;0;0;14002;0;0;0;0;0;0;0;0;0;0
2462.50;49999945;571550;554049;0;0;14041;0;0;0;0;0;0;0;0;0;0
2464.50;49999945;569138;551679;0;0;13695;0;0;0;0;0;0;0;0;0;0
2466.50;49999945;571643;554026;0;0;14092;0;0;0;0;0;0;0;0;0;0
2468.50;49999945;569267;551513;0;0;13838;0;0;0;0;0;0;0;0;0;0
2470.50;49999945;571534;553753;0;0;13992;0;0;0;0;0;0;0;0;0;0
2472.50;49999945;569262;551529;0;0;13984;0;0;0;0;0;0;0;0;0;0
2474.50;49999945;571220;553584;0;0;13956;0;0;0;0;0;0;0;0;0;0
2476.50;49999945;569754;551801;0;0;13767;0;0;0;0;0;0;0;0;0;0
2478.50;49999946;571355;553588;0;0;14060;0;0;0;0;0;0;0;0;0;0
2480.50;49999945;568831;551147;0;0;13956;0;0;0;0;0;0;0;0;0;0
2482.50;49999945;571543;553535;0;0;14016;0;0;0;0;0;0;0;0;0;0
2484.50;49999946;569461;551598;0;0;13810;0;0;0;0;0;0;0;0;0;0
2486.50;49999946;571473;553330;0;0;13979;0;0;0;0;0;0;0;0;0;0
2488.50;49999946;569689;551671;0;0;13892;0;0;0;0;0;0;0;0;0;0
2490.50;49999945;572637;554726;0;0;13971;0;0;0;0;0;0;0;0;0;0
2492.50;49999945;571341;553644;0;0;13883;0;0;0;0;0;0;0;0;0;0
2494.50;49999945;572530;554578;0;0;13907;0;0;0;0;0;0;0;0;0;0
2496.50;49999945;571393;553474;0;0;14044;0;0;0;0;0;0;0;0;0;0
2498.50;49999946;572950;554450;0;0;14047;0;0;0;0;0;0;0;0;0;0
2500.50;49999945;571681;553604;0;0;14028;0;0;0;0;0;0;0;0;0;0
2502.50;49999945;573241;555141;0;0;13892;0;0;0;0;0;0;0;0;0;0
2504.50;49999945;571694;553776;0;0;14039;0;0;0;0;0;0;0;0;0;0
2506.51;49999945;572986;555828;0;0;13852;0;0;0;0;0;0;0;0;0;0
2508.51;49999945;572331;553463;0;0;13750;0;0;0;0;0;0;0;0;0;0
2510.51;49999945;572540;554642;0;0;13856;0;0;0;0;0;0;0;0;0;0
2512.51;49999945;571503;553248;0;0;14058;0;0;0;0;0;0;0;0;0;0
2514.51;49999945;572667;554661;0;0;13934;0;0;0;0;0;0;0;0;0;0
2516.51;49999946;571587;553165;0;0;14124;0;0;0;0;0;0;0;0;0;0
2518.51;49999946;572554;554583;0;0;14014;0;0;0;0;0;0;0;0;0;0
2520.51;49999946;571976;552969;0;0;13906;0;0;0;0;0;0;0;0;0;0
2522.51;49999946;572620;555059;0;0;13916;0;0;0;0;0;0;0;0;0;0
2524.51;49999946;571375;554057;0;0;14036;0;0;0;0;0;0;0;0;0;0
2526.51;49999946;572562;555489;0;0;13903;0;0;0;0;0;0;0;0;0;0
2528.51;49999946;571494;553781;0;0;13970;0;0;0;0;0;0;0;0;0;0
2530.51;49999946;573106;555149;0;0;13809;0;0;0;0;0;0;0;0;0;0
2532.51;49999946;571810;553077;0;0;13921;0;0;0;0;0;0;0;0;0;0
2534.51;49999946;572530;554564;0;0;13871;0;0;0;0;0;0;0;0;0;0
2536.51;49999946;571438;553506;0;0;14043;0;0;0;0;0;0;0;0;0;0
2538.51;49999946;572903;555323;0;0;13887;0;0;0;0;0;0;0;0;0;0
2540.51;49999945;571659;553288;0;0;13804;0;0;0;0;0;0;0;0;0;0
2542.51;49999945;572515;554133;0;0;13963;0;0;0;0;0;0;0;0;0;0
2544.51;49999945;571002;553516;0;0;13913;0;0;0;0;0;0;0;0;0;0
2546.51;49999945;572635;554639;0;0;13982;0;0;0;0;0;0;0;0;0;0
2548.51;49999945;571399;553736;0;0;13986;0;0;0;0;0;0;0;0;0;0
2550.51;49999945;571476;553441;0;0;13748;0;0;0;0;0;0;0;0;0;0
2552.51;49999945;569742;552413;0;0;14013;0;0;0;0;0;0;0;0;0;0
2554.51;49999945;571598;553429;0;0;13798;0;0;0;0;0;0;0;0;0;0
2556.51;49999945;569979;551706;0;0;14008;0;0;0;0;0;0;0;0;0;0
2558.51;49999945;571577;554182;0;0;13852;0;0;0;0;0;0;0;0;0;0
2560.51;49999946;569847;552495;0;0;13801;0;0;0;0;0;0;0;0;0;0
2562.52;49999945;571741;554105;0;0;13942;0;0;0;0;0;0;0;0;0;0
2564.52;49999945;569813;552015;0;0;13796;0;0;0;0;0;0;0;0;0;0
2566.52;49999946;571149;553036;0;0;13899;0;0;0;0;0;0;0;0;0;0
2568.52;49999946;570435;551941;0;0;13945;0;0;0;0;0;0;0;0;0;0
2570.52;49999946;571184;553147;0;0;13861;0;0;0;0;0;0;0;0;0;0
2572.52;49999946;569403;552313;0;0;13958;0;0;0;0;0;0;0;0;0;0
2574.52;49999946;571441;553146;0;0;13962;0;0;0;0;0;0;0;0;0;0
2576.52;49999946;570013;551716;0;0;13941;0;0;0;0;0;0;0;0;0;0
2578.52;49999946;571274;553496;0;0;14107;0;0;0;0;0;0;0;0;0;0
2580.52;49999946;570107;552592;0;0;13760;0;0;0;0;0;0;0;0;0;0
2582.52;49999945;570299;552691;0;0;13852;0;0;0;0;0;0;0;0;0;0
2584.52;49999946;570020;552770;0;0;13822;0;0;0;0;0;0;0;0;0;0
2586.52;49999946;570576;552607;0;0;13833;0;0;0;0;0;0;0;0;0;0
2588.52;49999945;570282;552116;0;0;13914;0;0;0;0;0;0;0;0;0;0
2590.52;49999945;570568;552823;0;0;13981;0;0;0;0;0;0;0;0;0;0
2592.52;49999945;571375;552662;0;0;13797;0;0;0;0;0;0;0;0;0;0
2594.52;49999945;570236;552262;0;0;13777;0;0;0;0;0;0;0;0;0;0
2596.52;49999945;570113;552183;0;0;13781;0;0;0;0;0;0;0;0;0;0
2598.52;49999945;570620;552718;0;0;13852;0;0;0;0;0;0;0;0;0;0
2600.52;49999945;570715;552685;0;0;13982;0;0;0;0;0;0;0;0;0;0
2602.52;49999945;570182;553350;0;0;13990;0;0;0;0;0;0;0;0;0;0
2604.52;49999945;570580;552959;0;0;14012;0;0;0;0;0;0;0;0;0;0
2606.52;49999945;570978;553085;0;0;13926;0;0;0;0;0;0;0;0;0;0
2608.52;49999945;570364;553148;0;0;14010;0;0;0;0;0;0;0;0;0;0
2610.52;49999945;570737;552450;0;0;13949;0;0;0;0;0;0;0;0;0;0
2612.52;49999945;570759;553019;0;0;13883;0;0;0;0;0;0;0;0;0;0
2614.52;49999945;570220;553006;0;0;14057;0;0;0;0;0;0;0;0;0;0
2616.52;49999946;571334;553300;0;0;13988;0;0;0;0;0;0;0;0;0;0
2618.53;49999945;570196;552621;0;0;14037;0;0;0;0;0;0;0;0;0;0
2620.53;49999945;571379;553626;0;0;13860;0;0;0;0;0;0;0;0;0;0
2622.53;49999945;570544;552683;0;0;13865;0;0;0;0;0;0;0;0;0;0
2624.53;49999945;571194;553662;0;0;13965;0;0;0;0;0;0;0;0;0;0
2626.53;49999945;570387;552340;0;0;13969;0;0;0;0;0;0;0;0;0;0
2628.53;49999946;571601;553484;0;0;13859;0;0;0;0;0;0;0;0;0;0
2630.53;49999946;570216;552645;0;0;13779;0;0;0;0;0;0;0;0;0;0
2632.53;49999946;571160;554069;0;0;14032;0;0;0;0;0;0;0;0;0;0
2634.53;49999946;569617;552053;0;0;14104;0;0;0;0;0;0;0;0;0;0
2636.53;49999946;571575;554309;0;0;14132;0;0;0;0;0;0;0;0;0;0
2638.53;49999946;569775;551331;0;0;13818;0;0;0;0;0;0;0;0;0;0
2640.53;49999946;571075;554219;0;0;13812;0;0;0;0;0;0;0;0;0;0
2642.53;49999946;569081;551852;0;0;13816;0;0;0;0;0;0;0;0;0;0
2644.53;49999946;571025;553653;0;0;13701;0;0;0;0;0;0;0;0;0;0
2646.53;49999945;569241;551317;0;0;13744;0;0;0;0;0;0;0;0;0;0
2648.53;49999945;571023;553486;0;0;14055;0;0;0;0;0;0;0;0;0;0
2650.53;49999945;569488;551730;0;0;13893;0;0;0;0;0;0;0;0;0;0
2652.53;49999945;571168;554022;0;0;13784;0;0;0;0;0;0;0;0;0;0
2654.53;49999945;569347;551197;0;0;13969;0;0;0;0;0;0;0;0;0;0
2656.53;49999945;570918;553544;0;0;13601;0;0;0;0;0;0;0;0;0;0
2658.53;49999946;568815;551912;0;0;13793;0;0;0;0;0;0;0;0;0;0
2660.53;49999945;570621;553396;0;0;13929;0;0;0;0;0;0;0;0;0;0
2662.53;49999945;569480;551377;0;0;13857;0;0;0;0;0;0;0;0;0;0
2664.53;49999945;571025;553300;0;0;14080;0;0;0;0;0;0;0;0;0;0
2666.53;49999946;568499;551932;0;0;13833;0;0;0;0;0;0;0;0;0;0
2668.53;49999945;571167;554111;0;0;13984;0;0;0;0;0;0;0;0;0;0
2670.53;49999946;569246;551344;0;0;13823;0;0;0;0;0;0;0;0;0;0
2672.53;49999946;571176;553523;0;0;13685;0;0;0;0;0;0;0;0;0;0
2674.54;49999946;569276;552249;0;0;13816;0;0;0;0;0;0;0;0;0;0
2676.54;49999946;570973;554544;0;0;13953;0;0;0;0;0;0;0;0;0;0
2678.54;49999945;568989;553041;0;0;14059;0;0;0;0;0;0;0;0;0;0
2680.54;49999945;571518;553622;0;0;13818;0;0;0;0;0;0;0;0;0;0
2682.54;49999946;569330;552034;0;0;14029;0;0;0;0;0;0;0;0;0;0
2684.54;49999945;571249;553810;0;0;13879;0;0;0;0;0;0;0;0;0;0
2686.54;49999946;568972;552226;0;0;14070;0;0;0;0;0;0;0;0;0;0
2688.54;49999946;570886;553918;0;0;13850;0;0;0;0;0;0;0;0;0;0
2690.54;49999945;569257;551702;0;0;13736;0;0;0;0;0;0;0;0;0;0
2692.54;49999946;571067;553984;0;0;13654;0;0;0;0;0;0;0;0;0;0
2694.54;49999946;569322;551732;0;0;13784;0;0;0;0;0;0;0;0;0;0
2696.54;49999945;570880;553565;0;0;13885;0;0;0;0;0;0;0;0;0;0
2698.54;49999946;569832;551641;0;0;14014;0;0;0;0;0;0;0;0;0;0
2700.54;49999946;571134;553046;0;0;13951;0;0;0;0;0;0;0;0;0;0
2702.54;49999946;569478;551912;0;0;13969;0;0;0;0;0;0;0;0;0;0
2704.54;49999945;571147;553674;0;0;13823;0;0;0;0;0;0;0;0;0;0
2706.54;49999946;569102;551623;0;0;13789;0;0;0;0;0;0;0;0;0;0
2708.54;49999946;571471;554335;0;0;13915;0;0;0;0;0;0;0;0;0;0
2710.54;49999946;569452;552391;0;0;14126;0;0;0;0;0;0;0;0;0;0
2712.54;49999946;571227;554136;0;0;13836;0;0;0;0;0;0;0;0;0;0
2714.54;49999946;569140;552377;0;0;13998;0;0;0;0;0;0;0;0;0;0
2716.54;49999945;571947;553697;0;0;14009;0;0;0;0;0;0;0;0;0;0
2718.54;49999946;569952;552609;0;0;13991;0;0;0;0;0;0;0;0;0;0
2720.54;49999946;571403;553822;0;0;14020;0;0;0;0;0;0;0;0;0;0
2722.55;49999946;569292;551734;0;0;14362;0;0;0;0;0;0;0;0;0;0
2724.55;49999946;571348;553696;0;0;14019;0;0;0;0;0;0;0;0;0;0
2726.55;49999945;569389;551760;0;0;13789;0;0;0;0;0;0;0;0;0;0
2728.55;49999945;571059;553243;0;0;13937;0;0;0;0;0;0;0;0;0;0
2730.55;49999945;569800;551963;0;0;14051;0;0;0;0;0;0;0;0;0;0
2732.55;49999945;571049;553355;0;0;13817;0;0;0;0;0;0;0;0;0;0
2734.55;49999945;569022;552249;0;0;13750;0;0;0;0;0;0;0;0;0;0
2736.55;49999945;570945;553221;0;0;13999;0;0;0;0;0;0;0;0;0;0
2738.55;49999945;569325;552100;0;0;13877;0;0;0;0;0;0;0;0;0;0
2740.55;49999945;571079;553538;0;0;14319;0;0;0;0;0;0;0;0;0;0
2742.55;49999945;569221;551826;0;0;13896;0;0;0;0;0;0;0;0;0;0
2744.55;49999945;571286;553300;0;0;14029;0;0;0;0;0;0;0;0;0;0
2746.55;49999945;569718;552116;0;0;13889;0;0;0;0;0;0;0;0;0;0
2748.55;49999945;571368;554124;0;0;13867;0;0;0;0;0;0;0;0;0;0
2750.55;49999945;570124;552328;0;0;13899;0;0;0;0;0;0;0;0;0;0
2752.55;49999946;571621;553653;0;0;13916;0;0;0;0;0;0;0;0;0;0
2754.55;49999945;569651;552553;0;0;14032;0;0;0;0;0;0;0;0;0;0
2756.55;49999945;570950;553745;0;0;14045;0;0;0;0;0;0;0;0;0;0
2758.55;49999945;570360;553360;0;0;13877;0;0;0;0;0;0;0;0;0;0
2760.55;49999945;571393;553497;0;0;13850;0;0;0;0;0;0;0;0;0;0
2762.55;49999945;569952;552140;0;0;13902;0;0;0;0;0;0;0;0;0;0
2764.55;49999945;571346;553178;0;0;13776;0;0;0;0;0;0;0;0;0;0
2766.55;49999946;570139;552493;0;0;14022;0;0;0;0;0;0;0;0;0;0
2768.55;49999945;570847;552703;0;0;13821;0;0;0;0;0;0;0;0;0;0
2770.55;49999945;570635;552478;0;0;13842;0;0;0;0;0;0;0;0;0;0
2772.56;49999945;570712;553437;0;0;13828;0;0;0;0;0;0;0;0;0;0
2774.56;49999945;570350;553061;0;0;13841;0;0;0;0;0;0;0;0;0;0
2776.56;49999946;571436;553844;0;0;13752;0;0;0;0;0;0;0;0;0;0
2778.56;49999946;570269;553089;0;0;14023;0;0;0;0;0;0;0;0;0;0
2780.56;49999945;570804;553319;0;0;14121;0;0;0;0;0;0;0;0;0;0
2782.56;49999945;570160;552872;0;0;13789;0;0;0;0;0;0;0;0;0;0
2784.56;49999945;570562;553144;0;0;14073;0;0;0;0;0;0;0;0;0;0
2786.56;49999945;571268;553127;0;0;13965;0;0;0;0;0;0;0;0;0;0
2788.56;49999945;569906;552618;0;0;13972;0;0;0;0;0;0;0;0;0;0
2790.56;49999945;570383;552524;0;0;13762;0;0;0;0;0;0;0;0;0;0
2792.56;49999945;570421;552259;0;0;13945;0;0;0;0;0;0;0;0;0;0
2794.56;49999945;570862;552905;0;0;13767;0;0;0;0;0;0;0;0;0;0
2796.56;49999945;570552;552733;0;0;13918;0;0;0;0;0;0;0;0;0;0
2798.56;49999945;570392;553153;0;0;13892;0;0;0;0;0;0;0;0;0;0
2800.56;49999945;570300;553064;0;0;13897;0;0;0;0;0;0;0;0;0;0
2802.56;49999946;570802;553977;0;0;13944;0;0;0;0;0;0;0;0;0;0
2804.56;49999946;569834;552485;0;0;14134;0;0;0;0;0;0;0;0;0;0
2806.56;49999946;571516;553701;0;0;14047;0;0;0;0;0;0;0;0;0;0
2808.56;49999946;569965;552190;0;0;13955;0;0;0;0;0;0;0;0;0;0
2810.56;49999945;570653;553257;0;0;13921;0;0;0;0;0;0;0;0;0;0
2812.56;49999945;569527;552377;0;0;13790;0;0;0;0;0;0;0;0;0;0
2814.56;49999945;571432;553627;0;0;14040;0;0;0;0;0;0;0;0;0;0
2816.57;49999945;569602;552571;0;0;13812;0;0;0;0;0;0;0;0;0;0
2818.57;49999945;571318;554051;0;0;14064;0;0;0;0;0;0;0;0;0;0
2820.57;49999945;569538;552352;0;0;13771;0;0;0;0;0;0;0;0;0;0
2822.57;49999945;571407;553615;0;0;13831;0;0;0;0;0;0;0;0;0;0
2824.57;49999946;569377;552191;0;0;13960;0;0;0;0;0;0;0;0;0;0
2826.57;49999946;571059;553859;0;0;13731;0;0;0;0;0;0;0;0;0;0
2828.57;49999946;569635;551903;0;0;14062;0;0;0;0;0;0;0;0;0;0
2830.57;49999946;570955;553394;0;0;13955;0;0;0;0;0;0;0;0;0;0
2832.57;49999946;569823;552364;0;0;14072;0;0;0;0;0;0;0;0;0;0
2834.57;49999946;571621;554427;0;0;13943;0;0;0;0;0;0;0;0;0;0
2836.57;49999946;569689;551825;0;0;13741;0;0;0;0;0;0;0;0;0;0
2838.57;49999946;572090;553872;0;0;14012;0;0;0;0;0;0;0;0;0;0
2840.57;49999946;569936;552237;0;0;13930;0;0;0;0;0;0;0;0;0;0
2842.57;49999946;571262;553716;0;0;14083;0;0;0;0;0;0;0;0;0;0
2844.57;49999945;569528;551397;0;0;13791;0;0;0;0;0;0;0;0;0;0
2846.57;49999945;571204;553808;0;0;14060;0;0;0;0;0;0;0;0;0;0
2848.57;49999945;569447;551570;0;0;13858;0;0;0;0;0;0;0;0;0;0
2850.57;49999945;571480;554510;0;0;13783;0;0;0;0;0;0;0;0;0;0
2852.57;49999945;569555;552629;0;0;13908;0;0;0;0;0;0;0;0;0;0
2854.58;49999945;570983;554091;0;0;13677;0;0;0;0;0;0;0;0;0;0
2856.58;49999946;569527;552021;0;0;13875;0;0;0;0;0;0;0;0;0;0
2858.58;49999946;571805;554730;0;0;13819;0;0;0;0;0;0;0;0;0;0
2860.58;49999946;569672;552355;0;0;14100;0;0;0;0;0;0;0;0;0;0
2862.58;49999946;571274;553814;0;0;14060;0;0;0;0;0;0;0;0;0;0
2864.58;49999946;569576;552485;0;0;14249;0;0;0;0;0;0;0;0;0;0
2866.58;49999945;571626;553930;0;0;13969;0;0;0;0;0;0;0;0;0;0
2868.58;49999946;569415;552143;0;0;13845;0;0;0;0;0;0;0;0;0;0
2870.58;49999946;570587;553354;0;0;13718;0;0;0;0;0;0;0;0;0;0
2872.58;49999946;569330;551944;0;0;14103;0;0;0;0;0;0;0;0;0;0
2874.58;49999945;571256;554254;0;0;13825;0;0;0;0;0;0;0;0;0;0
2876.58;49999946;569601;551919;0;0;13921;0;0;0;0;0;0;0;0;0;0
2878.58;49999945;571015;553452;0;0;14056;0;0;0;0;0;0;0;0;0;0
2880.58;49999946;568879;551642;0;0;13905;0;0;0;0;0;0;0;0;0;0
2882.58;49999945;571122;553686;0;0;13871;0;0;0;0;0;0;0;0;0;0
2884.58;49999945;569532;551916;0;0;13891;0;0;0;0;0;0;0;0;0;0
2886.58;49999945;571713;553486;0;0;14006;0;0;0;0;0;0;0;0;0;0
2888.58;49999945;569476;552189;0;0;13940;0;0;0;0;0;0;0;0;0;0
2890.58;49999945;571359;554210;0;0;13934;0;0;0;0;0;0;0;0;0;0
2892.58;49999945;569768;551941;0;0;13965;0;0;0;0;0;0;0;0;0;0
2894.58;49999945;571200;553822;0;0;13748;0;0;0;0;0;0;0;0;0;0
2896.58;49999946;569323;551627;0;0;13893;0;0;0;0;0;0;0;0;0;0
2898.58;49999946;571146;553192;0;0;13771;0;0;0;0;0;0;0;0;0;0
2900.58;49999946;569316;551639;0;0;14019;0;0;0;0;0;0;0;0;0;0
2902.59;49999946;570827;552769;0;0;13805;0;0;0;0;0;0;0;0;0;0
2904.59;49999946;569505;551278;0;0;13853;0;0;0;0;0;0;0;0;0;0
2906.59;49999945;571217;553092;0;0;13910;0;0;0;0;0;0;0;0;0;0
2908.59;49999946;568896;551748;0;0;14009;0;0;0;0;0;0;0;0;0;0
2910.59;49999946;570730;552981;0;0;13709;0;0;0;0;0;0;0;0;0;0
2912.59;49999946;569470;552369;0;0;13857;0;0;0;0;0;0;0;0;0;0
2914.59;49999945;571195;552860;0;0;14051;0;0;0;0;0;0;0;0;0;0
2916.59;49999945;568992;551785;0;0;14069;0;0;0;0;0;0;0;0;0;0
2918.59;49999945;571192;553349;0;0;14239;0;0;0;0;0;0;0;0;0;0
2920.59;49999945;569569;551552;0;0;14133;0;0;0;0;0;0;0;0;0;0
2922.59;49999945;570833;553584;0;0;13976;0;0;0;0;0;0;0;0;0;0
2924.59;49999945;569817;552473;0;0;13894;0;0;0;0;0;0;0;0;0;0
2926.59;49999945;571980;554266;0;0;13870;0;0;0;0;0;0;0;0;0;0
2928.59;49999945;569674;552591;0;0;13973;0;0;0;0;0;0;0;0;0;0
2930.59;49999945;571029;554457;0;0;14113;0;0;0;0;0;0;0;0;0;0
2932.59;49999945;569124;552278;0;0;13897;0;0;0;0;0;0;0;0;0;0
2934.59;49999946;571044;553985;0;0;13905;0;0;0;0;0;0;0;0;0;0
2936.59;49999945;570308;552372;0;0;13945;0;0;0;0;0;0;0;0;0;0
2938.59;49999945;570775;553517;0;0;13818;0;0;0;0;0;0;0;0;0;0
2940.60;49999945;569406;551968;0;0;13691;0;0;0;0;0;0;0;0;0;0
2942.60;49999946;571280;553840;0;0;13819;0;0;0;0;0;0;0;0;0;0
2944.60;49999946;570254;553066;0;0;14109;0;0;0;0;0;0;0;0;0;0
2946.60;49999946;570930;553384;0;0;14084;0;0;0;0;0;0;0;0;0;0
2948.60;49999946;569687;552264;0;0;13853;0;0;0;0;0;0;0;0;0;0
2950.60;49999946;570595;553790;0;0;14022;0;0;0;0;0;0;0;0;0;0
2952.60;49999946;569085;552431;0;0;14021;0;0;0;0;0;0;0;0;0;0
2954.60;49999946;570273;553451;0;0;13888;0;0;0;0;0;0;0;0;0;0
2956.60;49999946;570237;553230;0;0;14140;0;0;0;0;0;0;0;0;0;0
2958.60;49999946;570239;553138;0;0;13746;0;0;0;0;0;0;0;0;0;0
2960.60;49999946;569825;552241;0;0;13958;0;0;0;0;0;0;0;0;0;0
2962.60;49999945;570176;553536;0;0;14107;0;0;0;0;0;0;0;0;0;0
2964.60;49999945;569741;552439;0;0;13924;0;0;0;0;0;0;0;0;0;0
2966.60;49999946;570123;552541;0;0;13874;0;0;0;0;0;0;0;0;0;0
2968.60;49999945;570036;552680;0;0;13734;0;0;0;0;0;0;0;0;0;0
2970.60;49999945;569763;552434;0;0;13803;0;0;0;0;0;0;0;0;0;0
2972.60;49999945;570721;552773;0;0;14288;0;0;0;0;0;0;0;0;0;0
2974.60;49999945;569687;552269;0;0;14053;0;0;0;0;0;0;0;0;0;0
2976.60;49999945;570467;553146;0;0;13818;0;0;0;0;0;0;0;0;0;0
2978.60;49999945;569619;553184;0;0;13839;0;0;0;0;0;0;0;0;0;0
2980.60;49999945;570425;552983;0;0;14166;0;0;0;0;0;0;0;0;0;0
2982.61;49999945;570418;552743;0;0;13972;0;0;0;0;0;0;0;0;0;0
2984.61;49999945;571527;553601;0;0;13700;0;0;0;0;0;0;0;0;0;0
2986.61;49999945;570231;551958;0;0;13975;0;0;0;0;0;0;0;0;0;0
2988.61;49999945;571550;553326;0;0;13943;0;0;0;0;0;0;0;0;0;0
2990.61;49999945;569545;552984;0;0;14138;0;0;0;0;0;0;0;0;0;0
2992.61;49999945;570880;553207;0;0;13965;0;0;0;0;0;0;0;0;0;0
2994.61;49999945;569536;551923;0;0;13810;0;0;0;0;0;0;0;0;0;0
2996.61;49999945;571013;552764;0;0;13640;0;0;0;0;0;0;0;0;0;0
2998.61;49999945;569581;551892;0;0;13941;0;0;0;0;0;0;0;0;0;0
3000.61;49999946;571346;553008;0;0;13809;0;0;0;0;0;0;0;0;0;0
3002.61;49999945;569729;552108;0;0;13888;0;0;0;0;0;0;0;0;0;0
3004.61;49999945;571511;553255;0;0;13777;0;0;0;0;0;0;0;0;0;0
3006.61;49999945;569667;551770;0;0;13783;0;0;0;0;0;0;0;0;0;0
3008.61;49999945;571791;553111;0;0;13955;0;0;0;0;0;0;0;0;0;0
3010.61;49999945;569302;551016;0;0;13969;0;0;0;0;0;0;0;0;0;0
3012.61;49999945;571598;553243;0;0;13842;0;0;0;0;0;0;0;0;0;0
3014.61;49999945;569460;551357;0;0;13738;0;0;0;0;0;0;0;0;0;0
3016.61;49999945;571781;553936;0;0;13866;0;0;0;0;0;0;0;0;0;0
3018.61;49999945;569713;552070;0;0;13978;0;0;0;0;0;0;0;0;0;0
3020.61;49999945;571676;553193;0;0;13928;0;0;0;0;0;0;0;0;0;0
3022.61;49999946;569589;552077;0;0;13834;0;0;0;0;0;0;0;0;0;0
3024.61;49999946;571757;553035;0;0;13874;0;0;0;0;0;0;0;0;0;0
3026.61;49999946;569108;551322;0;0;13874;0;0;0;0;0;0;0;0;0;0
3028.61;49999946;571913;553177;0;0;13949;0;0;0;0;0;0;0;0;0;0
3030.61;49999945;570029;551450;0;0;13855;0;0;0;0;0;0;0;0;0;0
3032.61;49999945;571817;553402;0;0;14128;0;0;0;0;0;0;0;0;0;0
3034.61;49999946;569614;551823;0;0;14120;0;0;0;0;0;0;0;0;0;0
3036.62;49999946;572298;554358;0;0;13984;0;0;0;0;0;0;0;0;0;0
3038.62;49999945;571544;553211;0;0;13680;0;0;0;0;0;0;0;0;0;0
3040.62;49999945;572378;554558;0;0;13967;0;0;0;0;0;0;0;0;0;0
3042.62;49999946;571400;553352;0;0;13812;0;0;0;0;0;0;0;0;0;0
3044.62;49999946;572174;555336;0;0;13712;0;0;0;0;0;0;0;0;0;0
3046.62;49999945;571236;553588;0;0;13913;0;0;0;0;0;0;0;0;0;0
3048.62;49999946;572264;554950;0;0;13932;0;0;0;0;0;0;0;0;0;0
3050.62;49999945;571478;553525;0;0;13910;0;0;0;0;0;0;0;0;0;0
3052.62;49999945;572142;554768;0;0;14088;0;0;0;0;0;0;0;0;0;0
3054.62;49999945;571297;553069;0;0;13894;0;0;0;0;0;0;0;0;0;0
3056.62;49999946;572495;555013;0;0;13837;0;0;0;0;0;0;0;0;0;0
3058.62;49999946;571685;553577;0;0;13870;0;0;0;0;0;0;0;0;0;0
3060.62;49999945;572694;555151;0;0;13972;0;0;0;0;0;0;0;0;0;0
3062.62;49999945;571290;554090;0;0;14043;0;0;0;0;0;0;0;0;0;0
3064.62;49999945;573221;555620;0;0;13877;0;0;0;0;0;0;0;0;0;0
3066.62;49999945;570533;553688;0;0;14066;0;0;0;0;0;0;0;0;0;0
3068.62;49999946;573078;554298;0;0;13772;0;0;0;0;0;0;0;0;0;0
3070.63;49999946;571044;553036;0;0;13812;0;0;0;0;0;0;0;0;0;0
3072.63;49999946;573096;554800;0;0;13824;0;0;0;0;0;0;0;0;0;0
3074.63;49999946;571298;553803;0;0;14015;0;0;0;0;0;0;0;0;0;0
3076.63;49999946;572503;554758;0;0;13912;0;0;0;0;0;0;0;0;0;0
3078.63;49999945;571737;553292;0;0;13757;0;0;0;0;0;0;0;0;0;0
3080.63;49999945;572222;554688;0;0;13780;0;0;0;0;0;0;0;0;0;0
3082.63;49999945;571101;554017;0;0;13873;0;0;0;0;0;0;0;0;0;0
3084.63;49999946;572101;554397;0;0;14085;0;0;0;0;0;0;0;0;0;0
3086.63;49999945;570852;553506;0;0;13793;0;0;0;0;0;0;0;0;0;0
3088.63;49999945;572818;555251;0;0;14073;0;0;0;0;0;0;0;0;0;0
3090.63;49999945;570771;553111;0;0;13831;0;0;0;0;0;0;0;0;0;0
3092.63;49999945;571979;554988;0;0;13963;0;0;0;0;0;0;0;0;0;0
3094.63;49999945;571040;553024;0;0;13993;0;0;0;0;0;0;0;0;0;0
3096.63;49999946;571192;553550;0;0;13852;0;0;0;0;0;0;0;0;0;0
3098.63;49999946;569627;551738;0;0;14030;0;0;0;0;0;0;0;0;0;0
3100.63;49999946;570816;553916;0;0;13905;0;0;0;0;0;0;0;0;0;0
3102.64;49999946;569907;550997;0;0;13659;0;0;0;0;0;0;0;0;0;0
3104.64;49999945;571289;553347;0;0;13888;0;0;0;0;0;0;0;0;0;0
3106.64;49999945;569574;552093;0;0;13717;0;0;0;0;0;0;0;0;0;0
3108.64;49999945;571071;553738;0;0;13981;0;0;0;0;0;0;0;0;0;0
3110.64;49999945;569204;552523;0;0;13995;0;0;0;0;0;0;0;0;0;0
3112.64;49999945;571139;553577;0;0;14048;0;0;0;0;0;0;0;0;0;0
3114.64;49999945;569387;551503;0;0;13826;0;0;0;0;0;0;0;0;0;0
3116.64;49999945;570959;553699;0;0;13902;0;0;0;0;0;0;0;0;0;0
3118.64;49999945;569430;551602;0;0;13849;0;0;0;0;0;0;0;0;0;0
3120.64;49999945;571308;554146;0;0;14102;0;0;0;0;0;0;0;0;0;0
3122.64;49999945;569279;550984;0;0;13991;0;0;0;0;0;0;0;0;0;0
3124.64;49999945;570888;552934;0;0;13832;0;0;0;0;0;0;0;0;0;0
3126.64;49999946;569493;552360;0;0;14011;0;0;0;0;0;0;0;0;0;0
3128.64;49999945;570598;552925;0;0;14005;0;0;0;0;0;0;0;0;0;0
3130.64;49999945;569689;552193;0;0;13758;0;0;0;0;0;0;0;0;0;0
3132.64;49999945;570915;553569;0;0;13796;0;0;0;0;0;0;0;0;0;0
3134.64;49999946;569685;551796;0;0;13849;0;0;0;0;0;0;0;0;0;0
3136.64;49999946;571293;553349;0;0;14024;0;0;0;0;0;0;0;0;0;0
3138.64;49999946;570279;552289;0;0;13941;0;0;0;0;0;0;0;0;0;0
3140.64;49999946;569501;552271;0;0;13895;0;0;0;0;0;0;0;0;0;0
3142.64;49999946;569704;552180;0;0;14132;0;0;0;0;0;0;0;0;0;0
3144.64;49999945;570135;552540;0;0;13908;0;0;0;0;0;0;0;0;0;0
3146.64;49999945;569865;552672;0;0;13808;0;0;0;0;0;0;0;0;0;0
3148.64;49999945;569688;552498;0;0;13984;0;0;0;0;0;0;0;0;0;0
3150.64;49999945;570311;551989;0;0;13907;0;0;0;0;0;0;0;0;0;0
3152.64;49999945;570045;552517;0;0;14037;0;0;0;0;0;0;0;0;0;0
3154.64;49999945;570160;551781;0;0;14013;0;0;0;0;0;0;0;0;0;0
3156.64;49999945;569927;552197;0;0;13997;0;0;0;0;0;0;0;0;0;0
3158.64;49999945;570033;552394;0;0;13780;0;0;0;0;0;0;0;0;0;0
3160.65;49999945;569607;552546;0;0;14037;0;0;0;0;0;0;0;0;0;0
3162.65;49999945;569918;552163;0;0;13944;0;0;0;0;0;0;0;0;0;0
3164.65;49999945;569623;551928;0;0;13780;0;0;0;0;0;0;0;0;0;0
3166.65;49999946;571007;552126;0;0;14020;0;0;0;0;0;0;0;0;0;0
3168.65;49999946;570320;552869;0;0;13926;0;0;0;0;0;0;0;0;0;0
3170.65;49999946;570599;552474;0;0;13762;0;0;0;0;0;0;0;0;0;0
3172.65;49999945;570225;551815;0;0;13884;0;0;0;0;0;0;0;0;0;0
3174.65;49999945;570054;552781;0;0;13759;0;0;0;0;0;0;0;0;0;0
3176.65;49999946;569409;551817;0;0;13817;0;0;0;0;0;0;0;0;0;0
3178.65;49999945;571110;553338;0;0;13716;0;0;0;0;0;0;0;0;0;0
3180.65;49999945;569413;551609;0;0;13680;0;0;0;0;0;0;0;0;0;0
3182.65;49999945;570207;552786;0;0;13740;0;0;0;0;0;0;0;0;0;0
3184.65;49999945;570464;552076;0;0;13715;0;0;0;0;0;0;0;0;0;0
3186.65;49999945;570618;552914;0;0;13800;0;0;0;0;0;0;0;0;0;0
3188.65;49999945;569855;551841;0;0;14030;0;0;0;0;0;0;0;0;0;0
3190.65;49999945;570894;552848;0;0;13831;0;0;0;0;0;0;0;0;0;0
3192.65;49999945;569148;551342;0;0;13866;0;0;0;0;0;0;0;0;0;0
3194.65;49999945;571280;553364;0;0;13884;0;0;0;0;0;0;0;0;0;0
3196.65;49999946;569319;552036;0;0;13872;0;0;0;0;0;0;0;0;0;0
3198.65;49999946;571372;552967;0;0;13873;0;0;0;0;0;0;0;0;0;0
3200.65;49999946;569799;551534;0;0;13810;0;0;0;0;0;0;0;0;0;0
3202.65;49999946;571662;553290;0;0;13817;0;0;0;0;0;0;0;0;0;0
3204.65;49999946;569574;551916;0;0;13846;0;0;0;0;0;0;0;0;0;0
3206.65;49999946;570974;553339;0;0;13905;0;0;0;0;0;0;0;0;0;0
3208.65;49999946;569384;551592;0;0;13821;0;0;0;0;0;0;0;0;0;0
3210.65;49999946;570818;552699;0;0;13933;0;0;0;0;0;0;0;0;0;0
3212.66;49999946;569345;551160;0;0;13737;0;0;0;0;0;0;0;0;0;0
3214.66;49999946;571158;552530;0;0;14033;0;0;0;0;0;0;0;0;0;0
3216.66;49999946;569216;551239;0;0;13919;0;0;0;0;0;0;0;0;0;0
3218.66;49999946;571122;553423;0;0;13893;0;0;0;0;0;0;0;0;0;0
3220.66;49999946;569668;551810;0;0;13687;0;0;0;0;0;0;0;0;0;0
3222.66;49999946;571256;554281;0;0;13903;0;0;0;0;0;0;0;0;0;0
3224.66;49999946;569695;552512;0;0;13708;0;0;0;0;0;0;0;0;0;0
3226.66;49999946;571687;553893;0;0;14011;0;0;0;0;0;0;0;0;0;0
3228.66;49999945;570079;552098;0;0;13844;0;0;0;0;0;0;0;0;0;0
3230.66;49999945;571518;553584;0;0;13816;0;0;0;0;0;0;0;0;0;0
3232.66;49999945;569321;551857;0;0;13934;0;0;0;0;0;0;0;0;0;0
3234.66;49999945;571481;553622;0;0;13955;0;0;0;0;0;0;0;0;0;0
3236.66;49999945;569566;551870;0;0;14189;0;0;0;0;0;0;0;0;0;0
3238.66;49999945;571964;553763;0;0;13875;0;0;0;0;0;0;0;0;0;0
3240.66;49999945;569990;551649;0;0;13678;0;0;0;0;0;0;0;0;0;0
3242.66;49999945;571760;553514;0;0;14000;0;0;0;0;0;0;0;0;0;0
3244.66;49999945;569426;551582;0;0;13785;0;0;0;0;0;0;0;0;0;0
3246.66;49999946;571886;553182;0;0;13891;0;0;0;0;0;0;0;0;0;0
3248.66;49999946;569349;550934;0;0;13793;0;0;0;0;0;0;0;0;0;0
3250.66;49999945;571374;553864;0;0;13911;0;0;0;0;0;0;0;0;0;0
3252.66;49999945;569353;551725;0;0;13873;0;0;0;0;0;0;0;0;0;0
3254.66;49999945;571458;553283;0;0;13991;0;0;0;0;0;0;0;0;0;0
3256.66;49999946;569417;551548;0;0;13831;0;0;0;0;0;0;0;0;0;0
3258.66;49999946;571276;554382;0;0;13976;0;0;0;0;0;0;0;0;0;0
3260.67;49999945;569932;551434;0;0;13900;0;0;0;0;0;0;0;0;0;0
3262.67;49999945;571985;553221;0;0;13901;0;0;0;0;0;0;0;0;0;0
3264.67;49999945;569111;551188;0;0;13829;0;0;0;0;0;0;0;0;0;0
3266.67;49999945;571749;553401;0;0;13780;0;0;0;0;0;0;0;0;0;0
3268.67;49999945;569549;551413;0;0;13820;0;0;0;0;0;0;0;0;0;0
3270.67;49999946;571692;553630;0;0;13964;0;0;0;0;0;0;0;0;0;0
3272.67;49999946;570214;551894;0;0;13959;0;0;0;0;0;0;0;0;0;0
3274.67;49999946;571748;554101;0;0;13928;0;0;0;0;0;0;0;0;0;0
3276.67;49999946;570526;552392;0;0;13871;0;0;0;0;0;0;0;0;0;0
3278.67;49999946;571729;553156;0;0;14009;0;0;0;0;0;0;0;0;0;0
3280.67;49999946;570483;552429;0;0;14033;0;0;0;0;0;0;0;0;0;0
3282.67;49999946;571692;553661;0;0;13891;0;0;0;0;0;0;0;0;0;0
3284.67;49999945;569886;551552;0;0;13892;0;0;0;0;0;0;0;0;0;0
3286.67;49999946;571010;553162;0;0;13824;0;0;0;0;0;0;0;0;0;0
3288.67;49999945;569577;551556;0;0;13995;0;0;0;0;0;0;0;0;0;0
3290.67;49999945;571586;553310;0;0;13969;0;0;0;0;0;0;0;0;0;0
3292.67;49999945;569953;550706;0;0;13965;0;0;0;0;0;0;0;0;0;0
3294.67;49999945;572030;553243;0;0;13821;0;0;0;0;0;0;0;0;0;0
3296.67;49999945;569764;551308;0;0;14014;0;0;0;0;0;0;0;0;0;0
3298.67;49999945;571523;552862;0;0;13873;0;0;0;0;0;0;0;0;0;0
3300.67;49999945;570046;551427;0;0;13951;0;0;0;0;0;0;0;0;0;0
3302.67;49999945;571446;553331;0;0;13682;0;0;0;0;0;0;0;0;0;0
3304.67;49999945;569709;551763;0;0;13910;0;0;0;0;0;0;0;0;0;0
3306.67;49999945;571941;553298;0;0;14174;0;0;0;0;0;0;0;0;0;0
3308.68;49999945;570343;552148;0;0;14049;0;0;0;0;0;0;0;0;0;0
3310.68;49999945;571869;553216;0;0;14115;0;0;0;0;0;0;0;0;0;0
3312.68;49999945;570808;552427;0;0;13959;0;0;0;0;0;0;0;0;0;0
3314.68;49999945;571010;552996;0;0;14002;0;0;0;0;0;0;0;0;0;0
3316.68;49999946;570232;552520;0;0;13770;0;0;0;0;0;0;0;0;0;0
3318.68;49999946;571134;553604;0;0;13971;0;0;0;0;0;0;0;0;0;0
3320.68;49999946;569991;552384;0;0;13926;0;0;0;0;0;0;0;0;0;0
3322.68;49999946;571289;552754;0;0;13978;0;0;0;0;0;0;0;0;0;0
3324.68;49999946;569478;552178;0;0;14005;0;0;0;0;0;0;0;0;0;0
3326.68;49999946;570417;552483;0;0;13820;0;0;0;0;0;0;0;0;0;0
3328.68;49999946;570949;552679;0;0;13915;0;0;0;0;0;0;0;0;0;0
3330.68;49999946;570677;552722;0;0;13722;0;0;0;0;0;0;0;0;0;0
3332.68;49999946;570699;552280;0;0;13841;0;0;0;0;0;0;0;0;0;0
3334.68;49999945;570202;552756;0;0;13987;0;0;0;0;0;0;0;0;0;0
3336.68;49999945;570392;551614;0;0;13867;0;0;0;0;0;0;0;0;0;0
3338.68;49999945;571100;553217;0;0;14330;0;0;0;0;0;0;0;0;0;0
3340.68;49999946;571589;553970;0;0;13953;0;0;0;0;0;0;0;0;0;0
3342.68;49999946;572462;554006;0;0;13855;0;0;0;0;0;0;0;0;0;0
3344.68;49999946;572320;554717;0;0;14347;0;0;0;0;0;0;0;0;0;0
3346.68;49999945;572149;554003;0;0;14042;0;0;0;0;0;0;0;0;0;0
3348.68;49999945;571793;555453;0;0;14078;0;0;0;0;0;0;0;0;0;0
3350.68;49999945;572132;554373;0;0;13906;0;0;0;0;0;0;0;0;0;0
3352.69;49999945;572217;554315;0;0;13992;0;0;0;0;0;0;0;0;0;0
3354.69;49999945;571924;554152;0;0;13829;0;0;0;0;0;0;0;0;0;0
3356.69;49999945;572005;554288;0;0;14011;0;0;0;0;0;0;0;0;0;0
3358.69;49999945;571902;554247;0;0;14069;0;0;0;0;0;0;0;0;0;0
3360.69;49999946;572193;554680;0;0;13908;0;0;0;0;0;0;0;0;0;0
3362.69;49999946;572032;553481;0;0;13944;0;0;0;0;0;0;0;0;0;0
3364.69;49999945;572192;555041;0;0;14126;0;0;0;0;0;0;0;0;0;0
3366.69;49999945;571811;553699;0;0;13802;0;0;0;0;0;0;0;0;0;0
3368.69;49999945;571974;554936;0;0;14013;0;0;0;0;0;0;0;0;0;0
3370.69;49999946;571946;554010;0;0;13760;0;0;0;0;0;0;0;0;0;0
3372.69;49999946;573086;555221;0;0;14122;0;0;0;0;0;0;0;0;0;0
3374.69;49999946;571921;554439;0;0;13878;0;0;0;0;0;0;0;0;0;0
3376.69;49999945;572656;555230;0;0;13857;0;0;0;0;0;0;0;0;0;0
3378.69;49999945;571068;553950;0;0;13972;0;0;0;0;0;0;0;0;0;0
3380.69;49999945;572265;555077;0;0;13910;0;0;0;0;0;0;0;0;0;0
3382.69;49999945;571385;554214;0;0;13859;0;0;0;0;0;0;0;0;0;0
3384.69;49999945;572434;555442;0;0;13809;0;0;0;0;0;0;0;0;0;0
3386.69;49999945;571807;554055;0;0;13976;0;0;0;0;0;0;0;0;0;0
3388.69;49999945;572248;554638;0;0;14051;0;0;0;0;0;0;0;0;0;0
3390.69;49999945;571710;554035;0;0;13836;0;0;0;0;0;0;0;0;0;0
3392.69;49999945;572752;555025;0;0;14002;0;0;0;0;0;0;0;0;0;0
3394.69;49999945;571040;553889;0;0;13943;0;0;0;0;0;0;0;0;0;0
3396.69;49999945;572342;554951;0;0;14002;0;0;0;0;0;0;0;0;0;0
3398.69;49999945;571598;553880;0;0;13677;0;0;0;0;0;0;0;0;0;0
3400.69;49999946;571192;554063;0;0;13995;0;0;0;0;0;0;0;0;0;0
3402.70;49999946;569563;551967;0;0;13941;0;0;0;0;0;0;0;0;0;0
3404.70;49999945;571099;553491;0;0;13901;0;0;0;0;0;0;0;0;0;0
3406.70;49999945;569650;551920;0;0;13843;0;0;0;0;0;0;0;0;0;0
3408.70;49999945;571427;553684;0;0;14024;0;0;0;0;0;0;0;0;0;0
3410.70;49999945;569660;551468;0;0;13974;0;0;0;0;0;0;0;0;0;0
3412.70;49999945;570948;554269;0;0;13885;0;0;0;0;0;0;0;0;0;0
3414.70;49999945;569649;552902;0;0;13982;0;0;0;0;0;0;0;0;0;0
3416.70;49999945;571450;554435;0;0;14017;0;0;0;0;0;0;0;0;0;0
3418.70;49999945;570061;552253;0;0;14031;0;0;0;0;0;0;0;0;0;0
3420.70;49999946;571344;554085;0;0;13997;0;0;0;0;0;0;0;0;0;0
3422.70;49999946;569444;552302;0;0;13812;0;0;0;0;0;0;0;0;0;0
3424.70;49999946;571254;553856;0;0;13868;0;0;0;0;0;0;0;0;0;0
3426.70;49999946;569132;552541;0;0;13863;0;0;0;0;0;0;0;0;0;0
3428.70;49999946;570925;554367;0;0;14040;0;0;0;0;0;0;0;0;0;0
3430.70;49999946;570121;552016;0;0;13751;0;0;0;0;0;0;0;0;0;0
3432.70;49999946;572360;553683;0;0;14103;0;0;0;0;0;0;0;0;0;0
3434.70;49999946;569701;551999;0;0;13900;0;0;0;0;0;0;0;0;0;0
3436.70;49999945;571650;554217;0;0;13772;0;0;0;0;0;0;0;0;0;0
3438.70;49999946;569725;551840;0;0;13874;0;0;0;0;0;0;0;0;0;0
3440.70;49999946;571736;554399;0;0;13906;0;0;0;0;0;0;0;0;0;0
3442.70;49999945;569722;551783;0;0;13910;0;0;0;0;0;0;0;0;0;0
3444.70;49999945;571043;554098;0;0;13927;0;0;0;0;0;0;0;0;0;0
3446.70;49999945;569866;552345;0;0;13870;0;0;0;0;0;0;0;0;0;0
3448.70;49999945;571109;554165;0;0;13828;0;0;0;0;0;0;0;0;0;0
3450.71;49999946;569805;551520;0;0;13974;0;0;0;0;0;0;0;0;0;0
3452.71;49999946;571318;554183;0;0;13694;0;0;0;0;0;0;0;0;0;0
3454.71;49999945;570011;552156;0;0;13897;0;0;0;0;0;0;0;0;0;0
3456.71;49999946;571857;554262;0;0;13813;0;0;0;0;0;0;0;0;0;0
3458.71;49999946;569633;551761;0;0;14022;0;0;0;0;0;0;0;0;0;0
3460.71;49999946;571670;553405;0;0;13962;0;0;0;0;0;0;0;0;0;0
3462.71;49999946;569860;552031;0;0;13911;0;0;0;0;0;0;0;0;0;0
3464.71;49999946;571907;553328;0;0;13899;0;0;0;0;0;0;0;0;0;0
3466.71;49999946;569987;552170;0;0;14082;0;0;0;0;0;0;0;0;0;0
3468.71;49999946;571812;552963;0;0;13743;0;0;0;0;0;0;0;0;0;0
3470.71;49999946;569946;552392;0;0;14014;0;0;0;0;0;0;0;0;0;0
3472.71;49999946;572018;553571;0;0;13785;0;0;0;0;0;0;0;0;0;0
3474.71;49999946;569756;552111;0;0;13946;0;0;0;0;0;0;0;0;0;0
3476.71;49999945;572002;554523;0;0;14049;0;0;0;0;0;0;0;0;0;0
3478.71;49999946;569987;552850;0;0;14005;0;0;0;0;0;0;0;0;0;0
3480.71;49999946;571417;553856;0;0;13941;0;0;0;0;0;0;0;0;0;0
3482.71;49999946;570021;552438;0;0;14024;0;0;0;0;0;0;0;0;0;0
3484.71;49999945;571261;553533;0;0;13878;0;0;0;0;0;0;0;0;0;0
3486.71;49999945;569616;551743;0;0;13911;0;0;0;0;0;0;0;0;0;0
3488.71;49999945;571231;554166;0;0;13986;0;0;0;0;0;0;0;0;0;0
3490.71;49999945;569685;552454;0;0;13847;0;0;0;0;0;0;0;0;0;0
3492.71;49999945;571417;554117;0;0;14061;0;0;0;0;0;0;0;0;0;0
3494.71;49999945;569791;552297;0;0;13983;0;0;0;0;0;0;0;0;0;0
3496.71;49999945;571159;553856;0;0;14033;0;0;0;0;0;0;0;0;0;0
3498.71;49999945;570339;552988;0;0;13925;0;0;0;0;0;0;0;0;0;0
3500.71;49999945;571127;553284;0;0;13950;0;0;0;0;0;0;0;0;0;0
3502.71;49999946;570279;552086;0;0;13962;0;0;0;0;0;0;0;0;0;0
3504.71;49999945;571262;553659;0;0;13704;0;0;0;0;0;0;0;0;0;0
3506.71;49999946;570214;552019;0;0;13967;0;0;0;0;0;0;0;0;0;0
3508.71;49999945;571126;553345;0;0;13938;0;0;0;0;0;0;0;0;0;0
3510.72;49999945;570656;552573;0;0;13754;0;0;0;0;0;0;0;0;0;0
3512.72;49999945;570747;553263;0;0;14005;0;0;0;0;0;0;0;0;0;0
3514.72;49999945;571284;552737;0;0;13763;0;0;0;0;0;0;0;0;0;0
3516.72;49999946;571128;552901;0;0;13837;0;0;0;0;0;0;0;0;0;0
3518.72;49999946;570469;552939;0;0;13810;0;0;0;0;0;0;0;0;0;0
3520.72;49999946;570585;553523;0;0;14043;0;0;0;0;0;0;0;0;0;0
3522.72;49999946;570548;553095;0;0;13733;0;0;0;0;0;0;0;0;0;0
3524.72;49999946;570984;553328;0;0;14075;0;0;0;0;0;0;0;0;0;0
3526.72;49999946;570822;552880;0;0;13708;0;0;0;0;0;0;0;0;0;0
3528.72;49999946;570653;552698;0;0;13818;0;0;0;0;0;0;0;0;0;0
3530.72;49999946;570988;553210;0;0;13773;0;0;0;0;0;0;0;0;0;0
3532.72;49999946;570914;552543;0;0;13805;0;0;0;0;0;0;0;0;0;0
3534.72;49999946;571225;553633;0;0;14121;0;0;0;0;0;0;0;0;0;0
3536.72;49999946;570453;552459;0;0;13803;0;0;0;0;0;0;0;0;0;0
3538.72;49999946;571272;552681;0;0;13788;0;0;0;0;0;0;0;0;0;0
3540.72;49999946;570864;553093;0;0;13935;0;0;0;0;0;0;0;0;0;0
3542.72;49999946;571298;552277;0;0;13870;0;0;0;0;0;0;0;0;0;0
3544.72;49999946;570727;552945;0;0;14005;0;0;0;0;0;0;0;0;0;0
3546.72;49999946;571059;553248;0;0;13851;0;0;0;0;0;0;0;0;0;0
3548.72;49999946;570911;552893;0;0;13960;0;0;0;0;0;0;0;0;0;0
3550.72;49999946;570668;552556;0;0;14047;0;0;0;0;0;0;0;0;0;0
3552.72;49999946;570833;552181;0;0;13835;0;0;0;0;0;0;0;0;0;0
3554.72;49999946;571556;552415;0;0;14109;0;0;0;0;0;0;0;0;0;0
3556.72;49999945;570359;553068;0;0;13869;0;0;0;0;0;0;0;0;0;0
3558.73;49999945;571525;552810;0;0;14026;0;0;0;0;0;0;0;0;0;0
3560.73;49999945;570535;552484;0;0;14041;0;0;0;0;0;0;0;0;0;0
3562.73;49999946;571729;553399;0;0;13997;0;0;0;0;0;0;0;0;0;0
3564.73;49999946;570798;551608;0;0;13932;0;0;0;0;0;0;0;0;0;0
3566.73;49999946;571706;552856;0;0;13968;0;0;0;0;0;0;0;0;0;0
3568.73;49999945;570075;552090;0;0;14002;0;0;0;0;0;0;0;0;0;0
3570.73;49999946;571551;552726;0;0;13765;0;0;0;0;0;0;0;0;0;0
3572.73;49999946;570333;551910;0;0;13973;0;0;0;0;0;0;0;0;0;0
3574.73;49999946;572283;553079;0;0;13813;0;0;0;0;0;0;0;0;0;0
3576.73;49999945;570609;552713;0;0;13856;0;0;0;0;0;0;0;0;0;0
3578.73;49999945;572250;553713;0;0;13928;0;0;0;0;0;0;0;0;0;0
3580.73;49999945;570320;551742;0;0;13855;0;0;0;0;0;0;0;0;0;0
3582.73;49999945;573384;555226;0;0;13961;0;0;0;0;0;0;0;0;0;0
3584.73;49999945;572341;553930;0;0;13985;0;0;0;0;0;0;0;0;0;0
3586.73;49999945;573726;554645;0;0;13936;0;0;0;0;0;0;0;0;0;0
3588.73;49999946;572265;553384;0;0;13946;0;0;0;0;0;0;0;0;0;0
3590.73;49999946;573087;554695;0;0;13986;0;0;0;0;0;0;0;0;0;0
3592.73;49999946;572054;553766;0;0;13958;0;0;0;0;0;0;0;0;0;0
3594.73;49999946;573218;554476;0;0;14154;0;0;0;0;0;0;0;0;0;0
3596.73;49999946;571759;553132;0;0;13603;0;0;0;0;0;0;0;0;0;0
3598.73;49999946;573665;554550;0;0;13936;0;0;0;0;0;0;0;0;0;0
3600.73;49999945;571767;553300;0;0;13913;0;0;0;0;0;0;0;0;0;0
3602.73;49999945;573121;554567;0;0;13986;0;0;0;0;0;0;0;0;0;0
3604.73;49999946;572620;554047;0;0;13883;0;0;0;0;0;0;0;0;0;0
3606.74;49999945;572957;554227;0;0;13879;0;0;0;0;0;0;0;0;0;0
3608.74;49999945;571919;553296;0;0;13736;0;0;0;0;0;0;0;0;0;0
3610.74;49999945;573294;554305;0;0;13940;0;0;0;0;0;0;0;0;0;0
3612.74;49999945;571892;553429;0;0;13651;0;0;0;0;0;0;0;0;0;0
3614.74;49999945;572732;554766;0;0;14141;0;0;0;0;0;0;0;0;0;0
3616.74;49999945;572682;553506;0;0;13767;0;0;0;0;0;0;0;0;0;0
3618.74;49999946;573455;554685;0;0;13815;0;0;0;0;0;0;0;0;0;0
3620.74;49999946;572724;554143;0;0;13932;0;0;0;0;0;0;0;0;0;0
3622.74;49999946;573163;554912;0;0;13836;0;0;0;0;0;0;0;0;0;0
3624.74;49999946;572447;553531;0;0;13834;0;0;0;0;0;0;0;0;0;0
3626.74;49999945;572976;554221;0;0;13813;0;0;0;0;0;0;0;0;0;0
3628.74;49999945;572424;553741;0;0;13967;0;0;0;0;0;0;0;0;0;0
3630.74;49999945;573216;554003;0;0;13844;0;0;0;0;0;0;0;0;0;0
3632.74;49999945;571981;553170;0;0;13776;0;0;0;0;0;0;0;0;0;0
3634.74;49999946;572633;553707;0;0;13840;0;0;0;0;0;0;0;0;0;0
3636.74;49999945;572047;553102;0;0;13921;0;0;0;0;0;0;0;0;0;0
3638.74;49999945;573117;554139;0;0;13871;0;0;0;0;0;0;0;0;0;0
3640.74;49999945;571610;553339;0;0;13908;0;0;0;0;0;0;0;0;0;0
3642.74;49999945;571813;553942;0;0;14265;0;0;0;0;0;0;0;0;0;0
3644.74;49999946;569731;552097;0;0;13848;0;0;0;0;0;0;0;0;0;0
3646.74;49999946;571823;553853;0;0;13884;0;0;0;0;0;0;0;0;0;0
3648.74;49999945;570284;552273;0;0;13930;0;0;0;0;0;0;0;0;0;0
3650.74;49999945;571944;553127;0;0;14055;0;0;0;0;0;0;0;0;0;0
3652.74;49999945;569768;551842;0;0;13916;0;0;0;0;0;0;0;0;0;0
3654.74;49999945;572513;553429;0;0;13943;0;0;0;0;0;0;0;0;0;0
3656.75;49999945;570209;552151;0;0;13730;0;0;0;0;0;0;0;0;0;0
3658.75;49999946;571935;553341;0;0;13903;0;0;0;0;0;0;0;0;0;0
3660.75;49999946;570082;551717;0;0;13905;0;0;0;0;0;0;0;0;0;0
3662.75;49999946;571755;553140;0;0;14064;0;0;0;0;0;0;0;0;0;0
3664.75;49999946;570958;551639;0;0;13880;0;0;0;0;0;0;0;0;0;0
3666.75;49999946;572097;553520;0;0;13923;0;0;0;0;0;0;0;0;0;0
3668.75;49999946;570301;552062;0;0;13596;0;0;0;0;0;0;0;0;0;0
3670.75;49999945;571980;553150;0;0;14032;0;0;0;0;0;0;0;0;0;0
3672.75;49999945;571269;551740;0;0;13830;0;0;0;0;0;0;0;0;0;0
3674.75;49999945;572929;553835;0;0;13764;0;0;0;0;0;0;0;0;0;0
3676.75;49999946;570523;552110;0;0;13448;0;0;0;0;0;0;0;0;0;0
3678.75;49999945;572104;553953;0;0;14006;0;0;0;0;0;0;0;0;0;0
3680.75;49999946;570960;552885;0;0;13841;0;0;0;0;0;0;0;0;0;0
3682.75;49999946;572510;553590;0;0;13870;0;0;0;0;0;0;0;0;0;0
3684.75;49999946;570953;552324;0;0;13951;0;0;0;0;0;0;0;0;0;0
3686.75;49999945;571456;552740;0;0;14087;0;0;0;0;0;0;0;0;0;0
3688.75;49999946;570531;552353;0;0;13883;0;0;0;0;0;0;0;0;0;0
3690.75;49999946;571880;553347;0;0;13810;0;0;0;0;0;0;0;0;0;0
3692.75;49999946;570660;552128;0;0;13845;0;0;0;0;0;0;0;0;0;0
3694.75;49999946;571542;553412;0;0;13856;0;0;0;0;0;0;0;0;0;0
3696.75;49999946;571194;551818;0;0;13852;0;0;0;0;0;0;0;0;0;0
3698.75;49999946;571138;552028;0;0;13847;0;0;0;0;0;0;0;0;0;0
3700.75;49999946;571205;552851;0;0;13897;0;0;0;0;0;0;0;0;0;0
3702.75;49999946;571244;552826;0;0;13822;0;0;0;0;0;0;0;0;0;0
3704.75;49999946;570818;552092;0;0;13757;0;0;0;0;0;0;0;0;0;0
3706.75;49999946;571537;553321;0;0;13992;0;0;0;0;0;0;0;0;0;0
3708.76;49999946;571006;552311;0;0;13893;0;0;0;0;0;0;0;0;0;0
3710.76;49999946;571523;552978;0;0;13930;0;0;0;0;0;0;0;0;0;0
3712.76;49999945;571396;553046;0;0;14220;0;0;0;0;0;0;0;0;0;0
3714.76;49999945;571417;552605;0;0;14061;0;0;0;0;0;0;0;0;0;0
3716.76;49999945;571163;552718;0;0;14023;0;0;0;0;0;0;0;0;0;0
3718.76;49999945;571963;553453;0;0;13889;0;0;0;0;0;0;0;0;0;0
3720.76;49999945;571272;553149;0;0;13880;0;0;0;0;0;0;0;0;0;0
3722.76;49999945;571457;553125;0;0;13889;0;0;0;0;0;0;0;0;0;0
3724.76;49999945;570872;552979;0;0;13776;0;0;0;0;0;0;0;0;0;0
3726.76;49999946;571292;553013;0;0;13965;0;0;0;0;0;0;0;0;0;0
3728.76;49999946;570899;552436;0;0;13707;0;0;0;0;0;0;0;0;0;0
3730.76;49999946;571951;553493;0;0;13986;0;0;0;0;0;0;0;0;0;0
3732.76;49999946;571613;553474;0;0;13875;0;0;0;0;0;0;0;0;0;0
3734.76;49999945;570928;552985;0;0;13797;0;0;0;0;0;0;0;0;0;0
3736.76;49999945;571646;553626;0;0;13989;0;0;0;0;0;0;0;0;0;0
3738.76;49999945;571018;553539;0;0;14011;0;0;0;0;0;0;0;0;0;0
3740.76;49999945;571503;553291;0;0;13818;0;0;0;0;0;0;0;0;0;0
3742.76;49999945;571289;552600;0;0;13925;0;0;0;0;0;0;0;0;0;0
3744.76;49999945;571347;553607;0;0;13950;0;0;0;0;0;0;0;0;0;0
3746.76;49999945;571347;552765;0;0;13682;0;0;0;0;0;0;0;0;0;0
3748.76;49999945;572041;553754;0;0;13977;0;0;0;0;0;0;0;0;0;0
3750.76;49999946;571115;552652;0;0;13993;0;0;0;0;0;0;0;0;0;0
3752.76;49999946;571883;553137;0;0;14054;0;0;0;0;0;0;0;0;0;0
3754.76;49999946;570654;551640;0;0;13773;0;0;0;0;0;0;0;0;0;0
3756.76;49999946;572056;553912;0;0;14036;0;0;0;0;0;0;0;0;0;0
3758.76;49999946;570711;551684;0;0;13914;0;0;0;0;0;0;0;0;0;0
3760.76;49999946;572060;553011;0;0;13868;0;0;0;0;0;0;0;0;0;0
3762.76;49999946;570719;552677;0;0;13783;0;0;0;0;0;0;0;0;0;0
3764.76;49999946;571864;553241;0;0;13828;0;0;0;0;0;0;0;0;0;0
3766.77;49999946;570484;551955;0;0;13815;0;0;0;0;0;0;0;0;0;0
3768.77;49999946;572249;554092;0;0;13865;0;0;0;0;0;0;0;0;0;0
3770.77;49999945;570560;552064;0;0;13849;0;0;0;0;0;0;0;0;0;0
3772.77;49999946;571678;553556;0;0;13911;0;0;0;0;0;0;0;0;0;0
3774.77;49999946;570932;552226;0;0;13920;0;0;0;0;0;0;0;0;0;0
3776.77;49999946;572151;553729;0;0;13841;0;0;0;0;0;0;0;0;0;0
3778.77;49999945;570578;551395;0;0;13746;0;0;0;0;0;0;0;0;0;0
3780.77;49999945;571832;553376;0;0;14107;0;0;0;0;0;0;0;0;0;0
3782.77;49999945;570275;551376;0;0;13793;0;0;0;0;0;0;0;0;0;0
3784.77;49999945;572933;553806;0;0;13924;0;0;0;0;0;0;0;0;0;0
3786.77;49999945;570441;552163;0;0;13961;0;0;0;0;0;0;0;0;0;0
3788.77;49999945;572083;553613;0;0;14006;0;0;0;0;0;0;0;0;0;0
3790.77;49999945;570375;551188;0;0;14077;0;0;0;0;0;0;0;0;0;0
3792.77;49999945;571953;553834;0;0;13935;0;0;0;0;0;0;0;0;0;0
3794.77;49999945;570658;552402;0;0;13947;0;0;0;0;0;0;0;0;0;0
3796.77;49999945;572539;553074;0;0;13932;0;0;0;0;0;0;0;0;0;0
3798.77;49999946;571302;551682;0;0;13977;0;0;0;0;0;0;0;0;0;0
3800.77;49999946;572442;553953;0;0;14006;0;0;0;0;0;0;0;0;0;0
3802.77;49999945;570760;551715;0;0;13853;0;0;0;0;0;0;0;0;0;0
3804.77;49999946;572711;553312;0;0;13943;0;0;0;0;0;0;0;0;0;0
3806.77;49999946;570714;551257;0;0;14020;0;0;0;0;0;0;0;0;0;0
3808.77;49999946;572739;552806;0;0;13829;0;0;0;0;0;0;0;0;0;0
3810.78;49999945;570593;551354;0;0;13941;0;0;0;0;0;0;0;0;0;0
3812.78;49999945;572326;553835;0;0;13983;0;0;0;0;0;0;0;0;0;0
3814.78;49999945;570952;551983;0;0;13888;0;0;0;0;0;0;0;0;0;0
3816.78;49999945;572527;553658;0;0;13893;0;0;0;0;0;0;0;0;0;0
3818.78;49999945;570988;551594;0;0;14072;0;0;0;0;0;0;0;0;0;0
3820.78;49999945;572200;553689;0;0;13812;0;0;0;0;0;0;0;0;0;0
3822.78;49999945;570498;551973;0;0;13793;0;0;0;0;0;0;0;0;0;0
3824.78;49999946;574203;554506;0;0;13891;0;0;0;0;0;0;0;0;0;0
3826.78;49999946;572831;554019;0;0;13843;0;0;0;0;0;0;0;0;0;0
3828.78;49999946;573467;555376;0;0;13963;0;0;0;0;0;0;0;0;0;0
3830.78;49999946;572704;553564;0;0;13611;0;0;0;0;0;0;0;0;0;0
3832.78;49999946;573746;555171;0;0;13889;0;0;0;0;0;0;0;0;0;0
3834.78;49999946;573062;553928;0;0;13964;0;0;0;0;0;0;0;0;0;0
3836.78;49999945;573798;554735;0;0;13986;0;0;0;0;0;0;0;0;0;0
3838.78;49999946;572594;553971;0;0;13991;0;0;0;0;0;0;0;0;0;0
3840.78;49999946;574228;555432;0;0;13878;0;0;0;0;0;0;0;0;0;0
3842.78;49999946;573265;553772;0;0;13890;0;0;0;0;0;0;0;0;0;0
3844.78;49999946;573572;554890;0;0;14324;0;0;0;0;0;0;0;0;0;0
3846.78;49999946;572399;553319;0;0;14054;0;0;0;0;0;0;0;0;0;0
3848.78;49999945;573126;555253;0;0;14039;0;0;0;0;0;0;0;0;0;0
3850.78;49999945;572333;553717;0;0;13862;0;0;0;0;0;0;0;0;0;0
3852.78;49999945;573120;555186;0;0;13964;0;0;0;0;0;0;0;0;0;0
3854.78;49999945;572286;553594;0;0;13833;0;0;0;0;0;0;0;0;0;0
3856.78;49999945;573157;554987;0;0;14071;0;0;0;0;0;0;0;0;0;0
3858.78;49999945;572632;553895;0;0;13941;0;0;0;0;0;0;0;0;0;0
3860.78;49999945;573500;555673;0;0;13865;0;0;0;0;0;0;0;0;0;0
3862.78;49999945;572414;553504;0;0;13999;0;0;0;0;0;0;0;0;0;0
3864.79;49999945;573897;554916;0;0;14320;0;0;0;0;0;0;0;0;0;0
3866.80;49999946;573060;554063;0;0;13688;0;0;0;0;0;0;0;0;0;0
3868.80;49999946;573726;555330;0;0;14041;0;0;0;0;0;0;0;0;0;0
3870.80;49999946;572760;554197;0;0;14090;0;0;0;0;0;0;0;0;0;0
3872.80;49999946;573597;554367;0;0;13889;0;0;0;0;0;0;0;0;0;0
3874.80;49999946;573073;554437;0;0;13910;0;0;0;0;0;0;0;0;0;0
3876.80;49999945;573161;554559;0;0;13934;0;0;0;0;0;0;0;0;0;0
3878.80;49999946;572779;553921;0;0;14076;0;0;0;0;0;0;0;0;0;0
3880.80;49999946;573889;555026;0;0;13845;0;0;0;0;0;0;0;0;0;0
3882.80;49999945;572948;554212;0;0;13733;0;0;0;0;0;0;0;0;0;0
3884.80;49999946;572119;553740;0;0;13918;0;0;0;0;0;0;0;0;0;0
3886.80;49999945;570401;552995;0;0;13989;0;0;0;0;0;0;0;0;0;0
3888.80;49999945;572318;553268;0;0;13992;0;0;0;0;0;0;0;0;0;0
3890.80;49999946;570777;552899;0;0;13809;0;0;0;0;0;0;0;0;0;0
3892.80;49999946;572151;553970;0;0;13818;0;0;0;0;0;0;0;0;0;0
3894.80;49999945;570517;552619;0;0;14000;0;0;0;0;0;0;0;0;0;0
3896.80;49999946;572615;553910;0;0;13958;0;0;0;0;0;0;0;0;0;0
3898.80;49999946;571197;553209;0;0;13711;0;0;0;0;0;0;0;0;0;0
3900.80;49999946;572594;553886;0;0;13817;0;0;0;0;0;0;0;0;0;0
3902.80;49999946;571719;552708;0;0;13847;0;0;0;0;0;0;0;0;0;0
3904.80;49999946;572252;553109;0;0;13831;0;0;0;0;0;0;0;0;0;0
3906.80;49999945;572398;553021;0;0;13948;0;0;0;0;0;0;0;0;0;0
3908.80;49999945;572408;553161;0;0;13809;0;0;0;0;0;0;0;0;0;0
3910.80;49999945;572279;552966;0;0;13876;0;0;0;0;0;0;0;0;0;0
3912.81;49999945;571789;554101;0;0;13954;0;0;0;0;0;0;0;0;0;0
3914.81;49999945;571920;552607;0;0;14231;0;0;0;0;0;0;0;0;0;0
3916.81;49999945;572205;553162;0;0;13790;0;0;0;0;0;0;0;0;0;0
3918.81;49999945;572344;553333;0;0;14089;0;0;0;0;0;0;0;0;0;0
3920.81;49999945;572038;553066;0;0;13930;0;0;0;0;0;0;0;0;0;0
3922.81;49999946;572313;552676;0;0;14016;0;0;0;0;0;0;0;0;0;0
3924.81;49999946;572081;552605;0;0;13821;0;0;0;0;0;0;0;0;0;0
3926.81;49999945;572451;553888;0;0;13848;0;0;0;0;0;0;0;0;0;0
3928.81;49999946;571510;552916;0;0;13872;0;0;0;0;0;0;0;0;0;0
3930.81;49999946;572360;554118;0;0;14126;0;0;0;0;0;0;0;0;0;0
3932.81;49999945;571727;553995;0;0;13923;0;0;0;0;0;0;0;0;0;0
3934.81;49999945;572563;553959;0;0;13938;0;0;0;0;0;0;0;0;0;0
3936.81;49999946;572227;553433;0;0;13820;0;0;0;0;0;0;0;0;0;0
3938.81;49999946;572224;553573;0;0;13952;0;0;0;0;0;0;0;0;0;0
3940.81;49999946;571292;552879;0;0;13945;0;0;0;0;0;0;0;0;0;0
3942.81;49999946;572294;553886;0;0;13862;0;0;0;0;0;0;0;0;0;0
3944.81;49999946;571230;552363;0;0;14081;0;0;0;0;0;0;0;0;0;0
3946.81;49999946;570384;551037;0;0;13781;0;0;0;0;0;0;0;0;0;0
3948.81;49999945;568792;550366;0;0;13612;0;0;0;0;0;0;0;0;0;0
3950.81;49999945;571153;552254;0;0;13723;0;0;0;0;0;0;0;0;0;0
3952.81;49999945;568487;549690;0;0;13849;0;0;0;0;0;0;0;0;0;0
3954.81;49999945;570747;552381;0;0;13993;0;0;0;0;0;0;0;0;0;0
3956.81;49999945;569011;549769;0;0;13848;0;0;0;0;0;0;0;0;0;0
3958.81;49999945;571381;552087;0;0;13910;0;0;0;0;0;0;0;0;0;0
3960.81;49999945;568608;549999;0;0;13847;0;0;0;0;0;0;0;0;0;0
3962.82;49999946;571643;552616;0;0;13985;0;0;0;0;0;0;0;0;0;0
3964.82;49999946;569041;550044;0;0;13774;0;0;0;0;0;0;0;0;0;0
3966.82;49999946;570914;552939;0;0;14017;0;0;0;0;0;0;0;0;0;0
3968.82;49999946;568932;550107;0;0;13938;0;0;0;0;0;0;0;0;0;0
3970.82;49999946;570974;552389;0;0;13866;0;0;0;0;0;0;0;0;0;0
3972.82;49999946;568256;550560;0;0;13869;0;0;0;0;0;0;0;0;0;0
3974.82;49999946;570907;552127;0;0;13623;0;0;0;0;0;0;0;0;0;0
3976.82;49999946;568854;550502;0;0;13779;0;0;0;0;0;0;0;0;0;0
3978.82;49999945;570875;552080;0;0;13862;0;0;0;0;0;0;0;0;0;0
3980.82;49999945;568805;550254;0;0;13921;0;0;0;0;0;0;0;0;0;0
3982.82;49999945;570705;552573;0;0;13986;0;0;0;0;0;0;0;0;0;0
3984.82;49999945;568624;550259;0;0;13904;0;0;0;0;0;0;0;0;0;0
3986.82;49999945;570246;553088;0;0;13836;0;0;0;0;0;0;0;0;0;0
3988.82;49999945;568673;549787;0;0;13944;0;0;0;0;0;0;0;0;0;0
3990.82;49999945;570940;552490;0;0;13946;0;0;0;0;0;0;0;0;0;0
3992.82;49999945;568832;550088;0;0;13834;0;0;0;0;0;0;0;0;0;0
3994.82;49999945;570710;552964;0;0;13873;0;0;0;0;0;0;0;0;0;0
3996.82;49999945;568057;550105;0;0;13855;0;0;0;0;0;0;0;0;0;0
3998.82;49999945;570966;552301;0;0;13864;0;0;0;0;0;0;0;0;0;0
4000.82;49999945;568189;550284;0;0;13883;0;0;0;0;0;0;0;0;0;0
4002.82;49999945;571416;551831;0;0;14064;0;0;0;0;0;0;0;0;0;0
4004.82;49999945;568127;549939;0;0;13927;0;0;0;0;0;0;0;0;0;0
4006.82;49999945;570444;552673;0;0;13911;0;0;0;0;0;0;0;0;0;0
4008.82;49999945;567936;550868;0;0;13981;0;0;0;0;0;0;0;0;0;0
4010.82;49999945;570008;552447;0;0;14091;0;0;0;0;0;0;0;0;0;0
4012.82;49999945;568346;549544;0;0;13813;0;0;0;0;0;0;0;0;0;0
4014.83;49999946;570540;552492;0;0;13945;0;0;0;0;0;0;0;0;0;0
4016.83;49999945;567995;550376;0;0;14154;0;0;0;0;0;0;0;0;0;0
4018.83;49999946;570836;553367;0;0;13926;0;0;0;0;0;0;0;0;0;0
4020.83;49999946;568027;550504;0;0;13912;0;0;0;0;0;0;0;0;0;0
4022.83;49999946;570913;552587;0;0;13809;0;0;0;0;0;0;0;0;0;0
4024.83;49999946;568834;550478;0;0;13850;0;0;0;0;0;0;0;0;0;0
4026.83;49999946;570798;552380;0;0;14006;0;0;0;0;0;0;0;0;0;0
4028.83;49999946;568250;549951;0;0;13920;0;0;0;0;0;0;0;0;0;0
4030.83;49999946;570473;553048;0;0;13779;0;0;0;0;0;0;0;0;0;0
4032.83;49999946;568418;550263;0;0;13825;0;0;0;0;0;0;0;0;0;0
4034.83;49999946;570505;552770;0;0;14076;0;0;0;0;0;0;0;0;0;0
4036.83;49999946;568810;550862;0;0;13640;0;0;0;0;0;0;0;0;0;0
4038.83;49999945;569901;553207;0;0;14042;0;0;0;0;0;0;0;0;0;0
4040.83;49999945;568376;551076;0;0;13843;0;0;0;0;0;0;0;0;0;0
4042.83;49999945;570478;553066;0;0;13904;0;0;0;0;0;0;0;0;0;0
4044.83;49999945;568467;550581;0;0;13815;0;0;0;0;0;0;0;0;0;0
4046.83;49999945;570829;553351;0;0;13821;0;0;0;0;0;0;0;0;0;0
4048.83;49999945;568265;550204;0;0;13779;0;0;0;0;0;0;0;0;0;0
4050.83;49999945;570066;553201;0;0;14003;0;0;0;0;0;0;0;0;0;0
4052.83;49999946;568391;550701;0;0;13664;0;0;0;0;0;0;0;0;0;0
4054.83;49999946;570930;553070;0;0;13810;0;0;0;0;0;0;0;0;0;0
4056.83;49999945;567141;550276;0;0;13857;0;0;0;0;0;0;0;0;0;0
4058.84;49999945;569992;553350;0;0;14013;0;0;0;0;0;0;0;0;0;0
4060.84;49999945;568165;550825;0;0;13931;0;0;0;0;0;0;0;0;0;0
4062.84;49999945;570777;553313;0;0;13648;0;0;0;0;0;0;0;0;0;0
4064.84;49999945;568015;550623;0;0;14066;0;0;0;0;0;0;0;0;0;0
4066.84;49999945;571959;554688;0;0;13856;0;0;0;0;0;0;0;0;0;0
4068.84;49999945;570495;553197;0;0;13834;0;0;0;0;0;0;0;0;0;0
4070.84;49999945;571308;554378;0;0;13855;0;0;0;0;0;0;0;0;0;0
4072.84;49999945;570781;553264;0;0;13836;0;0;0;0;0;0;0;0;0;0
4074.84;49999946;572070;554679;0;0;13972;0;0;0;0;0;0;0;0;0;0
4076.84;49999946;570824;553601;0;0;14101;0;0;0;0;0;0;0;0;0;0
4078.84;49999946;572145;555269;0;0;13863;0;0;0;0;0;0;0;0;0;0
4080.84;49999945;570639;553666;0;0;14033;0;0;0;0;0;0;0;0;0;0
4082.84;49999946;571368;554417;0;0;14122;0;0;0;0;0;0;0;0;0;0
4084.84;49999946;570717;553368;0;0;13861;0;0;0;0;0;0;0;0;0;0
4086.84;49999945;571590;553832;0;0;13861;0;0;0;0;0;0;0;0;0;0
4088.84;49999945;571196;553622;0;0;13894;0;0;0;0;0;0;0;0;0;0
4090.84;49999946;571794;554647;0;0;13536;0;0;0;0;0;0;0;0;0;0
4092.84;49999946;571075;553784;0;0;13809;0;0;0;0;0;0;0;0;0;0
4094.84;49999946;570725;554049;0;0;14093;0;0;0;0;0;0;0;0;0;0
4096.84;49999946;571484;554600;0;0;14026;0;0;0;0;0;0;0;0;0;0
4098.84;49999946;571284;553945;0;0;14036;0;0;0;0;0;0;0;0;0;0
4100.84;49999946;571488;553814;0;0;13967;0;0;0;0;0;0;0;0;0;0
4102.84;49999946;571427;554606;0;0;13859;0;0;0;0;0;0;0;0;0;0
4104.84;49999945;571345;554395;0;0;13981;0;0;0;0;0;0;0;0;0;0
4106.85;49999945;570825;553517;0;0;14054;0;0;0;0;0;0;0;0;0;0
4108.85;49999945;570956;555117;0;0;14091;0;0;0;0;0;0;0;0;0;0
4110.85;49999945;570571;553632;0;0;14118;0;0;0;0;0;0;0;0;0;0
4112.85;49999945;570664;554002;0;0;13872;0;0;0;0;0;0;0;0;0;0
4114.85;49999945;570418;553964;0;0;13953;0;0;0;0;0;0;0;0;0;0
4116.85;49999945;570991;554882;0;0;13798;0;0;0;0;0;0;0;0;0;0
4118.85;49999945;570638;553962;0;0;14110;0;0;0;0;0;0;0;0;0;0
4120.85;49999945;571403;553754;0;0;13968;0;0;0;0;0;0;0;0;0;0
4122.85;49999945;570443;553395;0;0;14066;0;0;0;0;0;0;0;0;0;0
4124.85;49999946;571673;553958;0;0;14004;0;0;0;0;0;0;0;0;0;0
4126.85;49999946;570145;552808;0;0;13902;0;0;0;0;0;0;0;0;0;0
4128.85;49999945;571973;554973;0;0;13787;0;0;0;0;0;0;0;0;0;0
4130.85;49999945;571050;554193;0;0;14044;0;0;0;0;0;0;0;0;0;0
4132.85;49999945;572433;555084;0;0;14012;0;0;0;0;0;0;0;0;0;0
4134.85;49999945;570741;553498;0;0;14032;0;0;0;0;0;0;0;0;0;0
4136.85;49999945;572235;554929;0;0;14140;0;0;0;0;0;0;0;0;0;0
4138.85;49999945;570546;553357;0;0;13926;0;0;0;0;0;0;0;0;0;0
4140.85;49999946;571763;554078;0;0;13957;0;0;0;0;0;0;0;0;0;0
4142.85;49999945;570272;552543;0;0;13720;0;0;0;0;0;0;0;0;0;0
4144.85;49999945;572172;555123;0;0;13808;0;0;0;0;0;0;0;0;0;0
4146.85;49999945;569784;553108;0;0;13908;0;0;0;0;0;0;0;0;0;0
4148.85;49999945;571657;554908;0;0;13907;0;0;0;0;0;0;0;0;0;0
4150.85;49999945;570539;552303;0;0;13909;0;0;0;0;0;0;0;0;0;0
4152.85;49999945;572141;554986;0;0;14021;0;0;0;0;0;0;0;0;0;0
4154.85;49999946;570168;552767;0;0;13686;0;0;0;0;0;0;0;0;0;0
4156.85;49999946;571835;554248;0;0;13935;0;0;0;0;0;0;0;0;0;0
4158.86;49999946;570315;553120;0;0;14024;0;0;0;0;0;0;0;0;0;0
4160.86;49999945;571787;555066;0;0;13717;0;0;0;0;0;0;0;0;0;0
4162.86;49999946;570250;553117;0;0;13800;0;0;0;0;0;0;0;0;0;0
4164.86;49999946;572466;554566;0;0;14124;0;0;0;0;0;0;0;0;0;0
4166.86;49999945;569885;552742;0;0;14014;0;0;0;0;0;0;0;0;0;0
4168.86;49999945;571864;554054;0;0;13920;0;0;0;0;0;0;0;0;0;0
4170.86;49999945;570761;553533;0;0;13691;0;0;0;0;0;0;0;0;0;0
4172.86;49999945;571630;554876;0;0;14022;0;0;0;0;0;0;0;0;0;0
4174.86;49999945;569969;552795;0;0;13816;0;0;0;0;0;0;0;0;0;0
4176.86;49999945;572051;555349;0;0;13928;0;0;0;0;0;0;0;0;0;0
4178.86;49999945;570279;552829;0;0;13807;0;0;0;0;0;0;0;0;0;0
4180.86;49999946;571833;554874;0;0;13793;0;0;0;0;0;0;0;0;0;0
4182.86;49999945;570614;552852;0;0;14010;0;0;0;0;0;0;0;0;0;0
4184.86;49999945;571925;554684;0;0;13590;0;0;0;0;0;0;0;0;0;0
4186.86;49999945;570228;553064;0;0;14012;0;0;0;0;0;0;0;0;0;0
4188.86;49999945;572520;556182;0;0;14016;0;0;0;0;0;0;0;0;0;0
4190.86;49999945;571511;554583;0;0;13876;0;0;0;0;0;0;0;0;0;0
4192.86;49999945;572576;555493;0;0;14232;0;0;0;0;0;0;0;0;0;0
4194.86;49999945;571989;554726;0;0;14171;0;0;0;0;0;0;0;0;0;0
4196.86;49999945;573387;556060;0;0;14029;0;0;0;0;0;0;0;0;0;0
4198.86;49999945;572278;554597;0;0;14098;0;0;0;0;0;0;0;0;0;0
4200.86;49999945;573115;555525;0;0;14205;0;0;0;0;0;0;0;0;0;0
4202.86;49999945;572052;554566;0;0;13812;0;0;0;0;0;0;0;0;0;0
4204.86;49999945;572813;556084;0;0;13962;0;0;0;0;0;0;0;0;0;0
4206.87;49999945;571954;554305;0;0;14012;0;0;0;0;0;0;0;0;0;0
4208.87;49999946;573223;555086;0;0;13918;0;0;0;0;0;0;0;0;0;0
4210.87;49999946;571960;555059;0;0;13972;0;0;0;0;0;0;0;0;0;0
4212.87;49999945;572990;555556;0;0;13805;0;0;0;0;0;0;0;0;0;0
4214.87;49999945;571830;554991;0;0;13874;0;0;0;0;0;0;0;0;0;0
4216.87;49999946;572979;556355;0;0;13710;0;0;0;0;0;0;0;0;0;0
4218.87;49999945;571567;554818;0;0;13967;0;0;0;0;0;0;0;0;0;0
4220.87;49999945;572680;555569;0;0;13807;0;0;0;0;0;0;0;0;0;0
4222.87;49999945;571752;555020;0;0;13896;0;0;0;0;0;0;0;0;0;0
4224.87;49999945;573319;556351;0;0;13993;0;0;0;0;0;0;0;0;0;0
4226.87;49999945;572456;554773;0;0;14158;0;0;0;0;0;0;0;0;0;0
4228.87;49999946;572920;556094;0;0;13751;0;0;0;0;0;0;0;0;0;0
4230.87;49999945;571727;554262;0;0;13880;0;0;0;0;0;0;0;0;0;0
4232.87;49999945;572712;556178;0;0;13919;0;0;0;0;0;0;0;0;0;0
4234.87;49999945;572057;554759;0;0;13911;0;0;0;0;0;0;0;0;0;0
4236.87;49999945;572860;556115;0;0;13972;0;0;0;0;0;0;0;0;0;0
4238.87;49999945;571574;555106;0;0;13765;0;0;0;0;0;0;0;0;0;0
4240.87;49999946;572674;555503;0;0;13902;0;0;0;0;0;0;0;0;0;0
4242.87;49999945;571263;554683;0;0;13797;0;0;0;0;0;0;0;0;0;0
4244.87;49999945;572615;556048;0;0;13801;0;0;0;0;0;0;0;0;0;0
4246.87;49999945;572095;555036;0;0;13957;0;0;0;0;0;0;0;0;0;0
4248.87;49999945;571777;554571;0;0;13875;0;0;0;0;0;0;0;0;0;0
4250.87;49999945;570296;553164;0;0;13778;0;0;0;0;0;0;0;0;0;0
4252.87;49999945;572200;555352;0;0;13689;0;0;0;0;0;0;0;0;0;0
4254.88;49999945;570290;553666;0;0;13844;0;0;0;0;0;0;0;0;0;0
4256.88;49999945;571557;555103;0;0;14022;0;0;0;0;0;0;0;0;0;0
4258.88;49999946;569694;553230;0;0;13943;0;0;0;0;0;0;0;0;0;0
4260.88;49999946;571479;554599;0;0;13769;0;0;0;0;0;0;0;0;0;0
4262.88;49999946;569579;553456;0;0;13974;0;0;0;0;0;0;0;0;0;0
4264.88;49999946;571646;554273;0;0;13729;0;0;0;0;0;0;0;0;0;0
4266.88;49999946;569395;552910;0;0;14111;0;0;0;0;0;0;0;0;0;0
4268.88;49999945;571287;554295;0;0;13930;0;0;0;0;0;0;0;0;0;0
4270.88;49999946;570120;553689;0;0;13761;0;0;0;0;0;0;0;0;0;0
4272.88;49999946;570938;554530;0;0;13976;0;0;0;0;0;0;0;0;0;0
4274.88;49999946;570328;553368;0;0;13792;0;0;0;0;0;0;0;0;0;0
4276.88;49999945;571598;554588;0;0;13806;0;0;0;0;0;0;0;0;0;0
4278.88;49999946;570002;553455;0;0;14287;0;0;0;0;0;0;0;0;0;0
4280.88;49999945;571779;555085;0;0;13893;0;0;0;0;0;0;0;0;0;0
4282.88;49999945;570099;553075;0;0;13982;0;0;0;0;0;0;0;0;0;0
4284.88;49999945;571569;554275;0;0;13884;0;0;0;0;0;0;0;0;0;0
4286.88;49999945;569882;553020;0;0;13792;0;0;0;0;0;0;0;0;0;0
4288.88;49999945;571747;555330;0;0;13844;0;0;0;0;0;0;0;0;0;0
4290.88;49999946;569611;553490;0;0;13940;0;0;0;0;0;0;0;0;0;0
4292.88;49999946;571385;555160;0;0;13707;0;0;0;0;0;0;0;0;0;0
4294.88;49999946;570139;553319;0;0;14150;0;0;0;0;0;0;0;0;0;0
4296.88;49999946;570961;554858;0;0;13833;0;0;0;0;0;0;0;0;0;0
4298.88;49999946;569713;552811;0;0;13735;0;0;0;0;0;0;0;0;0;0
4300.88;49999946;571583;555115;0;0;13867;0;0;0;0;0;0;0;0;0;0
4302.89;49999946;569959;552947;0;0;13883;0;0;0;0;0;0;0;0;0;0
4304.89;49999946;571690;555011;0;0;13935;0;0;0;0;0;0;0;0;0;0
4306.89;49999946;570268;552598;0;0;14014;0;0;0;0;0;0;0;0;0;0
4308.89;49999946;573091;556071;0;0;13778;0;0;0;0;0;0;0;0;0;0
4310.89;49999945;572236;554429;0;0;13865;0;0;0;0;0;0;0;0;0;0
4312.89;49999945;572762;556215;0;0;13892;0;0;0;0;0;0;0;0;0;0
4314.89;49999945;571798;555313;0;0;13914;0;0;0;0;0;0;0;0;0;0
4316.89;49999945;572840;555922;0;0;13800;0;0;0;0;0;0;0;0;0;0
4318.89;49999945;571971;554554;0;0;13984;0;0;0;0;0;0;0;0;0;0
4320.89;49999946;572687;555230;0;0;13988;0;0;0;0;0;0;0;0;0;0
4322.89;49999946;571824;554731;0;0;13956;0;0;0;0;0;0;0;0;0;0
4324.89;49999946;573039;555258;0;0;13834;0;0;0;0;0;0;0;0;0;0
4326.89;49999946;571175;553754;0;0;13985;0;0;0;0;0;0;0;0;0;0
4328.89;49999946;573112;555793;0;0;13896;0;0;0;0;0;0;0;0;0;0
4330.89;49999946;571677;554858;0;0;13854;0;0;0;0;0;0;0;0;0;0
4332.89;49999946;572633;555517;0;0;13800;0;0;0;0;0;0;0;0;0;0
4334.89;49999946;572029;554463;0;0;14100;0;0;0;0;0;0;0;0;0;0
4336.89;49999946;573225;556002;0;0;14006;0;0;0;0;0;0;0;0;0;0
4338.89;49999946;571721;554007;0;0;13993;0;0;0;0;0;0;0;0;0;0
4340.89;49999946;572282;554451;0;0;13857;0;0;0;0;0;0;0;0;0;0
4342.89;49999946;571694;554558;0;0;14066;0;0;0;0;0;0;0;0;0;0
4344.90;49999946;572490;554730;0;0;13863;0;0;0;0;0;0;0;0;0;0
4346.90;49999946;571896;554122;0;0;13976;0;0;0;0;0;0;0;0;0;0
4348.90;49999946;571781;555240;0;0;13825;0;0;0;0;0;0;0;0;0;0
4350.90;49999946;571083;554531;0;0;13770;0;0;0;0;0;0;0;0;0;0
4352.90;49999946;571733;554777;0;0;13995;0;0;0;0;0;0;0;0;0;0
4354.90;49999945;571536;553953;0;0;14115;0;0;0;0;0;0;0;0;0;0
4356.90;49999945;571646;554194;0;0;14023;0;0;0;0;0;0;0;0;0;0
4358.90;49999945;571438;555142;0;0;14056;0;0;0;0;0;0;0;0;0;0
4360.90;49999945;571913;555095;0;0;14033;0;0;0;0;0;0;0;0;0;0
4362.90;49999945;571418;554282;0;0;13895;0;0;0;0;0;0;0;0;0;0
4364.90;49999945;572538;554474;0;0;14206;0;0;0;0;0;0;0;0;0;0
4366.90;49999946;572412;555122;0;0;13757;0;0;0;0;0;0;0;0;0;0
4368.90;49999945;571228;553766;0;0;13841;0;0;0;0;0;0;0;0;0;0
4370.90;49999946;571017;553254;0;0;13769;0;0;0;0;0;0;0;0;0;0
4372.90;49999946;569969;553032;0;0;14023;0;0;0;0;0;0;0;0;0;0
4374.90;49999946;570384;553702;0;0;13844;0;0;0;0;0;0;0;0;0;0
4376.90;49999946;570460;552456;0;0;13894;0;0;0;0;0;0;0;0;0;0
4378.90;49999945;570597;553537;0;0;13791;0;0;0;0;0;0;0;0;0;0
4380.90;49999945;570838;552782;0;0;13674;0;0;0;0;0;0;0;0;0;0
4382.90;49999945;570848;553259;0;0;13822;0;0;0;0;0;0;0;0;0;0
4384.90;49999945;570590;553323;0;0;13831;0;0;0;0;0;0;0;0;0;0
4386.90;49999945;571068;553437;0;0;14032;0;0;0;0;0;0;0;0;0;0
4388.90;49999945;570285;552929;0;0;13829;0;0;0;0;0;0;0;0;0;0
4390.90;49999945;570511;553592;0;0;13974;0;0;0;0;0;0;0;0;0;0
4392.90;49999945;569577;553073;0;0;13928;0;0;0;0;0;0;0;0;0;0
4394.90;49999945;570207;554010;0;0;13883;0;0;0;0;0;0;0;0;0;0
4396.91;49999946;570229;552927;0;0;14012;0;0;0;0;0;0;0;0;0;0
4398.91;49999946;570926;554044;0;0;14073;0;0;0;0;0;0;0;0;0;0
4400.91;49999946;570367;553433;0;0;13899;0;0;0;0;0;0;0;0;0;0
4402.91;49999945;570882;553397;0;0;13924;0;0;0;0;0;0;0;0;0;0
4404.91;49999945;570506;553201;0;0;14002;0;0;0;0;0;0;0;0;0;0
4406.91;49999945;570958;553571;0;0;13721;0;0;0;0;0;0;0;0;0;0
4408.91;49999945;570010;553143;0;0;13906;0;0;0;0;0;0;0;0;0;0
4410.91;49999945;571366;554132;0;0;13951;0;0;0;0;0;0;0;0;0;0
4412.91;49999945;570306;553346;0;0;13957;0;0;0;0;0;0;0;0;0;0
4414.91;49999945;571538;553819;0;0;13759;0;0;0;0;0;0;0;0;0;0
4416.91;49999945;569982;553254;0;0;13854;0;0;0;0;0;0;0;0;0;0
4418.91;49999945;570597;553403;0;0;13885;0;0;0;0;0;0;0;0;0;0
4420.91;49999945;569853;552904;0;0;13776;0;0;0;0;0;0;0;0;0;0
4422.91;49999945;571101;554242;0;0;13815;0;0;0;0;0;0;0;0;0;0
4424.91;49999945;569650;552461;0;0;14034;0;0;0;0;0;0;0;0;0;0
4426.91;49999945;571148;553295;0;0;13829;0;0;0;0;0;0;0;0;0;0
4428.91;49999945;569349;552074;0;0;13809;0;0;0;0;0;0;0;0;0;0
4430.91;49999945;570891;554142;0;0;14005;0;0;0;0;0;0;0;0;0;0
4432.91;49999945;569984;552683;0;0;14091;0;0;0;0;0;0;0;0;0;0
4434.92;49999945;571302;553843;0;0;13698;0;0;0;0;0;0;0;0;0;0
4436.92;49999945;569812;552850;0;0;13507;0;0;0;0;0;0;0;0;0;0
4438.92;49999945;571275;554338;0;0;14068;0;0;0;0;0;0;0;0;0;0
4440.92;49999945;570080;553170;0;0;13864;0;0;0;0;0;0;0;0;0;0
4442.92;49999946;571490;554627;0;0;13975;0;0;0;0;0;0;0;0;0;0
4444.92;49999946;570572;553133;0;0;13897;0;0;0;0;0;0;0;0;0;0
4446.92;49999945;571920;553715;0;0;13575;0;0;0;0;0;0;0;0;0;0
4448.92;49999945;570157;552534;0;0;13903;0;0;0;0;0;0;0;0;0;0
4450.92;49999945;571447;553892;0;0;13792;0;0;0;0;0;0;0;0;0;0
4452.92;49999945;569382;552222;0;0;14048;0;0;0;0;0;0;0;0;0;0
4454.92;49999945;571196;553581;0;0;13834;0;0;0;0;0;0;0;0;0;0
4456.92;49999945;569738;552742;0;0;13898;0;0;0;0;0;0;0;0;0;0
4458.92;49999945;571906;554162;0;0;13970;0;0;0;0;0;0;0;0;0;0
4460.92;49999945;569615;552414;0;0;13936;0;0;0;0;0;0;0;0;0;0
4462.92;49999945;571335;554088;0;0;13735;0;0;0;0;0;0;0;0;0;0
4464.92;49999945;569568;553077;0;0;13822;0;0;0;0;0;0;0;0;0;0
4466.92;49999946;570830;554235;0;0;13750;0;0;0;0;0;0;0;0;0;0
4468.92;49999946;569402;552219;0;0;13935;0;0;0;0;0;0;0;0;0;0
4470.92;49999946;571253;554346;0;0;13954;0;0;0;0;0;0;0;0;0;0
4472.92;49999946;569392;551911;0;0;13880;0;0;0;0;0;0;0;0;0;0
4474.92;49999946;570701;553716;0;0;14075;0;0;0;0;0;0;0;0;0;0
4476.92;49999946;569157;552210;0;0;13729;0;0;0;0;0;0;0;0;0;0
4478.92;49999946;571275;554156;0;0;13817;0;0;0;0;0;0;0;0;0;0
4480.92;49999945;569204;552043;0;0;13918;0;0;0;0;0;0;0;0;0;0
4482.93;49999945;571140;554579;0;0;13827;0;0;0;0;0;0;0;0;0;0
4484.93;49999946;569067;552148;0;0;13908;0;0;0;0;0;0;0;0;0;0
4486.93;49999945;570742;553955;0;0;13689;0;0;0;0;0;0;0;0;0;0
4488.93;49999945;569133;552946;0;0;14055;0;0;0;0;0;0;0;0;0;0
4490.93;49999946;571028;554998;0;0;14020;0;0;0;0;0;0;0;0;0;0
4492.93;49999946;569537;552711;0;0;13731;0;0;0;0;0;0;0;0;0;0
4494.93;49999946;571399;554404;0;0;14088;0;0;0;0;0;0;0;0;0;0
4496.93;49999946;569392;552882;0;0;14091;0;0;0;0;0;0;0;0;0;0
4498.93;49999946;571768;553924;0;0;13868;0;0;0;0;0;0;0;0;0;0
4500.93;49999946;569997;552417;0;0;13964;0;0;0;0;0;0;0;0;0;0
4502.93;49999946;571209;554813;0;0;13729;0;0;0;0;0;0;0;0;0;0
4504.93;49999946;569209;552874;0;0;13853;0;0;0;0;0;0;0;0;0;0
4506.93;49999945;571512;554280;0;0;13936;0;0;0;0;0;0;0;0;0;0
4508.93;49999945;569517;552199;0;0;13672;0;0;0;0;0;0;0;0;0;0
4510.93;49999946;570619;554061;0;0;13812;0;0;0;0;0;0;0;0;0;0
4512.93;49999946;569612;552048;0;0;13715;0;0;0;0;0;0;0;0;0;0
4514.93;49999946;571098;554021;0;0;13841;0;0;0;0;0;0;0;0;0;0
4516.93;49999946;569262;552204;0;0;13973;0;0;0;0;0;0;0;0;0;0
4518.93;49999946;571586;554278;0;0;13973;0;0;0;0;0;0;0;0;0;0
4520.93;49999946;569530;552353;0;0;13769;0;0;0;0;0;0;0;0;0;0
4522.93;49999946;570947;554087;0;0;13911;0;0;0;0;0;0;0;0;0;0
4524.93;49999946;570043;553023;0;0;13987;0;0;0;0;0;0;0;0;0;0
4526.94;49999946;571584;553925;0;0;13909;0;0;0;0;0;0;0;0;0;0
4528.94;49999946;569872;552406;0;0;13957;0;0;0;0;0;0;0;0;0;0
4530.94;49999946;571139;553087;0;0;14073;0;0;0;0;0;0;0;0;0;0
4532.94;49999945;569553;552190;0;0;13796;0;0;0;0;0;0;0;0;0;0
4534.94;49999945;570428;553858;0;0;13846;0;0;0;0;0;0;0;0;0;0
4536.94;49999946;569589;552401;0;0;13830;0;0;0;0;0;0;0;0;0;0
4538.94;49999945;571090;553065;0;0;13995;0;0;0;0;0;0;0;0;0;0
4540.94;49999946;569776;552903;0;0;13953;0;0;0;0;0;0;0;0;0;0
4542.94;49999945;570742;553343;0;0;13948;0;0;0;0;0;0;0;0;0;0
4544.94;49999945;570385;552732;0;0;13900;0;0;0;0;0;0;0;0;0;0
4546.94;49999946;570583;552982;0;0;13593;0;0;0;0;0;0;0;0;0;0
4548.94;49999946;570374;552692;0;0;13858;0;0;0;0;0;0;0;0;0;0
4550.94;49999946;570439;553343;0;0;13900;0;0;0;0;0;0;0;0;0;0
4552.94;49999946;570245;552316;0;0;13830;0;0;0;0;0;0;0;0;0;0
4554.94;49999946;570601;553224;0;0;13951;0;0;0;0;0;0;0;0;0;0
4556.94;49999945;570275;552856;0;0;13746;0;0;0;0;0;0;0;0;0;0
4558.94;49999945;570907;553254;0;0;13962;0;0;0;0;0;0;0;0;0;0
4560.94;49999945;570564;552709;0;0;13945;0;0;0;0;0;0;0;0;0;0
4562.94;49999945;570460;553177;0;0;13978;0;0;0;0;0;0;0;0;0;0
4564.94;49999945;570224;552576;0;0;13886;0;0;0;0;0;0;0;0;0;0
4566.94;49999945;570658;553070;0;0;13973;0;0;0;0;0;0;0;0;0;0
4568.94;49999945;570099;552825;0;0;13618;0;0;0;0;0;0;0;0;0;0
4570.94;49999945;570704;553215;0;0;13977;0;0;0;0;0;0;0;0;0;0
4572.95;49999945;570097;552885;0;0;13954;0;0;0;0;0;0;0;0;0;0
4574.95;49999945;570271;553445;0;0;13691;0;0;0;0;0;0;0;0;0;0
4576.95;49999945;570828;553423;0;0;14059;0;0;0;0;0;0;0;0;0;0
4578.95;49999945;570262;552742;0;0;13732;0;0;0;0;0;0;0;0;0;0
4580.95;49999945;570676;553903;0;0;13762;0;0;0;0;0;0;0;0;0;0
4582.95;49999945;569915;553086;0;0;14010;0;0;0;0;0;0;0;0;0;0
4584.95;49999945;571084;553179;0;0;13948;0;0;0;0;0;0;0;0;0;0
4586.95;49999946;569359;552207;0;0;14086;0;0;0;0;0;0;0;0;0;0
4588.95;49999946;570455;553505;0;0;14007;0;0;0;0;0;0;0;0;0;0
4590.95;49999946;569729;553191;0;0;14075;0;0;0;0;0;0;0;0;0;0
4592.95;49999946;571115;554217;0;0;14108;0;0;0;0;0;0;0;0;0;0
4594.95;49999946;570445;552825;0;0;13826;0;0;0;0;0;0;0;0;0;0
4596.95;49999946;570855;554046;0;0;13812;0;0;0;0;0;0;0;0;0;0
4598.95;49999946;570217;552625;0;0;13978;0;0;0;0;0;0;0;0;0;0
4600.95;49999946;571628;553810;0;0;13952;0;0;0;0;0;0;0;0;0;0
4602.95;49999946;569625;552284;0;0;13788;0;0;0;0;0;0;0;0;0;0
4604.95;49999945;570922;553958;0;0;13833;0;0;0;0;0;0;0;0;0;0
4606.95;49999945;569852;552100;0;0;13906;0;0;0;0;0;0;0;0;0;0
4608.95;49999945;571338;554116;0;0;14090;0;0;0;0;0;0;0;0;0;0
4610.95;49999945;569900;552351;0;0;13698;0;0;0;0;0;0;0;0;0;0
4612.95;49999946;572376;555423;0;0;13759;0;0;0;0;0;0;0;0;0;0
4614.95;49999946;570825;553921;0;0;13759;0;0;0;0;0;0;0;0;0;0
4616.95;49999946;571076;555054;0;0;13935;0;0;0;0;0;0;0;0;0;0
4618.95;49999946;571164;554152;0;0;14014;0;0;0;0;0;0;0;0;0;0
4620.95;49999946;572147;555108;0;0;13984;0;0;0;0;0;0;0;0;0;0
4622.96;49999946;571485;553613;0;0;13917;0;0;0;0;0;0;0;0;0;0
4624.96;49999946;572417;555180;0;0;13886;0;0;0;0;0;0;0;0;0;0
4626.96;49999945;570885;554500;0;0;14032;0;0;0;0;0;0;0;0;0;0
4628.96;49999945;571898;555378;0;0;13918;0;0;0;0;0;0;0;0;0;0
4630.96;49999945;570826;554109;0;0;13914;0;0;0;0;0;0;0;0;0;0
4632.96;49999945;572008;555211;0;0;14023;0;0;0;0;0;0;0;0;0;0
4634.96;49999945;571114;554383;0;0;13934;0;0;0;0;0;0;0;0;0;0
4636.96;49999946;571802;555694;0;0;13978;0;0;0;0;0;0;0;0;0;0
4638.96;49999946;571664;554404;0;0;13882;0;0;0;0;0;0;0;0;0;0
4640.96;49999946;572064;555709;0;0;13926;0;0;0;0;0;0;0;0;0;0
4642.96;49999946;570891;554220;0;0;13963;0;0;0;0;0;0;0;0;0;0
4644.96;49999945;571805;554968;0;0;13966;0;0;0;0;0;0;0;0;0;0
4646.96;49999945;570614;553819;0;0;13961;0;0;0;0;0;0;0;0;0;0
4648.96;49999946;572003;554764;0;0;13887;0;0;0;0;0;0;0;0;0;0
4650.96;49999945;570831;553905;0;0;13853;0;0;0;0;0;0;0;0;0;0
4652.96;49999945;572182;555738;0;0;13804;0;0;0;0;0;0;0;0;0;0
4654.96;49999946;571050;554132;0;0;13888;0;0;0;0;0;0;0;0;0;0
4656.96;49999946;571953;555078;0;0;13900;0;0;0;0;0;0;0;0;0;0
4658.96;49999945;571758;554781;0;0;13843;0;0;0;0;0;0;0;0;0;0
4660.96;49999945;572101;555022;0;0;13882;0;0;0;0;0;0;0;0;0;0
4662.96;49999945;571353;554737;0;0;14107;0;0;0;0;0;0;0;0;0;0
4664.96;49999945;572293;556227;0;0;13799;0;0;0;0;0;0;0;0;0;0
4666.96;49999946;571286;554360;0;0;14020;0;0;0;0;0;0;0;0;0;0
4668.96;49999945;572298;555394;0;0;13630;0;0;0;0;0;0;0;0;0;0
4670.96;49999945;571208;555197;0;0;14170;0;0;0;0;0;0;0;0;0;0
4672.96;49999945;571501;554323;0;0;13844;0;0;0;0;0;0;0;0;0;0
4674.96;49999945;569157;553001;0;0;14015;0;0;0;0;0;0;0;0;0;0
4676.97;49999945;571711;554815;0;0;13972;0;0;0;0;0;0;0;0;0;0
4678.97;49999945;569810;552461;0;0;13963;0;0;0;0;0;0;0;0;0;0
4680.97;49999945;570682;554428;0;0;13975;0;0;0;0;0;0;0;0;0;0
4682.97;49999945;570054;552580;0;0;13586;0;0;0;0;0;0;0;0;0;0
4684.97;49999945;571050;554211;0;0;13785;0;0;0;0;0;0;0;0;0;0
4686.97;49999945;569658;552775;0;0;13965;0;0;0;0;0;0;0;0;0;0
4688.97;49999945;570616;554069;0;0;13763;0;0;0;0;0;0;0;0;0;0
4690.97;49999946;568916;551998;0;0;13816;0;0;0;0;0;0;0;0;0;0
4692.97;49999946;570821;553873;0;0;14128;0;0;0;0;0;0;0;0;0;0
4694.97;49999946;568883;552782;0;0;13939;0;0;0;0;0;0;0;0;0;0
4696.97;49999946;570645;554452;0;0;14148;0;0;0;0;0;0;0;0;0;0
4698.97;49999945;569400;553031;0;0;13929;0;0;0;0;0;0;0;0;0;0
4700.97;49999946;570652;554106;0;0;13978;0;0;0;0;0;0;0;0;0;0
4702.97;49999946;569334;552357;0;0;13846;0;0;0;0;0;0;0;0;0;0
4704.97;49999946;570158;553635;0;0;13899;0;0;0;0;0;0;0;0;0;0
4706.97;49999946;568484;552160;0;0;13914;0;0;0;0;0;0;0;0;0;0
4708.97;49999946;570653;553963;0;0;13938;0;0;0;0;0;0;0;0;0;0
4710.97;49999946;568987;552586;0;0;13867;0;0;0;0;0;0;0;0;0;0
4712.97;49999945;570356;554011;0;0;13713;0;0;0;0;0;0;0;0;0;0
4714.97;49999945;569183;552908;0;0;13946;0;0;0;0;0;0;0;0;0;0
4716.97;49999945;570637;553834;0;0;14053;0;0;0;0;0;0;0;0;0;0
4718.97;49999946;569484;552733;0;0;13863;0;0;0;0;0;0;0;0;0;0
4720.97;49999946;571040;554274;0;0;13934;0;0;0;0;0;0;0;0;0;0
4722.98;49999945;568759;552340;0;0;13841;0;0;0;0;0;0;0;0;0;0
4724.98;49999945;570202;553680;0;0;13914;0;0;0;0;0;0;0;0;0;0
4726.98;49999945;569993;552656;0;0;13899;0;0;0;0;0;0;0;0;0;0
4728.98;49999945;570211;553145;0;0;13810;0;0;0;0;0;0;0;0;0;0
4730.98;49999945;569837;552669;0;0;13937;0;0;0;0;0;0;0;0;0;0
4732.98;49999945;570175;553745;0;0;14114;0;0;0;0;0;0;0;0;0;0
4734.98;49999945;569294;552575;0;0;13775;0;0;0;0;0;0;0;0;0;0
4736.98;49999946;570316;553732;0;0;14104;0;0;0;0;0;0;0;0;0;0
4738.98;49999945;568961;552409;0;0;13983;0;0;0;0;0;0;0;0;0;0
4740.98;49999946;570024;553550;0;0;13818;0;0;0;0;0;0;0;0;0;0
4742.98;49999946;568513;552351;0;0;13626;0;0;0;0;0;0;0;0;0;0
4744.98;49999946;570136;553308;0;0;14091;0;0;0;0;0;0;0;0;0;0
4746.98;49999946;569624;552714;0;0;14001;0;0;0;0;0;0;0;0;0;0
4748.98;49999946;569377;553331;0;0;13609;0;0;0;0;0;0;0;0;0;0
4750.98;49999946;569215;553474;0;0;13564;0;0;0;0;0;0;0;0;0;0
4752.98;49999945;570005;552806;0;0;13934;0;0;0;0;0;0;0;0;0;0
4754.98;49999945;569884;552685;0;0;13644;0;0;0;0;0;0;0;0;0;0
4756.98;49999946;569740;553522;0;0;13951;0;0;0;0;0;0;0;0;0;0
4758.98;49999946;569359;552684;0;0;13927;0;0;0;0;0;0;0;0;0;0
4760.98;49999945;569874;552869;0;0;14022;0;0;0;0;0;0;0;0;0;0
4762.99;49999945;570052;553406;0;0;13964;0;0;0;0;0;0;0;0;0;0
4764.99;49999945;569762;552749;0;0;13856;0;0;0;0;0;0;0;0;0;0
4766.99;49999945;569779;553595;0;0;13725;0;0;0;0;0;0;0;0;0;0
4768.99;49999946;569946;553077;0;0;13816;0;0;0;0;0;0;0;0;0;0
4770.99;49999946;569739;553325;0;0;14127;0;0;0;0;0;0;0;0;0;0
4772.99;49999946;569503;552959;0;0;13786;0;0;0;0;0;0;0;0;0;0
4774.99;49999946;569815;553341;0;0;14008;0;0;0;0;0;0;0;0;0;0
4776.99;49999946;569361;553202;0;0;13790;0;0;0;0;0;0;0;0;0;0
4778.99;49999946;570164;553976;0;0;13621;0;0;0;0;0;0;0;0;0;0
4780.99;49999946;569576;553141;0;0;13830;0;0;0;0;0;0;0;0;0;0
4782.99;49999946;570463;553034;0;0;14120;0;0;0;0;0;0;0;0;0;0
4784.99;49999945;569526;552698;0;0;13617;0;0;0;0;0;0;0;0;0;0
4786.99;49999945;570466;553069;0;0;14003;0;0;0;0;0;0;0;0;0;0
4788.99;49999946;569370;552530;0;0;13661;0;0;0;0;0;0;0;0;0;0
4790.99;49999946;570148;553277;0;0;13925;0;0;0;0;0;0;0;0;0;0
4792.99;49999946;568989;552576;0;0;13838;0;0;0;0;0;0;0;0;0;0
4794.99;49999946;570100;553738;0;0;13861;0;0;0;0;0;0;0;0;0;0
4796.99;49999946;568497;552265;0;0;13868;0;0;0;0;0;0;0;0;0;0
4798.99;49999946;570515;554702;0;0;13836;0;0;0;0;0;0;0;0;0;0
4800.99;49999946;568906;552396;0;0;13860;0;0;0;0;0;0;0;0;0;0
4802.99;49999946;570291;554046;0;0;13834;0;0;0;0;0;0;0;0;0;0
4804.99;49999946;568605;552384;0;0;13749;0;0;0;0;0;0;0;0;0;0
4806.99;49999946;570291;553388;0;0;13863;0;0;0;0;0;0;0;0;0;0
4808.99;49999946;568735;551947;0;0;13967;0;0;0;0;0;0;0;0;0;0
4810.99;49999946;570175;553190;0;0;13881;0;0;0;0;0;0;0;0;0;0
4813.00;49999946;568915;552097;0;0;13737;0;0;0;0;0;0;0;0;0;0
4815.00;49999946;570448;553914;0;0;13552;0;0;0;0;0;0;0;0;0;0
4817.00;49999946;568816;551693;0;0;13895;0;0;0;0;0;0;0;0;0;0
4819.00;49999946;570315;554064;0;0;13931;0;0;0;0;0;0;0;0;0;0
4821.00;49999946;569223;551666;0;0;14030;0;0;0;0;0;0;0;0;0;0
4823.00;49999946;570358;554040;0;0;13820;0;0;0;0;0;0;0;0;0;0
4825.00;49999946;569088;552139;0;0;13827;0;0;0;0;0;0;0;0;0;0
4827.00;49999946;570504;553379;0;0;13971;0;0;0;0;0;0;0;0;0;0
4829.00;49999946;569282;552414;0;0;13929;0;0;0;0;0;0;0;0;0;0
4831.00;49999946;571097;554347;0;0;13802;0;0;0;0;0;0;0;0;0;0
4833.00;49999946;569517;551985;0;0;13735;0;0;0;0;0;0;0;0;0;0
4835.00;49999946;570584;553922;0;0;13888;0;0;0;0;0;0;0;0;0;0
4837.00;49999946;569192;552285;0;0;14017;0;0;0;0;0;0;0;0;0;0
4839.00;49999946;570846;553712;0;0;13900;0;0;0;0;0;0;0;0;0;0
4841.00;49999946;569290;552636;0;0;14196;0;0;0;0;0;0;0;0;0;0
4843.00;49999946;571246;554031;0;0;13779;0;0;0;0;0;0;0;0;0;0
4845.00;49999946;568877;552351;0;0;13775;0;0;0;0;0;0;0;0;0;0
4847.00;49999946;571077;554213;0;0;13892;0;0;0;0;0;0;0;0;0;0
4849.00;49999946;569185;552647;0;0;13684;0;0;0;0;0;0;0;0;0;0
4851.00;49999946;570978;554266;0;0;13770;0;0;0;0;0;0;0;0;0;0
4853.00;49999945;568880;552146;0;0;13840;0;0;0;0;0;0;0;0;0;0
4855.00;49999945;570700;554148;0;0;13952;0;0;0;0;0;0;0;0;0;0
4857.00;49999945;568705;551604;0;0;13624;0;0;0;0;0;0;0;0;0;0
4859.00;49999945;570581;553304;0;0;13817;0;0;0;0;0;0;0;0;0;0
4861.00;49999945;568711;551953;0;0;14002;0;0;0;0;0;0;0;0;0;0
4863.00;49999945;571160;553716;0;0;13919;0;0;0;0;0;0;0;0;0;0
4865.01;49999946;568974;552133;0;0;13731;0;0;0;0;0;0;0;0;0;0
4867.01;49999946;570798;554091;0;0;14107;0;0;0;0;0;0;0;0;0;0
4869.01;49999946;568658;552662;0;0;13855;0;0;0;0;0;0;0;0;0;0
4871.01;49999946;570827;553741;0;0;13825;0;0;0;0;0;0;0;0;0;0
4873.01;49999945;568930;551519;0;0;13899;0;0;0;0;0;0;0;0;0;0
4875.01;49999945;570656;554170;0;0;13922;0;0;0;0;0;0;0;0;0;0
4877.01;49999946;568769;552172;0;0;14024;0;0;0;0;0;0;0;0;0;0
4879.01;49999945;570358;554104;0;0;13989;0;0;0;0;0;0;0;0;0;0
4881.01;49999945;568927;552346;0;0;13928;0;0;0;0;0;0;0;0;0;0
4883.01;49999945;570406;554304;0;0;13902;0;0;0;0;0;0;0;0;0;0
4885.01;49999946;568796;551721;0;0;13774;0;0;0;0;0;0;0;0;0;0
4887.01;49999946;570925;553893;0;0;13829;0;0;0;0;0;0;0;0;0;0
4889.01;49999946;569194;552297;0;0;14117;0;0;0;0;0;0;0;0;0;0
4891.01;49999946;570349;553688;0;0;13838;0;0;0;0;0;0;0;0;0;0
4893.01;49999946;569062;552600;0;0;13795;0;0;0;0;0;0;0;0;0;0
4895.01;49999946;570660;553806;0;0;13545;0;0;0;0;0;0;0;0;0;0
4897.01;49999945;568292;552224;0;0;13887;0;0;0;0;0;0;0;0;0;0
4899.01;49999946;571106;553524;0;0;14047;0;0;0;0;0;0;0;0;0;0
4901.01;49999946;568523;551503;0;0;13858;0;0;0;0;0;0;0;0;0;0
4903.01;49999946;570528;553860;0;0;13842;0;0;0;0;0;0;0;0;0;0
4905.01;49999946;568685;551947;0;0;13846;0;0;0;0;0;0;0;0;0;0
4907.01;49999946;570938;553047;0;0;13894;0;0;0;0;0;0;0;0;0;0
4909.01;49999946;568484;551386;0;0;13961;0;0;0;0;0;0;0;0;0;0
4911.01;49999946;570026;553810;0;0;14003;0;0;0;0;0;0;0;0;0;0
4913.01;49999946;568970;551916;0;0;14051;0;0;0;0;0;0;0;0;0;0
4915.01;49999945;569933;552993;0;0;14036;0;0;0;0;0;0;0;0;0;0
4917.02;49999946;569072;551855;0;0;13770;0;0;0;0;0;0;0;0;0;0
4919.02;49999946;570316;552860;0;0;14045;0;0;0;0;0;0;0;0;0;0
4921.02;49999946;569455;551983;0;0;13732;0;0;0;0;0;0;0;0;0;0
4923.02;49999945;569539;553164;0;0;13991;0;0;0;0;0;0;0;0;0;0
4925.02;49999945;568931;551894;0;0;13799;0;0;0;0;0;0;0;0;0;0
4927.02;49999945;569675;552840;0;0;13871;0;0;0;0;0;0;0;0;0;0
4929.02;49999945;568498;551998;0;0;13952;0;0;0;0;0;0;0;0;0;0
4931.02;49999946;569390;552527;0;0;13804;0;0;0;0;0;0;0;0;0;0
4933.02;49999946;569407;552618;0;0;14130;0;0;0;0;0;0;0;0;0;0
4935.02;49999946;569600;552381;0;0;13842;0;0;0;0;0;0;0;0;0;0
4937.02;49999945;569348;552212;0;0;13896;0;0;0;0;0;0;0;0;0;0
4939.02;49999945;569905;552634;0;0;13684;0;0;0;0;0;0;0;0;0;0
4941.02;49999945;569697;552412;0;0;14046;0;0;0;0;0;0;0;0;0;0
4943.02;49999946;569394;552820;0;0;13819;0;0;0;0;0;0;0;0;0;0
4945.02;49999946;569462;552791;0;0;13844;0;0;0;0;0;0;0;0;0;0
4947.02;49999946;569976;553502;0;0;13960;0;0;0;0;0;0;0;0;0;0
4949.02;49999946;570320;552647;0;0;13945;0;0;0;0;0;0;0;0;0;0
4951.02;49999946;569398;552299;0;0;13903;0;0;0;0;0;0;0;0;0;0
4953.02;49999946;570369;552810;0;0;13854;0;0;0;0;0;0;0;0;0;0
4955.02;49999946;570036;552325;0;0;13854;0;0;0;0;0;0;0;0;0;0
4957.02;49999946;570115;552811;0;0;13886;0;0;0;0;0;0;0;0;0;0
4959.02;49999945;569839;552035;0;0;13867;0;0;0;0;0;0;0;0;0;0
4961.02;49999945;570460;553344;0;0;14073;0;0;0;0;0;0;0;0;0;0
4963.02;49999945;569209;552579;0;0;13833;0;0;0;0;0;0;0;0;0;0
4965.02;49999945;570598;553113;0;0;13927;0;0;0;0;0;0;0;0;0;0
4967.03;49999945;569209;551733;0;0;14057;0;0;0;0;0;0;0;0;0;0
4969.03;49999945;570301;552720;0;0;13974;0;0;0;0;0;0;0;0;0;0
4971.03;49999945;569351;552267;0;0;13892;0;0;0;0;0;0;0;0;0;0
4973.03;49999945;570216;553483;0;0;14136;0;0;0;0;0;0;0;0;0;0
4975.03;49999945;569271;551430;0;0;13967;0;0;0;0;0;0;0;0;0;0
4977.03;49999945;570371;553302;0;0;14033;0;0;0;0;0;0;0;0;0;0
4979.03;49999945;569745;552474;0;0;13858;0;0;0;0;0;0;0;0;0;0
4981.03;49999945;570753;553077;0;0;13965;0;0;0;0;0;0;0;0;0;0
4983.03;49999945;569436;551674;0;0;13736;0;0;0;0;0;0;0;0;0;0
4985.03;49999945;570813;554114;0;0;13961;0;0;0;0;0;0;0;0;0;0
4987.03;49999946;569297;552076;0;0;14107;0;0;0;0;0;0;0;0;0;0
4989.03;49999946;570088;553441;0;0;13773;0;0;0;0;0;0;0;0;0;0
4991.03;49999945;569044;551554;0;0;13658;0;0;0;0;0;0;0;0;0;0
4993.03;49999945;570004;553947;0;0;13971;0;0;0;0;0;0;0;0;0;0
4995.03;49999946;568840;551841;0;0;13944;0;0;0;0;0;0;0;0;0;0
4997.03;49999945;570668;554091;0;0;13919;0;0;0;0;0;0;0;0;0;0
4999.03;49999946;569053;552183;0;0;13819;0;0;0;0;0;0;0;0;0;0
5001.03;49999945;570274;553437;0;0;13883;0;0;0;0;0;0;0;0;0;0
5003.03;49999945;569103;551325;0;0;13959;0;0;0;0;0;0;0;0;0;0
5005.03;49999945;570656;554488;0;0;14006;0;0;0;0;0;0;0;0;0;0
5007.03;49999945;568743;552102;0;0;13704;0;0;0;0;0;0;0;0;0;0
5009.03;49999945;570948;553780;0;0;13995;0;0;0;0;0;0;0;0;0;0
5011.03;49999946;569503;551854;0;0;13865;0;0;0;0;0;0;0;0;0;0
5013.03;49999945;570375;553199;0;0;13904;0;0;0;0;0;0;0;0;0;0
5015.03;49999945;568864;552332;0;0;14001;0;0;0;0;0;0;0;0;0;0
5017.03;49999945;570704;553541;0;0;13908;0;0;0;0;0;0;0;0;0;0
5019.03;49999946;568363;551498;0;0;13900;0;0;0;0;0;0;0;0;0;0
5021.04;49999946;570535;552586;0;0;13971;0;0;0;0;0;0;0;0;0;0
5023.04;49999946;569180;551079;0;0;13937;0;0;0;0;0;0;0;0;0;0
5025.04;49999946;570153;553235;0;0;13995;0;0;0;0;0;0;0;0;0;0
5027.04;49999946;568897;551246;0;0;14060;0;0;0;0;0;0;0;0;0;0
5029.04;49999946;570545;553133;0;0;13977;0;0;0;0;0;0;0;0;0;0
5031.04;49999946;568654;551863;0;0;13909;0;0;0;0;0;0;0;0;0;0
5033.04;49999946;570933;553093;0;0;13805;0;0;0;0;0;0;0;0;0;0
5035.04;49999946;568951;552387;0;0;14013;0;0;0;0;0;0;0;0;0;0
5037.04;49999946;570700;553460;0;0;13882;0;0;0;0;0;0;0;0;0;0
5039.04;49999946;569008;551587;0;0;14015;0;0;0;0;0;0;0;0;0;0
5041.04;49999945;571341;553489;0;0;13805;0;0;0;0;0;0;0;0;0;0
5043.04;49999946;568571;551882;0;0;13802;0;0;0;0;0;0;0;0;0;0
5045.04;49999946;570435;553870;0;0;13961;0;0;0;0;0;0;0;0;0;0
5047.04;49999946;568319;551836;0;0;13986;0;0;0;0;0;0;0;0;0;0
5049.04;49999946;570693;553865;0;0;13795;0;0;0;0;0;0;0;0;0;0
5051.04;49999945;569228;551894;0;0;13972;0;0;0;0;0;0;0;0;0;0
5053.04;49999946;570157;553391;0;0;14043;0;0;0;0;0;0;0;0;0;0
5055.04;49999945;568947;552019;0;0;14003;0;0;0;0;0;0;0;0;0;0
5057.04;49999945;570645;553970;0;0;14002;0;0;0;0;0;0;0;0;0;0
5059.04;49999946;569097;551622;0;0;13946;0;0;0;0;0;0;0;0;0;0
5061.04;49999946;570328;553444;0;0;13950;0;0;0;0;0;0;0;0;0;0
5063.04;49999945;568548;552089;0;0;13819;0;0;0;0;0;0;0;0;0;0
5065.04;49999945;570144;553942;0;0;13664;0;0;0;0;0;0;0;0;0;0
5067.04;49999945;568484;552538;0;0;13946;0;0;0;0;0;0;0;0;0;0
5069.04;49999945;570839;553833;0;0;13953;0;0;0;0;0;0;0;0;0;0
5071.04;49999946;568736;552114;0;0;13776;0;0;0;0;0;0;0;0;0;0
5073.05;49999945;570493;553571;0;0;14016;0;0;0;0;0;0;0;0;0;0
5075.05;49999945;568752;551803;0;0;13965;0;0;0;0;0;0;0;0;0;0
5077.05;49999945;571003;552577;0;0;13798;0;0;0;0;0;0;0;0;0;0
5079.05;49999945;568242;551273;0;0;13667;0;0;0;0;0;0;0;0;0;0
5081.05;49999945;570953;553301;0;0;13904;0;0;0;0;0;0;0;0;0;0
5083.05;49999946;569156;552045;0;0;13937;0;0;0;0;0;0;0;0;0;0
5085.05;49999946;570749;552746;0;0;13878;0;0;0;0;0;0;0;0;0;0
5087.05;49999946;568135;551626;0;0;13869;0;0;0;0;0;0;0;0;0;0
5089.05;49999946;571362;553243;0;0;14018;0;0;0;0;0;0;0;0;0;0
5091.05;49999945;568561;551204;0;0;13795;0;0;0;0;0;0;0;0;0;0
5093.05;49999945;570782;553267;0;0;13727;0;0;0;0;0;0;0;0;0;0
5095.05;49999945;568733;551981;0;0;13760;0;0;0;0;0;0;0;0;0;0
5097.05;49999945;570678;552952;0;0;13856;0;0;0;0;0;0;0;0;0;0
5099.05;49999945;568714;551162;0;0;14049;0;0;0;0;0;0;0;0;0;0
5101.05;49999946;569771;553183;0;0;13834;0;0;0;0;0;0;0;0;0;0
5103.05;49999946;568950;551849;0;0;13655;0;0;0;0;0;0;0;0;0;0
5105.05;49999946;570150;552682;0;0;13919;0;0;0;0;0;0;0;0;0;0
5107.05;49999946;569692;551606;0;0;13873;0;0;0;0;0;0;0;0;0;0
5109.05;49999946;569960;552354;0;0;13968;0;0;0;0;0;0;0;0;0;0
5111.05;49999945;569208;551746;0;0;13792;0;0;0;0;0;0;0;0;0;0
5113.05;49999945;570178;552452;0;0;13828;0;0;0;0;0;0;0;0;0;0
5115.05;49999945;568847;552140;0;0;13661;0;0;0;0;0;0;0;0;0;0
5117.05;49999945;569448;552498;0;0;13877;0;0;0;0;0;0;0;0;0;0
5119.06;49999945;569496;551999;0;0;14008;0;0;0;0;0;0;0;0;0;0
5121.06;49999945;569654;552112;0;0;14085;0;0;0;0;0;0;0;0;0;0
5123.06;49999945;569512;552026;0;0;13798;0;0;0;0;0;0;0;0;0;0
5125.06;49999945;569839;552300;0;0;13776;0;0;0;0;0;0;0;0;0;0
5127.06;49999945;569239;551628;0;0;13788;0;0;0;0;0;0;0;0;0;0
5129.06;49999945;569753;552724;0;0;13757;0;0;0;0;0;0;0;0;0;0
5131.06;49999945;569365;552293;0;0;13927;0;0;0;0;0;0;0;0;0;0
5133.06;49999946;569698;551716;0;0;13779;0;0;0;0;0;0;0;0;0;0
5135.06;49999946;569527;551814;0;0;13743;0;0;0;0;0;0;0;0;0;0
5137.06;49999946;569841;551954;0;0;14027;0;0;0;0;0;0;0;0;0;0
5139.06;49999946;569898;551906;0;0;13877;0;0;0;0;0;0;0;0;0;0
5141.06;49999945;569626;551819;0;0;13983;0;0;0;0;0;0;0;0;0;0
5143.06;49999945;569365;552814;0;0;13934;0;0;0;0;0;0;0;0;0;0
5145.06;49999945;569408;552337;0;0;13943;0;0;0;0;0;0;0;0;0;0
5147.06;49999945;569685;552510;0;0;13943;0;0;0;0;0;0;0;0;0;0
5149.06;49999945;570138;551968;0;0;13838;0;0;0;0;0;0;0;0;0;0
5151.06;49999945;571192;553480;0;0;14022;0;0;0;0;0;0;0;0;0;0
5153.06;49999945;569483;552089;0;0;13773;0;0;0;0;0;0;0;0;0;0
5155.06;49999945;570539;552285;0;0;13903;0;0;0;0;0;0;0;0;0;0
5157.06;49999945;568894;552244;0;0;13905;0;0;0;0;0;0;0;0;0;0
5159.06;49999946;570978;552850;0;0;13963;0;0;0;0;0;0;0;0;0;0
5161.06;49999946;569155;552698;0;0;13728;0;0;0;0;0;0;0;0;0;0
5163.06;49999945;570373;552717;0;0;13581;0;0;0;0;0;0;0;0;0;0
5165.06;49999945;569733;551982;0;0;13938;0;0;0;0;0;0;0;0;0;0
5167.06;49999945;570763;553061;0;0;13843;0;0;0;0;0;0;0;0;0;0
5169.06;49999946;568854;552014;0;0;13648;0;0;0;0;0;0;0;0;0;0
5171.07;49999945;570749;553286;0;0;13975;0;0;0;0;0;0;0;0;0;0
5173.07;49999945;569013;551421;0;0;14019;0;0;0;0;0;0;0;0;0;0
5175.07;49999945;570533;552564;0;0;13808;0;0;0;0;0;0;0;0;0;0
5177.07;49999945;568642;550979;0;0;13781;0;0;0;0;0;0;0;0;0;0
5179.07;49999946;570529;552824;0;0;14006;0;0;0;0;0;0;0;0;0;0
5181.07;49999946;569161;550864;0;0;14034;0;0;0;0;0;0;0;0;0;0
5183.07;49999946;569875;552528;0;0;13924;0;0;0;0;0;0;0;0;0;0
5185.07;49999945;569232;551328;0;0;13721;0;0;0;0;0;0;0;0;0;0
5187.07;49999945;570871;553733;0;0;14019;0;0;0;0;0;0;0;0;0;0
5189.07;49999945;568852;551044;0;0;14010;0;0;0;0;0;0;0;0;0;0
5191.07;49999945;570403;552660;0;0;14155;0;0;0;0;0;0;0;0;0;0
5193.07;49999945;569117;551763;0;0;14050;0;0;0;0;0;0;0;0;0;0
5195.07;49999945;571090;553143;0;0;14091;0;0;0;0;0;0;0;0;0;0
5197.07;49999945;568762;551284;0;0;14023;0;0;0;0;0;0;0;0;0;0
5199.07;49999945;571048;553072;0;0;13762;0;0;0;0;0;0;0;0;0;0
5201.07;49999945;569279;551640;0;0;14089;0;0;0;0;0;0;0;0;0;0
5203.07;49999945;570917;552252;0;0;13862;0;0;0;0;0;0;0;0;0;0
5205.07;49999945;569452;551619;0;0;13699;0;0;0;0;0;0;0;0;0;0
5207.07;49999945;570794;553162;0;0;13923;0;0;0;0;0;0;0;0;0;0
5209.07;49999945;568555;551355;0;0;14055;0;0;0;0;0;0;0;0;0;0
5211.07;49999945;570500;552779;0;0;13959;0;0;0;0;0;0;0;0;0;0
5213.07;49999945;568680;551366;0;0;13963;0;0;0;0;0;0;0;0;0;0
5215.07;49999946;570088;552239;0;0;13893;0;0;0;0;0;0;0;0;0;0
5217.08;49999946;568637;551106;0;0;13802;0;0;0;0;0;0;0;0;0;0
5219.08;49999946;570343;552814;0;0;13995;0;0;0;0;0;0;0;0;0;0
5221.08;49999946;568884;551262;0;0;13650;0;0;0;0;0;0;0;0;0;0
5223.08;49999946;570685;552927;0;0;13986;0;0;0;0;0;0;0;0;0;0
5225.08;49999946;569385;551401;0;0;13858;0;0;0;0;0;0;0;0;0;0
5227.08;49999945;571155;553615;0;0;13778;0;0;0;0;0;0;0;0;0;0
5229.08;49999946;569109;551563;0;0;13775;0;0;0;0;0;0;0;0;0;0
5231.08;49999946;571127;552942;0;0;13974;0;0;0;0;0;0;0;0;0;0
5233.08;49999946;569269;551092;0;0;13899;0;0;0;0;0;0;0;0;0;0
5235.08;49999946;570568;552884;0;0;13935;0;0;0;0;0;0;0;0;0;0
5237.08;49999946;568309;551337;0;0;13873;0;0;0;0;0;0;0;0;0;0
5239.08;49999946;570586;553368;0;0;13996;0;0;0;0;0;0;0;0;0;0
5241.08;49999946;568648;550870;0;0;13810;0;0;0;0;0;0;0;0;0;0
5243.08;49999946;570988;553045;0;0;13598;0;0;0;0;0;0;0;0;0;0
5245.08;49999946;569111;550771;0;0;13726;0;0;0;0;0;0;0;0;0;0
5247.08;49999946;570963;552900;0;0;13915;0;0;0;0;0;0;0;0;0;0
5249.08;49999945;568658;550781;0;0;13949;0;0;0;0;0;0;0;0;0;0
5251.08;49999946;570163;552670;0;0;13904;0;0;0;0;0;0;0;0;0;0
5253.08;49999946;568551;551384;0;0;13989;0;0;0;0;0;0;0;0;0;0
5255.08;49999946;570546;553343;0;0;13871;0;0;0;0;0;0;0;0;0;0
5257.08;49999945;568914;550813;0;0;13851;0;0;0;0;0;0;0;0;0;0
5259.08;49999945;570899;552788;0;0;14009;0;0;0;0;0;0;0;0;0;0
5261.08;49999946;569472;551469;0;0;13861;0;0;0;0;0;0;0;0;0;0
5263.08;49999945;570716;553405;0;0;13833;0;0;0;0;0;0;0;0;0;0
5265.08;49999946;568830;550839;0;0;13782;0;0;0;0;0;0;0;0;0;0
5267.09;49999946;570806;553227;0;0;13877;0;0;0;0;0;0;0;0;0;0
5269.09;49999946;568787;551439;0;0;13772;0;0;0;0;0;0;0;0;0;0
5271.09;49999946;570946;552801;0;0;13832;0;0;0;0;0;0;0;0;0;0
5273.09;49999946;568999;551235;0;0;13977;0;0;0;0;0;0;0;0;0;0
5275.09;49999946;570714;552602;0;0;13987;0;0;0;0;0;0;0;0;0;0
5277.09;49999946;569442;551051;0;0;13915;0;0;0;0;0;0;0;0;0;0
5279.09;49999945;570948;553141;0;0;14062;0;0;0;0;0;0;0;0;0;0
5281.09;49999945;569350;551498;0;0;13910;0;0;0;0;0;0;0;0;0;0
5283.09;49999945;571140;553271;0;0;13928;0;0;0;0;0;0;0;0;0;0
5285.09;49999945;570008;551145;0;0;13937;0;0;0;0;0;0;0;0;0;0
5287.09;49999945;570482;553127;0;0;13965;0;0;0;0;0;0;0;0;0;0
5289.09;49999945;569382;551802;0;0;13885;0;0;0;0;0;0;0;0;0;0
5291.09;49999945;570703;552496;0;0;13907;0;0;0;0;0;0;0;0;0;0
5293.09;49999946;569404;551879;0;0;14104;0;0;0;0;0;0;0;0;0;0
5295.09;49999946;570790;552926;0;0;14207;0;0;0;0;0;0;0;0;0;0
5297.09;49999946;570672;551909;0;0;13923;0;0;0;0;0;0;0;0;0;0
5299.09;49999946;570363;552609;0;0;13857;0;0;0;0;0;0;0;0;0;0
5301.09;49999945;568937;551670;0;0;13966;0;0;0;0;0;0;0;0;0;0
5303.09;49999945;569586;552057;0;0;13884;0;0;0;0;0;0;0;0;0;0
5305.09;49999945;569632;551250;0;0;13846;0;0;0;0;0;0;0;0;0;0
5307.09;49999945;570132;551712;0;0;13859;0;0;0;0;0;0;0;0;0;0
5309.09;49999945;569474;552520;0;0;13891;0;0;0;0;0;0;0;0;0;0
5311.09;49999946;569859;551950;0;0;14080;0;0;0;0;0;0;0;0;0;0
5313.09;49999946;569873;552464;0;0;14032;0;0;0;0;0;0;0;0;0;0
5315.09;49999946;569814;551850;0;0;13786;0;0;0;0;0;0;0;0;0;0
5317.09;49999945;569753;552491;0;0;13775;0;0;0;0;0;0;0;0;0;0
5319.09;49999946;569338;552120;0;0;13876;0;0;0;0;0;0;0;0;0;0
5321.09;49999945;569939;552140;0;0;14148;0;0;0;0;0;0;0;0;0;0
5323.10;49999945;569797;552012;0;0;13931;0;0;0;0;0;0;0;0;0;0
5325.10;49999945;569923;552562;0;0;14012;0;0;0;0;0;0;0;0;0;0
5327.10;49999946;569807;552486;0;0;13856;0;0;0;0;0;0;0;0;0;0
5329.10;49999946;569904;552746;0;0;13795;0;0;0;0;0;0;0;0;0;0
5331.10;49999946;569869;551709;0;0;14186;0;0;0;0;0;0;0;0;0;0
5333.10;49999946;569981;552246;0;0;13866;0;0;0;0;0;0;0;0;0;0
5335.10;49999946;569735;552195;0;0;13726;0;0;0;0;0;0;0;0;0;0
5337.10;49999946;571050;553214;0;0;13863;0;0;0;0;0;0;0;0;0;0
5339.10;49999946;569774;551927;0;0;14021;0;0;0;0;0;0;0;0;0;0
5341.10;49999946;568698;551253;0;0;13727;0;0;0;0;0;0;0;0;0;0
5343.10;49999946;566940;550653;0;0;13821;0;0;0;0;0;0;0;0;0;0
5345.10;49999946;568529;550734;0;0;13601;0;0;0;0;0;0;0;0;0;0
5347.10;49999945;567077;549452;0;0;13855;0;0;0;0;0;0;0;0;0;0
5349.10;49999946;568728;551469;0;0;13838;0;0;0;0;0;0;0;0;0;0
5351.10;49999946;567197;549232;0;0;13699;0;0;0;0;0;0;0;0;0;0
5353.10;49999946;569471;551474;0;0;13963;0;0;0;0;0;0;0;0;0;0
5355.10;49999946;566755;548870;0;0;13659;0;0;0;0;0;0;0;0;0;0
5357.10;49999946;569660;551616;0;0;13907;0;0;0;0;0;0;0;0;0;0
5359.10;49999946;566883;548289;0;0;13898;0;0;0;0;0;0;0;0;0;0
5361.10;49999946;569209;551415;0;0;14031;0;0;0;0;0;0;0;0;0;0
5363.10;49999945;567152;548834;0;0;13666;0;0;0;0;0;0;0;0;0;0
5365.10;49999946;569390;551470;0;0;13999;0;0;0;0;0;0;0;0;0;0
5367.10;49999946;566661;549290;0;0;13824;0;0;0;0;0;0;0;0;0;0
5369.10;49999946;568763;551146;0;0;13691;0;0;0;0;0;0;0;0;0;0
5371.10;49999945;566129;548718;0;0;13763;0;0;0;0;0;0;0;0;0;0
5373.10;49999945;569141;551387;0;0;13741;0;0;0;0;0;0;0;0;0;0
5375.11;49999946;567148;549594;0;0;14004;0;0;0;0;0;0;0;0;0;0
5377.11;49999946;569136;551499;0;0;13807;0;0;0;0;0;0;0;0;0;0
5379.11;49999946;566165;549430;0;0;13833;0;0;0;0;0;0;0;0;0;0
5381.11;49999946;569323;552411;0;0;14017;0;0;0;0;0;0;0;0;0;0
5383.11;49999945;566896;549439;0;0;14106;0;0;0;0;0;0;0;0;0;0
5385.11;49999946;569649;551745;0;0;13887;0;0;0;0;0;0;0;0;0;0
5387.11;49999946;566794;549181;0;0;13600;0;0;0;0;0;0;0;0;0;0
5389.11;49999945;569682;552046;0;0;13909;0;0;0;0;0;0;0;0;0;0
5391.11;49999945;566576;548863;0;0;13823;0;0;0;0;0;0;0;0;0;0
5393.11;49999945;569792;551995;0;0;13817;0;0;0;0;0;0;0;0;0;0
5395.11;49999946;566834;549772;0;0;13884;0;0;0;0;0;0;0;0;0;0
5397.11;49999945;569181;551429;0;0;13811;0;0;0;0;0;0;0;0;0;0
5399.11;49999946;566523;548377;0;0;13636;0;0;0;0;0;0;0;0;0;0
5401.11;49999946;571360;553547;0;0;13954;0;0;0;0;0;0;0;0;0;0
5403.11;49999946;569065;552024;0;0;14024;0;0;0;0;0;0;0;0;0;0
5405.11;49999946;570448;553040;0;0;13895;0;0;0;0;0;0;0;0;0;0
5407.11;49999946;569003;551173;0;0;13688;0;0;0;0;0;0;0;0;0;0
5409.11;49999946;570564;553571;0;0;13820;0;0;0;0;0;0;0;0;0;0
5411.11;49999946;569146;551885;0;0;13728;0;0;0;0;0;0;0;0;0;0
5413.11;49999945;570869;552459;0;0;13820;0;0;0;0;0;0;0;0;0;0
5415.11;49999945;569131;551873;0;0;13820;0;0;0;0;0;0;0;0;0;0
5417.11;49999945;571671;553698;0;0;13891;0;0;0;0;0;0;0;0;0;0
5419.11;49999945;568569;551187;0;0;13613;0;0;0;0;0;0;0;0;0;0
5421.11;49999945;570882;553004;0;0;13942;0;0;0;0;0;0;0;0;0;0
5423.11;49999945;569525;551631;0;0;13883;0;0;0;0;0;0;0;0;0;0
5425.12;49999945;570626;553333;0;0;14072;0;0;0;0;0;0;0;0;0;0
5427.12;49999945;569358;551634;0;0;13762;0;0;0;0;0;0;0;0;0;0
5429.12;49999946;571409;552818;0;0;13967;0;0;0;0;0;0;0;0;0;0
5431.12;49999946;568853;551950;0;0;13867;0;0;0;0;0;0;0;0;0;0
5433.12;49999945;570522;553172;0;0;13975;0;0;0;0;0;0;0;0;0;0
5435.12;49999945;569010;551369;0;0;13751;0;0;0;0;0;0;0;0;0;0
5437.12;49999946;570926;553836;0;0;13985;0;0;0;0;0;0;0;0;0;0
5439.12;49999946;569049;551310;0;0;13612;0;0;0;0;0;0;0;0;0;0
5441.12;49999946;570919;553575;0;0;13738;0;0;0;0;0;0;0;0;0;0
5443.12;49999946;569385;551172;0;0;14011;0;0;0;0;0;0;0;0;0;0
5445.12;49999946;570923;553043;0;0;14149;0;0;0;0;0;0;0;0;0;0
5447.12;49999946;569527;550809;0;0;13845;0;0;0;0;0;0;0;0;0;0
5449.12;49999945;571586;552856;0;0;13795;0;0;0;0;0;0;0;0;0;0
5451.12;49999945;569494;551099;0;0;13905;0;0;0;0;0;0;0;0;0;0
5453.12;49999945;570723;552362;0;0;13867;0;0;0;0;0;0;0;0;0;0
5455.12;49999946;568824;551260;0;0;13846;0;0;0;0;0;0;0;0;0;0
5457.12;49999945;571700;553173;0;0;13883;0;0;0;0;0;0;0;0;0;0
5459.12;49999945;569683;551339;0;0;14052;0;0;0;0;0;0;0;0;0;0
5461.12;49999946;571532;552981;0;0;13925;0;0;0;0;0;0;0;0;0;0
5463.12;49999946;569225;551469;0;0;13820;0;0;0;0;0;0;0;0;0;0
5465.12;49999946;571122;553254;0;0;13964;0;0;0;0;0;0;0;0;0;0
5467.12;49999945;569515;551833;0;0;14048;0;0;0;0;0;0;0;0;0;0
5469.12;49999946;571436;552867;0;0;13857;0;0;0;0;0;0;0;0;0;0
5471.12;49999946;569286;551956;0;0;13991;0;0;0;0;0;0;0;0;0;0
5473.12;49999946;570357;552694;0;0;13947;0;0;0;0;0;0;0;0;0;0
5475.12;49999946;569241;550873;0;0;14010;0;0;0;0;0;0;0;0;0;0
5477.12;49999946;570752;552859;0;0;13935;0;0;0;0;0;0;0;0;0;0
5479.13;49999946;569620;551506;0;0;13975;0;0;0;0;0;0;0;0;0;0
5481.13;49999946;570066;552405;0;0;13760;0;0;0;0;0;0;0;0;0;0
5483.13;49999946;570074;551000;0;0;14029;0;0;0;0;0;0;0;0;0;0
5485.13;49999946;570920;552679;0;0;14069;0;0;0;0;0;0;0;0;0;0
5487.13;49999946;569357;551886;0;0;13971;0;0;0;0;0;0;0;0;0;0
5489.13;49999946;570127;552295;0;0;13876;0;0;0;0;0;0;0;0;0;0
5491.13;49999946;570281;552481;0;0;13861;0;0;0;0;0;0;0;0;0;0
5493.13;49999946;569880;552604;0;0;14001;0;0;0;0;0;0;0;0;0;0
5495.13;49999946;569603;552341;0;0;13980;0;0;0;0;0;0;0;0;0;0
5497.13;49999945;570331;552319;0;0;13899;0;0;0;0;0;0;0;0;0;0
5499.13;49999946;569790;552366;0;0;13781;0;0;0;0;0;0;0;0;0;0
5501.13;49999946;569994;552138;0;0;13839;0;0;0;0;0;0;0;0;0;0
5503.13;49999946;569880;551731;0;0;13920;0;0;0;0;0;0;0;0;0;0
5505.13;49999946;569363;551712;0;0;14072;0;0;0;0;0;0;0;0;0;0
5507.13;49999946;570187;552370;0;0;13797;0;0;0;0;0;0;0;0;0;0
5509.13;49999946;569567;551878;0;0;13771;0;0;0;0;0;0;0;0;0;0
5511.13;49999946;569554;552766;0;0;13948;0;0;0;0;0;0;0;0;0;0
5513.13;49999946;569715;552350;0;0;13914;0;0;0;0;0;0;0;0;0;0
5515.13;49999946;569823;552866;0;0;14027;0;0;0;0;0;0;0;0;0;0
5517.13;49999946;570074;552323;0;0;13723;0;0;0;0;0;0;0;0;0;0
5519.13;49999946;570093;552858;0;0;13935;0;0;0;0;0;0;0;0;0;0
5521.13;49999946;569755;552091;0;0;13876;0;0;0;0;0;0;0;0;0;0
5523.13;49999946;570251;552342;0;0;13855;0;0;0;0;0;0;0;0;0;0
5525.13;49999945;568762;551375;0;0;13782;0;0;0;0;0;0;0;0;0;0
5527.13;49999945;570393;552905;0;0;13827;0;0;0;0;0;0;0;0;0;0
5529.13;49999945;569617;552239;0;0;14111;0;0;0;0;0;0;0;0;0;0
5531.13;49999945;569661;553490;0;0;14078;0;0;0;0;0;0;0;0;0;0
5533.14;49999945;569300;552185;0;0;13927;0;0;0;0;0;0;0;0;0;0
5535.14;49999945;570583;553048;0;0;13714;0;0;0;0;0;0;0;0;0;0
5537.14;49999945;569468;552241;0;0;13838;0;0;0;0;0;0;0;0;0;0
5539.14;49999946;571467;553202;0;0;13884;0;0;0;0;0;0;0;0;0;0
5541.14;49999946;569513;551936;0;0;13739;0;0;0;0;0;0;0;0;0;0
5543.14;49999946;571029;553305;0;0;14072;0;0;0;0;0;0;0;0;0;0
5545.14;49999945;569778;551703;0;0;13952;0;0;0;0;0;0;0;0;0;0
5547.14;49999945;571021;553781;0;0;13898;0;0;0;0;0;0;0;0;0;0
5549.14;49999945;569066;552077;0;0;13784;0;0;0;0;0;0;0;0;0;0
5551.14;49999945;571202;553028;0;0;13743;0;0;0;0;0;0;0;0;0;0
5553.14;49999946;569393;551446;0;0;13719;0;0;0;0;0;0;0;0;0;0
5555.14;49999946;570798;553330;0;0;13773;0;0;0;0;0;0;0;0;0;0
5557.14;49999946;569483;552270;0;0;13736;0;0;0;0;0;0;0;0;0;0
5559.14;49999945;570992;553413;0;0;13985;0;0;0;0;0;0;0;0;0;0
5561.14;49999945;569248;552228;0;0;13948;0;0;0;0;0;0;0;0;0;0
5563.14;49999946;570676;553315;0;0;13856;0;0;0;0;0;0;0;0;0;0
5565.14;49999945;569330;552014;0;0;14032;0;0;0;0;0;0;0;0;0;0
5567.14;49999945;571540;553255;0;0;13992;0;0;0;0;0;0;0;0;0;0
5569.14;49999946;569068;551868;0;0;13875;0;0;0;0;0;0;0;0;0;0
5571.14;49999946;570622;553218;0;0;13999;0;0;0;0;0;0;0;0;0;0
5573.14;49999945;569403;551510;0;0;13849;0;0;0;0;0;0;0;0;0;0
5575.14;49999945;571075;553584;0;0;13692;0;0;0;0;0;0;0;0;0;0
5577.14;49999945;569336;552041;0;0;13900;0;0;0;0;0;0;0;0;0;0
5579.14;49999945;570356;553478;0;0;13845;0;0;0;0;0;0;0;0;0;0
5581.14;49999945;569612;551666;0;0;13717;0;0;0;0;0;0;0;0;0;0
5583.14;49999946;570922;553622;0;0;13819;0;0;0;0;0;0;0;0;0;0
5585.14;49999945;569244;551799;0;0;13814;0;0;0;0;0;0;0;0;0;0
5587.14;49999946;571075;553440;0;0;13770;0;0;0;0;0;0;0;0;0;0
5589.14;49999946;569465;552154;0;0;13918;0;0;0;0;0;0;0;0;0;0
5591.14;49999946;570477;553634;0;0;13744;0;0;0;0;0;0;0;0;0;0
5593.14;49999946;569660;551509;0;0;13833;0;0;0;0;0;0;0;0;0;0
5595.15;49999945;570719;553337;0;0;13736;0;0;0;0;0;0;0;0;0;0
5597.15;49999945;569075;552516;0;0;13885;0;0;0;0;0;0;0;0;0;0
5599.15;49999945;570817;553461;0;0;14090;0;0;0;0;0;0;0;0;0;0
5601.15;49999945;569336;551468;0;0;13785;0;0;0;0;0;0;0;0;0;0
5603.15;49999945;570920;553544;0;0;13772;0;0;0;0;0;0;0;0;0;0
5605.15;49999945;569348;551862;0;0;13978;0;0;0;0;0;0;0;0;0;0
5607.15;49999946;571094;552565;0;0;13908;0;0;0;0;0;0;0;0;0;0
5609.15;49999946;569151;552287;0;0;14199;0;0;0;0;0;0;0;0;0;0
5611.15;49999946;571187;552778;0;0;13821;0;0;0;0;0;0;0;0;0;0
5613.15;49999946;569471;551454;0;0;13775;0;0;0;0;0;0;0;0;0;0
5615.15;49999945;571410;553096;0;0;14048;0;0;0;0;0;0;0;0;0;0
5617.15;49999946;569230;551908;0;0;13990;0;0;0;0;0;0;0;0;0;0
5619.15;49999946;571544;553619;0;0;13984;0;0;0;0;0;0;0;0;0;0
5621.15;49999946;569451;551414;0;0;13792;0;0;0;0;0;0;0;0;0;0
5623.15;49999946;570875;553835;0;0;13837;0;0;0;0;0;0;0;0;0;0
5625.15;49999946;569121;551652;0;0;13851;0;0;0;0;0;0;0;0;0;0
5627.15;49999946;570590;553385;0;0;13743;0;0;0;0;0;0;0;0;0;0
5629.15;49999946;569547;552344;0;0;13846;0;0;0;0;0;0;0;0;0;0
5631.15;49999946;570964;553458;0;0;13791;0;0;0;0;0;0;0;0;0;0
5633.15;49999945;569597;551666;0;0;14029;0;0;0;0;0;0;0;0;0;0
5635.15;49999945;571460;553495;0;0;14036;0;0;0;0;0;0;0;0;0;0
5637.15;49999945;569764;551951;0;0;13947;0;0;0;0;0;0;0;0;0;0
5639.15;49999945;571585;553335;0;0;14106;0;0;0;0;0;0;0;0;0;0
5641.15;49999946;569683;551796;0;0;13907;0;0;0;0;0;0;0;0;0;0
5643.15;49999946;569613;551107;0;0;13942;0;0;0;0;0;0;0;0;0;0
5645.15;49999946;567218;548868;0;0;13932;0;0;0;0;0;0;0;0;0;0
5647.15;49999946;569485;550867;0;0;13960;0;0;0;0;0;0;0;0;0;0
5649.15;49999946;566890;549510;0;0;13894;0;0;0;0;0;0;0;0;0;0
5651.15;49999945;569537;551809;0;0;13968;0;0;0;0;0;0;0;0;0;0
5653.16;49999945;566983;549115;0;0;13647;0;0;0;0;0;0;0;0;0;0
5655.16;49999945;569317;551176;0;0;13937;0;0;0;0;0;0;0;0;0;0
5657.16;49999945;567208;549025;0;0;13826;0;0;0;0;0;0;0;0;0;0
5659.16;49999946;569570;550910;0;0;13827;0;0;0;0;0;0;0;0;0;0
5661.16;49999946;568249;549767;0;0;13728;0;0;0;0;0;0;0;0;0;0
5663.16;49999945;569199;550979;0;0;13862;0;0;0;0;0;0;0;0;0;0
5665.16;49999945;567719;549155;0;0;13673;0;0;0;0;0;0;0;0;0;0
5667.16;49999945;568615;550558;0;0;13943;0;0;0;0;0;0;0;0;0;0
5669.16;49999945;567033;549521;0;0;13980;0;0;0;0;0;0;0;0;0;0
5671.16;49999945;568530;551434;0;0;13939;0;0;0;0;0;0;0;0;0;0
5673.16;49999945;567167;549399;0;0;13653;0;0;0;0;0;0;0;0;0;0
5675.16;49999945;568057;551064;0;0;13910;0;0;0;0;0;0;0;0;0;0
5677.16;49999945;567713;549816;0;0;13728;0;0;0;0;0;0;0;0;0;0
5679.16;49999946;568763;550737;0;0;13758;0;0;0;0;0;0;0;0;0;0
5681.16;49999946;568455;549977;0;0;13973;0;0;0;0;0;0;0;0;0;0
5683.16;49999945;568672;550636;0;0;13686;0;0;0;0;0;0;0;0;0;0
5685.16;49999945;567759;549982;0;0;13648;0;0;0;0;0;0;0;0;0;0
5687.16;49999945;568359;550747;0;0;14113;0;0;0;0;0;0;0;0;0;0
5689.16;49999945;568670;550052;0;0;13734;0;0;0;0;0;0;0;0;0;0
5691.16;49999945;568151;550084;0;0;13750;0;0;0;0;0;0;0;0;0;0
5693.16;49999946;569038;550708;0;0;13777;0;0;0;0;0;0;0;0;0;0
5695.16;49999946;568397;550249;0;0;13798;0;0;0;0;0;0;0;0;0;0
5697.16;49999946;569054;550181;0;0;13881;0;0;0;0;0;0;0;0;0;0
5699.16;49999946;568117;549799;0;0;13677;0;0;0;0;0;0;0;0;0;0
5701.17;49999946;568635;550838;0;0;13798;0;0;0;0;0;0;0;0;0;0
5703.17;49999945;568411;551186;0;0;13818;0;0;0;0;0;0;0;0;0;0
5705.17;49999945;570707;552705;0;0;13778;0;0;0;0;0;0;0;0;0;0
5707.17;49999945;570349;552505;0;0;13644;0;0;0;0;0;0;0;0;0;0
5709.17;49999946;570405;552711;0;0;14029;0;0;0;0;0;0;0;0;0;0
5711.17;49999946;570012;552106;0;0;13787;0;0;0;0;0;0;0;0;0;0
5713.17;49999946;570412;552910;0;0;13884;0;0;0;0;0;0;0;0;0;0
5715.17;49999946;569278;551689;0;0;13998;0;0;0;0;0;0;0;0;0;0
5717.17;49999946;570921;553309;0;0;13954;0;0;0;0;0;0;0;0;0;0
5719.17;49999945;569942;552186;0;0;13956;0;0;0;0;0;0;0;0;0;0
5721.17;49999946;571050;553436;0;0;13907;0;0;0;0;0;0;0;0;0;0
5723.17;49999945;569696;552026;0;0;13812;0;0;0;0;0;0;0;0;0;0
5725.17;49999945;570724;553390;0;0;13936;0;0;0;0;0;0;0;0;0;0
5727.17;49999946;569873;551587;0;0;13897;0;0;0;0;0;0;0;0;0;0
5729.17;49999946;570952;553456;0;0;13895;0;0;0;0;0;0;0;0;0;0
5731.17;49999946;569322;551653;0;0;13971;0;0;0;0;0;0;0;0;0;0
5733.17;49999946;570784;553200;0;0;14011;0;0;0;0;0;0;0;0;0;0
5735.17;49999946;569675;551519;0;0;13902;0;0;0;0;0;0;0;0;0;0
5737.17;49999946;570793;553788;0;0;13894;0;0;0;0;0;0;0;0;0;0
5739.17;49999946;569016;551195;0;0;13887;0;0;0;0;0;0;0;0;0;0
5741.17;49999946;570970;553527;0;0;13870;0;0;0;0;0;0;0;0;0;0
5743.17;49999946;569830;552373;0;0;13883;0;0;0;0;0;0;0;0;0;0
5745.17;49999946;570822;553571;0;0;13985;0;0;0;0;0;0;0;0;0;0
5747.18;49999946;569426;551938;0;0;13985;0;0;0;0;0;0;0;0;0;0
5749.18;49999946;571343;553315;0;0;13857;0;0;0;0;0;0;0;0;0;0
5751.18;49999946;569498;551341;0;0;13887;0;0;0;0;0;0;0;0;0;0
5753.18;49999946;571314;552755;0;0;13941;0;0;0;0;0;0;0;0;0;0
5755.18;49999946;570118;552323;0;0;13905;0;0;0;0;0;0;0;0;0;0
5757.18;49999945;571321;553173;0;0;14031;0;0;0;0;0;0;0;0;0;0
5759.18;49999945;569729;551679;0;0;13945;0;0;0;0;0;0;0;0;0;0
5761.18;49999945;571515;553639;0;0;13928;0;0;0;0;0;0;0;0;0;0
5763.18;49999945;569678;551351;0;0;13955;0;0;0;0;0;0;0;0;0;0
5765.18;49999946;572711;554606;0;0;14204;0;0;0;0;0;0;0;0;0;0
5767.18;49999946;571303;553155;0;0;13694;0;0;0;0;0;0;0;0;0;0
5769.19;49999946;572576;554868;0;0;13887;0;0;0;0;0;0;0;0;0;0
5771.19;49999946;571662;553990;0;0;13953;0;0;0;0;0;0;0;0;0;0
5773.19;49999946;572620;554738;0;0;13922;0;0;0;0;0;0;0;0;0;0
5775.19;49999945;571904;553444;0;0;13977;0;0;0;0;0;0;0;0;0;0
5777.19;49999945;572682;554773;0;0;14034;0;0;0;0;0;0;0;0;0;0
5779.19;49999945;571615;553540;0;0;13702;0;0;0;0;0;0;0;0;0;0
5781.19;49999945;572624;554356;0;0;14116;0;0;0;0;0;0;0;0;0;0
5783.19;49999946;571487;553395;0;0;14068;0;0;0;0;0;0;0;0;0;0
5785.19;49999946;573062;554616;0;0;13802;0;0;0;0;0;0;0;0;0;0
5787.19;49999946;571767;553473;0;0;13900;0;0;0;0;0;0;0;0;0;0
5789.19;49999946;573073;555454;0;0;13827;0;0;0;0;0;0;0;0;0;0
5791.19;49999945;571847;553906;0;0;13942;0;0;0;0;0;0;0;0;0;0
5793.19;49999946;572851;554619;0;0;14131;0;0;0;0;0;0;0;0;0;0
5795.19;49999946;571395;553791;0;0;13924;0;0;0;0;0;0;0;0;0;0
5797.19;49999946;572800;554681;0;0;13913;0;0;0;0;0;0;0;0;0;0
5799.19;49999946;571716;553908;0;0;13718;0;0;0;0;0;0;0;0;0;0
5801.19;49999946;573078;554998;0;0;13732;0;0;0;0;0;0;0;0;0;0
5803.19;49999945;571164;553804;0;0;14078;0;0;0;0;0;0;0;0;0;0
5805.19;49999945;572455;554830;0;0;13950;0;0;0;0;0;0;0;0;0;0
5807.20;49999945;572281;554272;0;0;13959;0;0;0;0;0;0;0;0;0;0
5809.20;49999945;572189;555414;0;0;13699;0;0;0;0;0;0;0;0;0;0
5811.20;49999946;572144;553725;0;0;13768;0;0;0;0;0;0;0;0;0;0
5813.20;49999946;572604;554456;0;0;14182;0;0;0;0;0;0;0;0;0;0
5815.20;49999946;571248;554646;0;0;13996;0;0;0;0;0;0;0;0;0;0
5817.20;49999946;572399;555112;0;0;13950;0;0;0;0;0;0;0;0;0;0
5819.20;49999946;571817;553922;0;0;13806;0;0;0;0;0;0;0;0;0;0
5821.20;49999946;573302;555602;0;0;13964;0;0;0;0;0;0;0;0;0;0
5823.20;49999946;571896;554047;0;0;13856;0;0;0;0;0;0;0;0;0;0
5825.20;49999946;571522;553632;0;0;13819;0;0;0;0;0;0;0;0;0;0
5827.20;49999946;569560;551866;0;0;13949;0;0;0;0;0;0;0;0;0;0
5829.20;49999946;571210;553588;0;0;13953;0;0;0;0;0;0;0;0;0;0
5831.20;49999945;569635;551437;0;0;13978;0;0;0;0;0;0;0;0;0;0
5833.20;49999945;571322;553790;0;0;13944;0;0;0;0;0;0;0;0;0;0
5835.20;49999945;570326;552601;0;0;13868;0;0;0;0;0;0;0;0;0;0
5837.20;49999945;570966;554249;0;0;13927;0;0;0;0;0;0;0;0;0;0
5839.20;49999945;570401;552056;0;0;13902;0;0;0;0;0;0;0;0;0;0
5841.20;49999946;571425;553403;0;0;13905;0;0;0;0;0;0;0;0;0;0
5843.20;49999946;569898;552754;0;0;13857;0;0;0;0;0;0;0;0;0;0
5845.20;49999946;571310;553745;0;0;13925;0;0;0;0;0;0;0;0;0;0
5847.20;49999946;569645;552385;0;0;13846;0;0;0;0;0;0;0;0;0;0
5849.20;49999946;571619;552828;0;0;14056;0;0;0;0;0;0;0;0;0;0
5851.20;49999946;570377;552764;0;0;13960;0;0;0;0;0;0;0;0;0;0
5853.20;49999946;570799;553488;0;0;13785;0;0;0;0;0;0;0;0;0;0
5855.20;49999946;569488;552596;0;0;13761;0;0;0;0;0;0;0;0;0;0
5857.20;49999946;571147;553881;0;0;13967;0;0;0;0;0;0;0;0;0;0
5859.21;49999945;569553;551941;0;0;13895;0;0;0;0;0;0;0;0;0;0
5861.21;49999945;571099;552162;0;0;13947;0;0;0;0;0;0;0;0;0;0
5863.21;49999945;570037;552208;0;0;13935;0;0;0;0;0;0;0;0;0;0
5865.21;49999945;570227;552289;0;0;14093;0;0;0;0;0;0;0;0;0;0
5867.21;49999945;569253;552325;0;0;14039;0;0;0;0;0;0;0;0;0;0
5869.21;49999945;569934;552988;0;0;13993;0;0;0;0;0;0;0;0;0;0
5871.21;49999945;570517;551989;0;0;13751;0;0;0;0;0;0;0;0;0;0
5873.21;49999946;569820;552494;0;0;13972;0;0;0;0;0;0;0;0;0;0
5875.21;49999945;570218;552080;0;0;14001;0;0;0;0;0;0;0;0;0;0
5877.21;49999945;569886;552116;0;0;13967;0;0;0;0;0;0;0;0;0;0
5879.21;49999945;570868;552647;0;0;13970;0;0;0;0;0;0;0;0;0;0
5881.21;49999945;569664;552146;0;0;13860;0;0;0;0;0;0;0;0;0;0
5883.21;49999945;570174;552551;0;0;13884;0;0;0;0;0;0;0;0;0;0
5885.21;49999945;569244;552155;0;0;13981;0;0;0;0;0;0;0;0;0;0
5887.21;49999945;570244;551728;0;0;13765;0;0;0;0;0;0;0;0;0;0
5889.21;49999945;570205;552220;0;0;13946;0;0;0;0;0;0;0;0;0;0
5891.21;49999945;570428;553020;0;0;13968;0;0;0;0;0;0;0;0;0;0
5893.21;49999945;569807;552223;0;0;13735;0;0;0;0;0;0;0;0;0;0
5895.21;49999945;570656;552920;0;0;13859;0;0;0;0;0;0;0;0;0;0
5897.21;49999945;570135;551588;0;0;13866;0;0;0;0;0;0;0;0;0;0
5899.21;49999945;570974;553108;0;0;13851;0;0;0;0;0;0;0;0;0;0
5901.21;49999945;570107;551772;0;0;13895;0;0;0;0;0;0;0;0;0;0
5903.21;49999945;571421;553152;0;0;13882;0;0;0;0;0;0;0;0;0;0
5905.21;49999945;569394;552277;0;0;13786;0;0;0;0;0;0;0;0;0;0
5907.21;49999945;570417;552292;0;0;13815;0;0;0;0;0;0;0;0;0;0
5909.21;49999945;569731;551906;0;0;13970;0;0;0;0;0;0;0;0;0;0
5911.21;49999945;570956;552786;0;0;13939;0;0;0;0;0;0;0;0;0;0
5913.21;49999945;569051;551608;0;0;13888;0;0;0;0;0;0;0;0;0;0
5915.21;49999945;570924;552768;0;0;13718;0;0;0;0;0;0;0;0;0;0
5917.21;49999946;570772;552289;0;0;13907;0;0;0;0;0;0;0;0;0;0
5919.21;49999945;571095;553274;0;0;13714;0;0;0;0;0;0;0;0;0;0
5921.21;49999946;570302;552121;0;0;13730;0;0;0;0;0;0;0;0;0;0
5923.22;49999946;571310;553486;0;0;13820;0;0;0;0;0;0;0;0;0;0
5925.22;49999946;570212;551854;0;0;13759;0;0;0;0;0;0;0;0;0;0
5927.22;49999945;572059;553998;0;0;13875;0;0;0;0;0;0;0;0;0;0
5929.22;49999945;570064;552125;0;0;13898;0;0;0;0;0;0;0;0;0;0
5931.22;49999945;571555;553733;0;0;13982;0;0;0;0;0;0;0;0;0;0
5933.22;49999945;569523;552024;0;0;13731;0;0;0;0;0;0;0;0;0;0
5935.22;49999945;571484;553728;0;0;14015;0;0;0;0;0;0;0;0;0;0
5937.22;49999946;569574;552322;0;0;13918;0;0;0;0;0;0;0;0;0;0
5939.22;49999946;571184;553275;0;0;13876;0;0;0;0;0;0;0;0;0;0
5941.22;49999946;569717;551336;0;0;14062;0;0;0;0;0;0;0;0;0;0
5943.22;49999946;571828;553141;0;0;13775;0;0;0;0;0;0;0;0;0;0
5945.22;49999946;569396;551358;0;0;13883;0;0;0;0;0;0;0;0;0;0
5947.22;49999946;571745;553232;0;0;13859;0;0;0;0;0;0;0;0;0;0
5949.22;49999946;569785;551052;0;0;13726;0;0;0;0;0;0;0;0;0;0
5951.22;49999946;571565;553177;0;0;13988;0;0;0;0;0;0;0;0;0;0
5953.22;49999945;569696;551291;0;0;13885;0;0;0;0;0;0;0;0;0;0
5955.22;49999946;571317;552880;0;0;14038;0;0;0;0;0;0;0;0;0;0
5957.22;49999946;570086;551441;0;0;13888;0;0;0;0;0;0;0;0;0;0
5959.22;49999946;571874;552998;0;0;14047;0;0;0;0;0;0;0;0;0;0
5961.22;49999946;570186;551169;0;0;13879;0;0;0;0;0;0;0;0;0;0
5963.22;49999945;571014;553141;0;0;13899;0;0;0;0;0;0;0;0;0;0
5965.22;49999946;569582;551491;0;0;13758;0;0;0;0;0;0;0;0;0;0
5967.22;49999946;571074;553012;0;0;13861;0;0;0;0;0;0;0;0;0;0
5969.22;49999946;569560;551512;0;0;14141;0;0;0;0;0;0;0;0;0;0
5971.22;49999946;572151;553193;0;0;13811;0;0;0;0;0;0;0;0;0;0
5973.22;49999946;570249;551580;0;0;13918;0;0;0;0;0;0;0;0;0;0
5975.23;49999946;571505;552820;0;0;13888;0;0;0;0;0;0;0;0;0;0
5977.23;49999946;570093;552272;0;0;13917;0;0;0;0;0;0;0;0;0;0
5979.23;49999946;571641;553919;0;0;13750;0;0;0;0;0;0;0;0;0;0
5981.23;49999946;569639;551695;0;0;14082;0;0;0;0;0;0;0;0;0;0
5983.23;49999946;571523;553936;0;0;13919;0;0;0;0;0;0;0;0;0;0
5985.23;49999946;569815;552130;0;0;13998;0;0;0;0;0;0;0;0;0;0
5987.23;49999946;571020;553333;0;0;14020;0;0;0;0;0;0;0;0;0;0
5989.23;49999945;570054;551395;0;0;13809;0;0;0;0;0;0;0;0;0;0
5991.23;49999946;571159;552840;0;0;14025;0;0;0;0;0;0;0;0;0;0
5993.23;49999946;569687;551353;0;0;13748;0;0;0;0;0;0;0;0;0;0
5995.23;49999946;571638;553490;0;0;14083;0;0;0;0;0;0;0;0;0;0
5997.23;49999946;569757;551204;0;0;14019;0;0;0;0;0;0;0;0;0;0
5999.23;49999946;571782;553225;0;0;13973;0;0;0;0;0;0;0;0;0;0
6001.23;49999946;569421;550995;0;0;13641;0;0;0;0;0;0;0;0;0;0
6003.23;49999946;571596;552380;0;0;13926;0;0;0;0;0;0;0;0;0;0
6005.23;49999946;569343;551083;0;0;14132;0;0;0;0;0;0;0;0;0;0
6007.23;49999945;570827;552434;0;0;13801;0;0;0;0;0;0;0;0;0;0
6009.23;49999945;570073;551366;0;0;13862;0;0;0;0;0;0;0;0;0;0
6011.23;49999946;571195;552842;0;0;13954;0;0;0;0;0;0;0;0;0;0
6013.23;49999946;569974;551081;0;0;13936;0;0;0;0;0;0;0;0;0;0
6015.23;49999945;571856;553522;0;0;13809;0;0;0;0;0;0;0;0;0;0
6017.23;49999946;570080;551248;0;0;13793;0;0;0;0;0;0;0;0;0;0
6019.24;49999946;571865;552408;0;0;13850;0;0;0;0;0;0;0;0;0;0
6021.24;49999946;569587;551262;0;0;13963;0;0;0;0;0;0;0;0;0;0
6023.24;49999946;571152;552737;0;0;13975;0;0;0;0;0;0;0;0;0;0
6025.24;49999946;570573;551540;0;0;13968;0;0;0;0;0;0;0;0;0;0
6027.24;49999945;571333;553658;0;0;13965;0;0;0;0;0;0;0;0;0;0
6029.24;49999945;570029;551297;0;0;13915;0;0;0;0;0;0;0;0;0;0
6031.24;49999946;571173;552830;0;0;14029;0;0;0;0;0;0;0;0;0;0
6033.24;49999946;570161;552210;0;0;13866;0;0;0;0;0;0;0;0;0;0
6035.24;49999946;570935;552857;0;0;13900;0;0;0;0;0;0;0;0;0;0
6037.24;49999946;570503;552048;0;0;13709;0;0;0;0;0;0;0;0;0;0
6039.24;49999946;571191;553085;0;0;13872;0;0;0;0;0;0;0;0;0;0
6041.24;49999946;570196;551747;0;0;13736;0;0;0;0;0;0;0;0;0;0
6043.24;49999945;571960;552519;0;0;13827;0;0;0;0;0;0;0;0;0;0
6045.24;49999945;570895;551541;0;0;13816;0;0;0;0;0;0;0;0;0;0
6047.24;49999945;571659;552768;0;0;13975;0;0;0;0;0;0;0;0;0;0
6049.24;49999946;570774;552115;0;0;13746;0;0;0;0;0;0;0;0;0;0
6051.24;49999946;571684;552316;0;0;13891;0;0;0;0;0;0;0;0;0;0
6053.24;49999946;571194;552714;0;0;14024;0;0;0;0;0;0;0;0;0;0
6055.24;49999946;571188;552476;0;0;13929;0;0;0;0;0;0;0;0;0;0
6057.24;49999946;570744;552352;0;0;13869;0;0;0;0;0;0;0;0;0;0
6059.24;49999946;570607;551821;0;0;13979;0;0;0;0;0;0;0;0;0;0
6061.24;49999946;571010;552575;0;0;13955;0;0;0;0;0;0;0;0;0;0
6063.24;49999946;571223;551842;0;0;13915;0;0;0;0;0;0;0;0;0;0
6065.24;49999946;571140;552873;0;0;14051;0;0;0;0;0;0;0;0;0;0
6067.24;49999946;571000;552519;0;0;14055;0;0;0;0;0;0;0;0;0;0
6069.24;49999946;571183;552477;0;0;14012;0;0;0;0;0;0;0;0;0;0
6071.24;49999945;570237;551910;0;0;13802;0;0;0;0;0;0;0;0;0;0
6073.24;49999945;571291;552706;0;0;14047;0;0;0;0;0;0;0;0;0;0
6075.25;49999945;570213;552411;0;0;13791;0;0;0;0;0;0;0;0;0;0
6077.25;49999945;571077;552501;0;0;13896;0;0;0;0;0;0;0;0;0;0
6079.25;49999945;570150;552023;0;0;13911;0;0;0;0;0;0;0;0;0;0
6081.25;49999945;571597;552739;0;0;13884;0;0;0;0;0;0;0;0;0;0
6083.25;49999945;570843;552367;0;0;13888;0;0;0;0;0;0;0;0;0;0
6085.25;49999945;571691;552641;0;0;13852;0;0;0;0;0;0;0;0;0;0
6087.25;49999945;571957;552468;0;0;13905;0;0;0;0;0;0;0;0;0;0
6089.25;49999946;571243;552177;0;0;13960;0;0;0;0;0;0;0;0;0;0
6091.25;49999946;570766;552511;0;0;13789;0;0;0;0;0;0;0;0;0;0
6093.25;49999946;571425;553111;0;0;13804;0;0;0;0;0;0;0;0;0;0
6095.25;49999945;570398;551635;0;0;13876;0;0;0;0;0;0;0;0;0;0
6097.25;49999946;571902;553325;0;0;14008;0;0;0;0;0;0;0;0;0;0
6099.25;49999946;570092;551685;0;0;14086;0;0;0;0;0;0;0;0;0;0
6101.25;49999946;571131;552982;0;0;13840;0;0;0;0;0;0;0;0;0;0
6103.25;49999946;571173;552289;0;0;13890;0;0;0;0;0;0;0;0;0;0
6105.25;49999945;571947;553336;0;0;13931;0;0;0;0;0;0;0;0;0;0
6107.25;49999945;570333;552278;0;0;13925;0;0;0;0;0;0;0;0;0;0
6109.25;49999945;571276;553176;0;0;13876;0;0;0;0;0;0;0;0;0;0
6111.25;49999945;570881;552452;0;0;13897;0;0;0;0;0;0;0;0;0;0
6113.25;49999945;571983;553177;0;0;13947;0;0;0;0;0;0;0;0;0;0
6115.25;49999945;570115;551863;0;0;13752;0;0;0;0;0;0;0;0;0;0
6117.25;49999945;571489;553113;0;0;13840;0;0;0;0;0;0;0;0;0;0
6119.25;49999946;570473;551375;0;0;13981;0;0;0;0;0;0;0;0;0;0
6121.25;49999946;571366;552907;0;0;13982;0;0;0;0;0;0;0;0;0;0
6123.25;49999945;569467;552020;0;0;13830;0;0;0;0;0;0;0;0;0;0
6125.26;49999946;571463;553296;0;0;13831;0;0;0;0;0;0;0;0;0;0
6127.26;49999946;570044;551631;0;0;13975;0;0;0;0;0;0;0;0;0;0
6129.26;49999946;571949;553264;0;0;13969;0;0;0;0;0;0;0;0;0;0
6131.26;49999945;569897;552261;0;0;13985;0;0;0;0;0;0;0;0;0;0
6133.26;49999945;572060;553267;0;0;13839;0;0;0;0;0;0;0;0;0;0
6135.26;49999946;570307;552146;0;0;13733;0;0;0;0;0;0;0;0;0;0
6137.26;49999946;571203;553447;0;0;14000;0;0;0;0;0;0;0;0;0;0
6139.26;49999945;569692;552389;0;0;13942;0;0;0;0;0;0;0;0;0;0
6141.26;49999945;571807;553762;0;0;13541;0;0;0;0;0;0;0;0;0;0
6143.26;49999946;569606;551677;0;0;13972;0;0;0;0;0;0;0;0;0;0
6145.26;49999945;571545;553652;0;0;13950;0;0;0;0;0;0;0;0;0;0
6147.26;49999945;569993;551885;0;0;13899;0;0;0;0;0;0;0;0;0;0
6149.26;49999945;572253;554002;0;0;13957;0;0;0;0;0;0;0;0;0;0
6151.26;49999945;570100;551577;0;0;13974;0;0;0;0;0;0;0;0;0;0
6153.26;49999946;570921;553587;0;0;13707;0;0;0;0;0;0;0;0;0;0
6155.26;49999946;570218;551407;0;0;13921;0;0;0;0;0;0;0;0;0;0
6157.26;49999946;571293;553220;0;0;13977;0;0;0;0;0;0;0;0;0;0
6159.26;49999946;569797;551081;0;0;14116;0;0;0;0;0;0;0;0;0;0
6161.26;49999945;572195;553487;0;0;13981;0;0;0;0;0;0;0;0;0;0
6163.26;49999946;570544;551701;0;0;13901;0;0;0;0;0;0;0;0;0;0
6165.26;49999945;571277;553198;0;0;13960;0;0;0;0;0;0;0;0;0;0
6167.26;49999945;569642;552058;0;0;13830;0;0;0;0;0;0;0;0;0;0
6169.27;49999945;571597;553227;0;0;13886;0;0;0;0;0;0;0;0;0;0
6171.27;49999945;570623;552174;0;0;13908;0;0;0;0;0;0;0;0;0;0
6173.27;49999946;571643;553719;0;0;13887;0;0;0;0;0;0;0;0;0;0
6175.27;49999946;570656;551746;0;0;13965;0;0;0;0;0;0;0;0;0;0
6177.27;49999945;571728;553273;0;0;13706;0;0;0;0;0;0;0;0;0;0
6179.27;49999945;570331;551176;0;0;13757;0;0;0;0;0;0;0;0;0;0
6181.27;49999945;571813;553672;0;0;13817;0;0;0;0;0;0;0;0;0;0
6183.27;49999945;570378;551040;0;0;14047;0;0;0;0;0;0;0;0;0;0
6185.27;49999946;571868;552704;0;0;14118;0;0;0;0;0;0;0;0;0;0
6187.27;49999946;569844;551328;0;0;13922;0;0;0;0;0;0;0;0;0;0
6189.27;49999946;571805;552984;0;0;13888;0;0;0;0;0;0;0;0;0;0
6191.27;49999946;569859;552185;0;0;13989;0;0;0;0;0;0;0;0;0;0
6193.27;49999946;570908;553155;0;0;13741;0;0;0;0;0;0;0;0;0;0
6195.27;49999946;570309;551806;0;0;13839;0;0;0;0;0;0;0;0;0;0
6197.27;49999946;571338;553066;0;0;14026;0;0;0;0;0;0;0;0;0;0
6199.27;49999946;570539;551649;0;0;13951;0;0;0;0;0;0;0;0;0;0
6201.27;49999946;571769;553471;0;0;13859;0;0;0;0;0;0;0;0;0;0
6203.27;49999946;570051;552495;0;0;13766;0;0;0;0;0;0;0;0;0;0
6205.27;49999946;571688;553998;0;0;13854;0;0;0;0;0;0;0;0;0;0
6207.27;49999945;569855;551542;0;0;13879;0;0;0;0;0;0;0;0;0;0
6209.27;49999945;572033;553705;0;0;13823;0;0;0;0;0;0;0;0;0;0
6211.27;49999945;570108;551876;0;0;13737;0;0;0;0;0;0;0;0;0;0
6213.27;49999945;571998;553155;0;0;13997;0;0;0;0;0;0;0;0;0;0
6215.27;49999945;570393;551938;0;0;13902;0;0;0;0;0;0;0;0;0;0
6217.27;49999945;572267;552742;0;0;13772;0;0;0;0;0;0;0;0;0;0
6219.27;49999945;570407;551725;0;0;14109;0;0;0;0;0;0;0;0;0;0
6221.27;49999945;571716;552853;0;0;13921;0;0;0;0;0;0;0;0;0;0
6223.27;49999945;570702;551700;0;0;13765;0;0;0;0;0;0;0;0;0;0
6225.27;49999945;571630;553343;0;0;13841;0;0;0;0;0;0;0;0;0;0
6227.28;49999945;570691;552107;0;0;13869;0;0;0;0;0;0;0;0;0;0
6229.28;49999945;571202;553216;0;0;13886;0;0;0;0;0;0;0;0;0;0
6231.28;49999946;570540;552055;0;0;13848;0;0;0;0;0;0;0;0;0;0
6233.28;49999946;571020;552428;0;0;13912;0;0;0;0;0;0;0;0;0;0
6235.28;49999946;571261;552503;0;0;13989;0;0;0;0;0;0;0;0;0;0
6237.28;49999945;571116;552793;0;0;14103;0;0;0;0;0;0;0;0;0;0
6239.28;49999946;570452;552994;0;0;13916;0;0;0;0;0;0;0;0;0;0
6241.28;49999946;571048;552795;0;0;13803;0;0;0;0;0;0;0;0;0;0
6243.28;49999946;570229;552103;0;0;13939;0;0;0;0;0;0;0;0;0;0
6245.28;49999946;570328;553037;0;0;13895;0;0;0;0;0;0;0;0;0;0
6247.28;49999946;570700;553183;0;0;13921;0;0;0;0;0;0;0;0;0;0
6249.28;49999946;571261;553345;0;0;13703;0;0;0;0;0;0;0;0;0;0
6251.28;49999945;570338;552321;0;0;13711;0;0;0;0;0;0;0;0;0;0
6253.28;49999945;571507;552641;0;0;13845;0;0;0;0;0;0;0;0;0;0
6255.28;49999946;570523;552786;0;0;14004;0;0;0;0;0;0;0;0;0;0
6257.28;49999945;571388;553018;0;0;13883;0;0;0;0;0;0;0;0;0;0
6259.28;49999946;570459;552589;0;0;13812;0;0;0;0;0;0;0;0;0;0
6261.28;49999946;570446;551953;0;0;13883;0;0;0;0;0;0;0;0;0;0
6263.28;49999946;570167;552289;0;0;13702;0;0;0;0;0;0;0;0;0;0
6265.28;49999945;570714;553310;0;0;13863;0;0;0;0;0;0;0;0;0;0
6267.28;49999946;570857;554047;0;0;13918;0;0;0;0;0;0;0;0;0;0
6269.29;49999946;569880;552315;0;0;13752;0;0;0;0;0;0;0;0;0;0
6271.29;49999946;570050;552683;0;0;13926;0;0;0;0;0;0;0;0;0;0
6273.29;49999946;570827;552246;0;0;13863;0;0;0;0;0;0;0;0;0;0
6275.29;49999946;570985;553119;0;0;13826;0;0;0;0;0;0;0;0;0;0
6277.29;49999946;570090;552504;0;0;13806;0;0;0;0;0;0;0;0;0;0
6279.29;49999946;571067;552500;0;0;13912;0;0;0;0;0;0;0;0;0;0
6281.29;49999946;570395;552158;0;0;13761;0;0;0;0;0;0;0;0;0;0
6283.29;49999946;570902;553590;0;0;13662;0;0;0;0;0;0;0;0;0;0
6285.29;49999946;570314;552555;0;0;13961;0;0;0;0;0;0;0;0;0;0
6287.29;49999946;571572;553664;0;0;13785;0;0;0;0;0;0;0;0;0;0
6289.29;49999946;570034;552466;0;0;13656;0;0;0;0;0;0;0;0;0;0
6291.29;49999946;570851;552465;0;0;13834;0;0;0;0;0;0;0;0;0;0
6293.29;49999946;569887;551856;0;0;13906;0;0;0;0;0;0;0;0;0;0
6295.29;49999945;571078;553183;0;0;14090;0;0;0;0;0;0;0;0;0;0
6297.29;49999945;570344;552315;0;0;13829;0;0;0;0;0;0;0;0;0;0
6299.29;49999945;571190;553521;0;0;13874;0;0;0;0;0;0;0;0;0;0
6301.29;49999945;569758;552450;0;0;14018;0;0;0;0;0;0;0;0;0;0
6303.29;49999946;571227;553685;0;0;13871;0;0;0;0;0;0;0;0;0;0
6305.29;49999945;569559;551950;0;0;13750;0;0;0;0;0;0;0;0;0;0
6307.29;49999946;571215;554053;0;0;13941;0;0;0;0;0;0;0;0;0;0
6309.29;49999945;569750;552216;0;0;13738;0;0;0;0;0;0;0;0;0;0
6311.29;49999945;571783;554253;0;0;14011;0;0;0;0;0;0;0;0;0;0
6313.29;49999945;569961;552249;0;0;13918;0;0;0;0;0;0;0;0;0;0
6315.29;49999945;572381;554048;0;0;13789;0;0;0;0;0;0;0;0;0;0
6317.30;49999945;569840;551964;0;0;13887;0;0;0;0;0;0;0;0;0;0
6319.30;49999945;571637;553427;0;0;13964;0;0;0;0;0;0;0;0;0;0
6321.30;49999945;569730;552225;0;0;13840;0;0;0;0;0;0;0;0;0;0
6323.30;49999945;571480;553611;0;0;14017;0;0;0;0;0;0;0;0;0;0
6325.30;49999945;570388;552064;0;0;13904;0;0;0;0;0;0;0;0;0;0
6327.30;49999945;571714;553860;0;0;14154;0;0;0;0;0;0;0;0;0;0
6329.30;49999946;569338;552323;0;0;14025;0;0;0;0;0;0;0;0;0;0
6331.30;49999946;571932;553578;0;0;13947;0;0;0;0;0;0;0;0;0;0
6333.30;49999946;570267;551966;0;0;13790;0;0;0;0;0;0;0;0;0;0
6335.30;49999946;571617;553740;0;0;13950;0;0;0;0;0;0;0;0;0;0
6337.30;49999946;569897;551528;0;0;13780;0;0;0;0;0;0;0;0;0;0
6339.30;49999946;571794;553447;0;0;13860;0;0;0;0;0;0;0;0;0;0
6341.30;49999946;570083;551997;0;0;13844;0;0;0;0;0;0;0;0;0;0
6343.30;49999946;571370;553740;0;0;13921;0;0;0;0;0;0;0;0;0;0
6345.30;49999946;570603;551603;0;0;13801;0;0;0;0;0;0;0;0;0;0
6347.30;49999946;572045;553347;0;0;13832;0;0;0;0;0;0;0;0;0;0
6349.30;49999946;569806;551655;0;0;13854;0;0;0;0;0;0;0;0;0;0
6351.30;49999945;571293;553590;0;0;14090;0;0;0;0;0;0;0;0;0;0
6353.30;49999946;570115;551883;0;0;13830;0;0;0;0;0;0;0;0;0;0
6355.30;49999946;571853;553739;0;0;13900;0;0;0;0;0;0;0;0;0;0
6357.30;49999946;571137;551810;0;0;14029;0;0;0;0;0;0;0;0;0;0
6359.30;49999946;571444;554063;0;0;13830;0;0;0;0;0;0;0;0;0;0
6361.30;49999946;570185;551574;0;0;13957;0;0;0;0;0;0;0;0;0;0
6363.30;49999946;571425;554082;0;0;14010;0;0;0;0;0;0;0;0;0;0
6365.30;49999946;569833;551814;0;0;13662;0;0;0;0;0;0;0;0;0;0
6367.30;49999946;571433;553087;0;0;13961;0;0;0;0;0;0;0;0;0;0
6369.30;49999945;569972;551620;0;0;13801;0;0;0;0;0;0;0;0;0;0
6371.31;49999945;572652;553764;0;0;14021;0;0;0;0;0;0;0;0;0;0
6373.31;49999945;571863;553714;0;0;13909;0;0;0;0;0;0;0;0;0;0
6375.31;49999945;572361;554710;0;0;14098;0;0;0;0;0;0;0;0;0;0
6377.31;49999946;571070;553248;0;0;13771;0;0;0;0;0;0;0;0;0;0
6379.31;49999946;572114;554237;0;0;13889;0;0;0;0;0;0;0;0;0;0
6381.31;49999946;571282;553178;0;0;13894;0;0;0;0;0;0;0;0;0;0
6383.31;49999946;571706;554699;0;0;13959;0;0;0;0;0;0;0;0;0;0
6385.31;49999946;570781;554092;0;0;13790;0;0;0;0;0;0;0;0;0;0
6387.31;49999946;572792;554925;0;0;13899;0;0;0;0;0;0;0;0;0;0
6389.31;49999946;571444;554116;0;0;13953;0;0;0;0;0;0;0;0;0;0
6391.31;49999946;572098;555123;0;0;13965;0;0;0;0;0;0;0;0;0;0
6393.31;49999946;571414;553790;0;0;13831;0;0;0;0;0;0;0;0;0;0
6395.31;49999945;571644;554717;0;0;13868;0;0;0;0;0;0;0;0;0;0
6397.31;49999945;571550;554153;0;0;13869;0;0;0;0;0;0;0;0;0;0
6399.32;49999946;572139;554504;0;0;13870;0;0;0;0;0;0;0;0;0;0
6401.32;49999946;572033;555114;0;0;13899;0;0;0;0;0;0;0;0;0;0
6403.32;49999946;573191;555126;0;0;14104;0;0;0;0;0;0;0;0;0;0
6405.32;49999946;572115;554436;0;0;13985;0;0;0;0;0;0;0;0;0;0
6407.32;49999946;573046;555470;0;0;13906;0;0;0;0;0;0;0;0;0;0
6409.32;49999945;571827;554589;0;0;13861;0;0;0;0;0;0;0;0;0;0
6411.32;49999946;572950;555115;0;0;13808;0;0;0;0;0;0;0;0;0;0
6413.32;49999945;572011;554457;0;0;14112;0;0;0;0;0;0;0;0;0;0
6415.32;49999945;571839;554756;0;0;13749;0;0;0;0;0;0;0;0;0;0
6417.32;49999946;571776;553865;0;0;13710;0;0;0;0;0;0;0;0;0;0
6419.32;49999946;572140;554514;0;0;14187;0;0;0;0;0;0;0;0;0;0
6421.32;49999946;571857;554237;0;0;13957;0;0;0;0;0;0;0;0;0;0
6423.32;49999946;572401;554582;0;0;13731;0;0;0;0;0;0;0;0;0;0
6425.32;49999946;571752;554749;0;0;14030;0;0;0;0;0;0;0;0;0;0
6427.32;49999946;572607;555411;0;0;13982;0;0;0;0;0;0;0;0;0;0
6429.32;49999946;571267;554213;0;0;13952;0;0;0;0;0;0;0;0;0;0
6431.32;49999946;571377;554333;0;0;14158;0;0;0;0;0;0;0;0;0;0
6433.32;49999946;570423;552908;0;0;14117;0;0;0;0;0;0;0;0;0;0
6435.32;49999946;571517;553429;0;0;13994;0;0;0;0;0;0;0;0;0;0
6437.32;49999946;570684;553134;0;0;13926;0;0;0;0;0;0;0;0;0;0
6439.32;49999946;571074;552926;0;0;13944;0;0;0;0;0;0;0;0;0;0
6441.32;49999945;570965;553112;0;0;13766;0;0;0;0;0;0;0;0;0;0
6443.32;49999945;570882;553406;0;0;13987;0;0;0;0;0;0;0;0;0;0
6445.33;49999946;570837;553227;0;0;13994;0;0;0;0;0;0;0;0;0;0
6447.33;49999945;571232;553487;0;0;14023;0;0;0;0;0;0;0;0;0;0
6449.33;49999946;571071;552943;0;0;13808;0;0;0;0;0;0;0;0;0;0
6451.33;49999945;570793;552913;0;0;13806;0;0;0;0;0;0;0;0;0;0
6453.33;49999945;570947;553246;0;0;13810;0;0;0;0;0;0;0;0;0;0
6455.33;49999945;570348;553778;0;0;13843;0;0;0;0;0;0;0;0;0;0
6457.33;49999945;570960;553945;0;0;13773;0;0;0;0;0;0;0;0;0;0
6459.33;49999945;570294;552838;0;0;14193;0;0;0;0;0;0;0;0;0;0
6461.33;49999945;571173;553638;0;0;13842;0;0;0;0;0;0;0;0;0;0
6463.33;49999945;571350;553110;0;0;13951;0;0;0;0;0;0;0;0;0;0
6465.33;49999945;571090;553518;0;0;13842;0;0;0;0;0;0;0;0;0;0
6467.33;49999945;570876;552476;0;0;13791;0;0;0;0;0;0;0;0;0;0
6469.33;49999945;571575;553760;0;0;13901;0;0;0;0;0;0;0;0;0;0
6471.33;49999945;570422;552436;0;0;13785;0;0;0;0;0;0;0;0;0;0
6473.33;49999945;571159;553654;0;0;13705;0;0;0;0;0;0;0;0;0;0
6475.33;49999945;569942;552049;0;0;13900;0;0;0;0;0;0;0;0;0;0
6477.33;49999945;571328;554295;0;0;13911;0;0;0;0;0;0;0;0;0;0
6479.33;49999945;570735;552656;0;0;14004;0;0;0;0;0;0;0;0;0;0
6481.33;49999946;571206;552643;0;0;13847;0;0;0;0;0;0;0;0;0;0
6483.33;49999946;570416;552470;0;0;13874;0;0;0;0;0;0;0;0;0;0
6485.33;49999946;572085;553691;0;0;14045;0;0;0;0;0;0;0;0;0;0
6487.33;49999946;569923;552541;0;0;13992;0;0;0;0;0;0;0;0;0;0
6489.33;49999946;572296;553921;0;0;14031;0;0;0;0;0;0;0;0;0;0
6491.33;49999946;570706;552110;0;0;13783;0;0;0;0;0;0;0;0;0;0
6493.33;49999946;573145;555325;0;0;13961;0;0;0;0;0;0;0;0;0;0
6495.33;49999946;572045;554117;0;0;13723;0;0;0;0;0;0;0;0;0;0
6497.34;49999946;573042;555567;0;0;13981;0;0;0;0;0;0;0;0;0;0
6499.34;49999945;571707;553910;0;0;13803;0;0;0;0;0;0;0;0;0;0
6501.34;49999945;573251;555295;0;0;13940;0;0;0;0;0;0;0;0;0;0
6503.34;49999946;571738;554206;0;0;13950;0;0;0;0;0;0;0;0;0;0
6505.34;49999945;573158;555243;0;0;13837;0;0;0;0;0;0;0;0;0;0
6507.34;49999945;572305;553638;0;0;13933;0;0;0;0;0;0;0;0;0;0
6509.34;49999945;573168;554372;0;0;13932;0;0;0;0;0;0;0;0;0;0
6511.34;49999945;571776;553524;0;0;13678;0;0;0;0;0;0;0;0;0;0
6513.34;49999945;572680;554494;0;0;14126;0;0;0;0;0;0;0;0;0;0
6515.34;49999945;571527;553266;0;0;13722;0;0;0;0;0;0;0;0;0;0
6517.34;49999945;573289;554643;0;0;13931;0;0;0;0;0;0;0;0;0;0
6519.34;49999945;571543;553998;0;0;13730;0;0;0;0;0;0;0;0;0;0
6521.34;49999945;573473;554337;0;0;14021;0;0;0;0;0;0;0;0;0;0
6523.34;49999946;571456;553256;0;0;13848;0;0;0;0;0;0;0;0;0;0
6525.34;49999945;572763;554861;0;0;14037;0;0;0;0;0;0;0;0;0;0
6527.34;49999946;571488;554021;0;0;13933;0;0;0;0;0;0;0;0;0;0
6529.34;49999946;572555;555276;0;0;13991;0;0;0;0;0;0;0;0;0;0
6531.34;49999946;571347;553725;0;0;13927;0;0;0;0;0;0;0;0;0;0
6533.34;49999946;572488;554530;0;0;13956;0;0;0;0;0;0;0;0;0;0
6535.34;49999946;571541;553785;0;0;14029;0;0;0;0;0;0;0;0;0;0
6537.34;49999945;572949;554534;0;0;13936;0;0;0;0;0;0;0;0;0;0
6539.34;49999945;571750;553539;0;0;13655;0;0;0;0;0;0;0;0;0;0
6541.34;49999945;572310;554435;0;0;13840;0;0;0;0;0;0;0;0;0;0
6543.34;49999946;571549;554314;0;0;14009;0;0;0;0;0;0;0;0;0;0
6545.34;49999946;572971;554764;0;0;13888;0;0;0;0;0;0;0;0;0;0
6547.34;49999945;571847;553736;0;0;14006;0;0;0;0;0;0;0;0;0;0
6549.35;49999946;573340;555299;0;0;13878;0;0;0;0;0;0;0;0;0;0
6551.35;49999946;571986;554205;0;0;13836;0;0;0;0;0;0;0;0;0;0
6553.35;49999945;572065;554109;0;0;13794;0;0;0;0;0;0;0;0;0;0
6555.35;49999946;570893;553140;0;0;13724;0;0;0;0;0;0;0;0;0;0
6557.35;49999945;572123;554482;0;0;13945;0;0;0;0;0;0;0;0;0;0
6559.35;49999945;570041;551967;0;0;13874;0;0;0;0;0;0;0;0;0;0
6561.35;49999945;571647;553834;0;0;13778;0;0;0;0;0;0;0;0;0;0
6563.35;49999945;569788;552213;0;0;13967;0;0;0;0;0;0;0;0;0;0
6565.35;49999945;572047;554191;0;0;13833;0;0;0;0;0;0;0;0;0;0
6567.35;49999945;569824;552373;0;0;13669;0;0;0;0;0;0;0;0;0;0
6569.35;49999945;571982;554140;0;0;13977;0;0;0;0;0;0;0;0;0;0
6571.35;49999945;570206;552341;0;0;13941;0;0;0;0;0;0;0;0;0;0
6573.35;49999945;571967;553314;0;0;13793;0;0;0;0;0;0;0;0;0;0
6575.35;49999945;570452;551494;0;0;13919;0;0;0;0;0;0;0;0;0;0
6577.35;49999945;571832;553511;0;0;13957;0;0;0;0;0;0;0;0;0;0
6579.35;49999945;570740;552085;0;0;13746;0;0;0;0;0;0;0;0;0;0
6581.35;49999946;572037;553826;0;0;14104;0;0;0;0;0;0;0;0;0;0
6583.35;49999946;570019;552372;0;0;13797;0;0;0;0;0;0;0;0;0;0
6585.35;49999946;571678;554166;0;0;14124;0;0;0;0;0;0;0;0;0;0
6587.35;49999946;570143;552856;0;0;14071;0;0;0;0;0;0;0;0;0;0
6589.35;49999946;571677;553967;0;0;13865;0;0;0;0;0;0;0;0;0;0
6591.35;49999946;570008;552122;0;0;13880;0;0;0;0;0;0;0;0;0;0
6593.35;49999946;571874;553897;0;0;14002;0;0;0;0;0;0;0;0;0;0
6595.35;49999946;570360;552676;0;0;13889;0;0;0;0;0;0;0;0;0;0
6597.35;49999946;571538;554918;0;0;13880;0;0;0;0;0;0;0;0;0;0
6599.36;49999945;570080;552495;0;0;13711;0;0;0;0;0;0;0;0;0;0
6601.36;49999946;572211;554325;0;0;13888;0;0;0;0;0;0;0;0;0;0
6603.36;49999945;570289;552665;0;0;13976;0;0;0;0;0;0;0;0;0;0
6605.36;49999945;571839;554120;0;0;14138;0;0;0;0;0;0;0;0;0;0
6607.36;49999946;570699;553091;0;0;14114;0;0;0;0;0;0;0;0;0;0
6609.36;49999946;571745;553266;0;0;14036;0;0;0;0;0;0;0;0;0;0
6611.36;49999945;570811;552852;0;0;13670;0;0;0;0;0;0;0;0;0;0
6613.36;49999946;570521;551848;0;0;13744;0;0;0;0;0;0;0;0;0;0
6615.36;49999946;568632;550182;0;0;13887;0;0;0;0;0;0;0;0;0;0
6617.36;49999946;570331;551382;0;0;13958;0;0;0;0;0;0;0;0;0;0
6619.36;49999946;568857;549681;0;0;13897;0;0;0;0;0;0;0;0;0;0
6621.36;49999946;569937;551056;0;0;13676;0;0;0;0;0;0;0;0;0;0
6623.36;49999946;569153;550255;0;0;14079;0;0;0;0;0;0;0;0;0;0
6625.36;49999945;570187;550955;0;0;13938;0;0;0;0;0;0;0;0;0;0
6627.36;49999945;569333;550643;0;0;13885;0;0;0;0;0;0;0;0;0;0
6629.36;49999945;569336;550777;0;0;13825;0;0;0;0;0;0;0;0;0;0
6631.36;49999945;570172;550672;0;0;14017;0;0;0;0;0;0;0;0;0;0
6633.36;49999945;570170;551276;0;0;13981;0;0;0;0;0;0;0;0;0;0
6635.36;49999946;569379;550310;0;0;13859;0;0;0;0;0;0;0;0;0;0
6637.36;49999946;570133;551757;0;0;13696;0;0;0;0;0;0;0;0;0;0
6639.36;49999946;569770;550903;0;0;13852;0;0;0;0;0;0;0;0;0;0
6641.36;49999945;569781;551386;0;0;13806;0;0;0;0;0;0;0;0;0;0
6643.36;49999945;570086;551359;0;0;13896;0;0;0;0;0;0;0;0;0;0
6645.36;49999945;569921;550878;0;0;13710;0;0;0;0;0;0;0;0;0;0
6647.36;49999945;570366;551218;0;0;13879;0;0;0;0;0;0;0;0;0;0
6649.36;49999945;569243;550326;0;0;14028;0;0;0;0;0;0;0;0;0;0
6651.37;49999945;570337;551189;0;0;13847;0;0;0;0;0;0;0;0;0;0
6653.37;49999945;569570;551417;0;0;13859;0;0;0;0;0;0;0;0;0;0
6655.37;49999945;570167;552037;0;0;14147;0;0;0;0;0;0;0;0;0;0
6657.37;49999945;568903;549949;0;0;13931;0;0;0;0;0;0;0;0;0;0
6659.37;49999946;570531;551407;0;0;13869;0;0;0;0;0;0;0;0;0;0
6661.37;49999946;569073;550307;0;0;13810;0;0;0;0;0;0;0;0;0;0
6663.37;49999946;570287;551407;0;0;14055;0;0;0;0;0;0;0;0;0;0
6665.37;49999946;569378;549905;0;0;13663;0;0;0;0;0;0;0;0;0;0
6667.37;49999946;570767;551959;0;0;13895;0;0;0;0;0;0;0;0;0;0
6669.37;49999946;568405;549636;0;0;13840;0;0;0;0;0;0;0;0;0;0
6671.37;49999946;570379;552161;0;0;13882;0;0;0;0;0;0;0;0;0;0
6673.37;49999945;568519;549465;0;0;13894;0;0;0;0;0;0;0;0;0;0
6675.37;49999945;571759;553170;0;0;13791;0;0;0;0;0;0;0;0;0;0
6677.37;49999946;571031;552831;0;0;13925;0;0;0;0;0;0;0;0;0;0
6679.37;49999946;571863;553770;0;0;13897;0;0;0;0;0;0;0;0;0;0
6681.37;49999946;570954;552431;0;0;14052;0;0;0;0;0;0;0;0;0;0
6683.37;49999945;572838;554495;0;0;13918;0;0;0;0;0;0;0;0;0;0
6685.37;49999945;571206;552211;0;0;14020;0;0;0;0;0;0;0;0;0;0
6687.37;49999945;572620;554138;0;0;13976;0;0;0;0;0;0;0;0;0;0
6689.37;49999945;571016;552113;0;0;13966;0;0;0;0;0;0;0;0;0;0
6691.37;49999945;572371;553821;0;0;13921;0;0;0;0;0;0;0;0;0;0
6693.37;49999946;571162;553070;0;0;13930;0;0;0;0;0;0;0;0;0;0
6695.37;49999946;573069;553841;0;0;13938;0;0;0;0;0;0;0;0;0;0
6697.38;49999946;571430;552648;0;0;13902;0;0;0;0;0;0;0;0;0;0
6699.38;49999946;572456;554217;0;0;13746;0;0;0;0;0;0;0;0;0;0
6701.38;49999946;571192;552020;0;0;13815;0;0;0;0;0;0;0;0;0;0
6703.38;49999945;572645;554187;0;0;13772;0;0;0;0;0;0;0;0;0;0
6705.38;49999945;571229;552573;0;0;13803;0;0;0;0;0;0;0;0;0;0
6707.38;49999945;572407;553677;0;0;13897;0;0;0;0;0;0;0;0;0;0
6709.38;49999945;570673;552318;0;0;14086;0;0;0;0;0;0;0;0;0;0
6711.38;49999945;572736;554091;0;0;13892;0;0;0;0;0;0;0;0;0;0
6713.38;49999945;571192;552396;0;0;13946;0;0;0;0;0;0;0;0;0;0
6715.38;49999946;572490;553249;0;0;14168;0;0;0;0;0;0;0;0;0;0
6717.38;49999946;570538;552107;0;0;13992;0;0;0;0;0;0;0;0;0;0
6719.38;49999946;572570;553901;0;0;13937;0;0;0;0;0;0;0;0;0;0
6721.38;49999946;571110;551622;0;0;13810;0;0;0;0;0;0;0;0;0;0
6723.38;49999946;572428;554162;0;0;13987;0;0;0;0;0;0;0;0;0;0
6725.38;49999946;571396;552357;0;0;13799;0;0;0;0;0;0;0;0;0;0
6727.38;49999946;573051;553307;0;0;13863;0;0;0;0;0;0;0;0;0;0
6729.38;49999945;571305;552328;0;0;14027;0;0;0;0;0;0;0;0;0;0
6731.38;49999945;572120;553898;0;0;13896;0;0;0;0;0;0;0;0;0;0
6733.38;49999946;571069;552211;0;0;13955;0;0;0;0;0;0;0;0;0;0
6735.38;49999946;571087;552296;0;0;14105;0;0;0;0;0;0;0;0;0;0
6737.38;49999946;568809;550219;0;0;13683;0;0;0;0;0;0;0;0;0;0
6739.38;49999946;571827;552700;0;0;13967;0;0;0;0;0;0;0;0;0;0
6741.39;49999946;569065;549722;0;0;13935;0;0;0;0;0;0;0;0;0;0
6743.39;49999946;571119;552323;0;0;13952;0;0;0;0;0;0;0;0;0;0
6745.39;49999945;569079;549904;0;0;13903;0;0;0;0;0;0;0;0;0;0
6747.39;49999946;571736;552183;0;0;13929;0;0;0;0;0;0;0;0;0;0
6749.39;49999946;568813;549658;0;0;13771;0;0;0;0;0;0;0;0;0;0
6751.39;49999946;570860;552135;0;0;13948;0;0;0;0;0;0;0;0;0;0
6753.39;49999946;568368;549365;0;0;13732;0;0;0;0;0;0;0;0;0;0
6755.39;49999945;571059;551866;0;0;13941;0;0;0;0;0;0;0;0;0;0
6757.39;49999945;569141;549500;0;0;13781;0;0;0;0;0;0;0;0;0;0
6759.39;49999945;571478;552002;0;0;13991;0;0;0;0;0;0;0;0;0;0
6761.39;49999946;568731;549707;0;0;13908;0;0;0;0;0;0;0;0;0;0
6763.39;49999946;571095;551814;0;0;14143;0;0;0;0;0;0;0;0;0;0
6765.39;49999946;568543;549035;0;0;13746;0;0;0;0;0;0;0;0;0;0
6767.39;49999946;571168;551664;0;0;14035;0;0;0;0;0;0;0;0;0;0
6769.39;49999945;568760;549518;0;0;13836;0;0;0;0;0;0;0;0;0;0
6771.39;49999945;570807;551406;0;0;14023;0;0;0;0;0;0;0;0;0;0
6773.39;49999946;568431;549569;0;0;13725;0;0;0;0;0;0;0;0;0;0
6775.39;49999946;570477;551286;0;0;13916;0;0;0;0;0;0;0;0;0;0
6777.39;49999946;568194;549946;0;0;13666;0;0;0;0;0;0;0;0;0;0
6779.39;49999945;571108;551725;0;0;13899;0;0;0;0;0;0;0;0;0;0
6781.39;49999945;568755;549632;0;0;13849;0;0;0;0;0;0;0;0;0;0
6783.40;49999946;570889;552103;0;0;13837;0;0;0;0;0;0;0;0;0;0
6785.40;49999945;568854;548866;0;0;13978;0;0;0;0;0;0;0;0;0;0
6787.40;49999946;570766;552452;0;0;13766;0;0;0;0;0;0;0;0;0;0
6789.40;49999945;569142;549845;0;0;13712;0;0;0;0;0;0;0;0;0;0
6791.40;49999945;570476;551461;0;0;13755;0;0;0;0;0;0;0;0;0;0
6793.40;49999946;569385;551015;0;0;14101;0;0;0;0;0;0;0;0;0;0
6795.40;49999945;572066;552472;0;0;13926;0;0;0;0;0;0;0;0;0;0
6797.40;49999945;571541;552407;0;0;13891;0;0;0;0;0;0;0;0;0;0
6799.40;49999945;572280;553213;0;0;14015;0;0;0;0;0;0;0;0;0;0
6801.40;49999945;571550;552627;0;0;13791;0;0;0;0;0;0;0;0;0;0
6803.40;49999946;572606;553213;0;0;14087;0;0;0;0;0;0;0;0;0;0
6805.40;49999945;571343;552412;0;0;13957;0;0;0;0;0;0;0;0;0;0
6807.40;49999945;572134;553245;0;0;14019;0;0;0;0;0;0;0;0;0;0
6809.40;49999945;571781;552833;0;0;13670;0;0;0;0;0;0;0;0;0;0
6811.40;49999945;571876;553830;0;0;14033;0;0;0;0;0;0;0;0;0;0
6813.40;49999945;572409;552582;0;0;13901;0;0;0;0;0;0;0;0;0;0
6815.40;49999946;572020;553579;0;0;14121;0;0;0;0;0;0;0;0;0;0
6817.40;49999946;571597;553144;0;0;13987;0;0;0;0;0;0;0;0;0;0
6819.40;49999946;572791;553251;0;0;14124;0;0;0;0;0;0;0;0;0;0
6821.40;49999946;571852;552887;0;0;13817;0;0;0;0;0;0;0;0;0;0
6823.40;49999946;572174;553354;0;0;13712;0;0;0;0;0;0;0;0;0;0
6825.40;49999946;572276;553250;0;0;14159;0;0;0;0;0;0;0;0;0;0
6827.40;49999946;572380;553381;0;0;13925;0;0;0;0;0;0;0;0;0;0
6829.40;49999946;571993;553501;0;0;13850;0;0;0;0;0;0;0;0;0;0
6831.40;49999946;571788;552843;0;0;14199;0;0;0;0;0;0;0;0;0;0
6833.40;49999946;573196;552813;0;0;14047;0;0;0;0;0;0;0;0;0;0
6835.40;49999945;571526;553028;0;0;14041;0;0;0;0;0;0;0;0;0;0
6837.40;49999945;572574;553273;0;0;13700;0;0;0;0;0;0;0;0;0;0
6839.40;49999945;571772;552439;0;0;13789;0;0;0;0;0;0;0;0;0;0
6841.41;49999945;572027;553246;0;0;13759;0;0;0;0;0;0;0;0;0;0
6843.41;49999945;571621;552712;0;0;13874;0;0;0;0;0;0;0;0;0;0
6845.41;49999946;572664;553571;0;0;13909;0;0;0;0;0;0;0;0;0;0
6847.41;49999945;572286;553133;0;0;13826;0;0;0;0;0;0;0;0;0;0
6849.41;49999945;572730;553193;0;0;13993;0;0;0;0;0;0;0;0;0;0
6851.41;49999945;571384;553128;0;0;13872;0;0;0;0;0;0;0;0;0;0
6853.41;49999945;572879;553442;0;0;13718;0;0;0;0;0;0;0;0;0;0
6855.41;49999945;571627;552825;0;0;13936;0;0;0;0;0;0;0;0;0;0
6857.41;49999946;573736;554075;0;0;13840;0;0;0;0;0;0;0;0;0;0
6859.41;49999945;571627;552004;0;0;13945;0;0;0;0;0;0;0;0;0;0
6861.41;49999945;572711;553700;0;0;13802;0;0;0;0;0;0;0;0;0;0
6863.41;49999946;571401;551821;0;0;13839;0;0;0;0;0;0;0;0;0;0
6865.41;49999946;573222;553002;0;0;13917;0;0;0;0;0;0;0;0;0;0
6867.41;49999946;570980;552959;0;0;13807;0;0;0;0;0;0;0;0;0;0
6869.41;49999946;573093;553544;0;0;13910;0;0;0;0;0;0;0;0;0;0
6871.41;49999946;571713;552357;0;0;13994;0;0;0;0;0;0;0;0;0;0
6873.41;49999945;573108;553963;0;0;13776;0;0;0;0;0;0;0;0;0;0
6875.41;49999946;572212;553193;0;0;13996;0;0;0;0;0;0;0;0;0;0
6877.41;49999946;573749;553821;0;0;14186;0;0;0;0;0;0;0;0;0;0
6879.41;49999946;572306;552479;0;0;13953;0;0;0;0;0;0;0;0;0;0
6881.42;49999946;573257;554517;0;0;13898;0;0;0;0;0;0;0;0;0;0
6883.42;49999946;571735;552898;0;0;13947;0;0;0;0;0;0;0;0;0;0
6885.42;49999945;573659;554196;0;0;13880;0;0;0;0;0;0;0;0;0;0
6887.42;49999945;572157;553489;0;0;13805;0;0;0;0;0;0;0;0;0;0
6889.42;49999945;573171;553974;0;0;13677;0;0;0;0;0;0;0;0;0;0
6891.42;49999946;572068;552911;0;0;13895;0;0;0;0;0;0;0;0;0;0
6893.42;49999946;573140;553895;0;0;14069;0;0;0;0;0;0;0;0;0;0
6895.42;49999946;571146;552693;0;0;13637;0;0;0;0;0;0;0;0;0;0
6897.42;49999945;573070;554240;0;0;13948;0;0;0;0;0;0;0;0;0;0
6899.42;49999945;571536;552550;0;0;14012;0;0;0;0;0;0;0;0;0;0
6901.42;49999945;573080;554492;0;0;13996;0;0;0;0;0;0;0;0;0;0
6903.42;49999945;571644;552734;0;0;13812;0;0;0;0;0;0;0;0;0;0
6905.42;49999945;572919;554624;0;0;14011;0;0;0;0;0;0;0;0;0;0
6907.42;49999945;571803;552900;0;0;13998;0;0;0;0;0;0;0;0;0;0
6909.42;49999945;573006;554659;0;0;13821;0;0;0;0;0;0;0;0;0;0
6911.42;49999946;571548;552775;0;0;13849;0;0;0;0;0;0;0;0;0;0
6913.42;49999946;573219;554713;0;0;14008;0;0;0;0;0;0;0;0;0;0
6915.42;49999946;572359;553356;0;0;13728;0;0;0;0;0;0;0;0;0;0
6917.42;49999946;573362;554071;0;0;13919;0;0;0;0;0;0;0;0;0;0
6919.42;49999946;571506;552960;0;0;13972;0;0;0;0;0;0;0;0;0;0
6921.42;49999946;572866;554601;0;0;14111;0;0;0;0;0;0;0;0;0;0
6923.42;49999946;571125;553586;0;0;14001;0;0;0;0;0;0;0;0;0;0
6925.42;49999946;573234;554397;0;0;13963;0;0;0;0;0;0;0;0;0;0
6927.42;49999946;571370;553137;0;0;13817;0;0;0;0;0;0;0;0;0;0
6929.42;49999945;572653;554572;0;0;13802;0;0;0;0;0;0;0;0;0;0
6931.42;49999946;571629;553746;0;0;13950;0;0;0;0;0;0;0;0;0;0
6933.42;49999946;572710;554713;0;0;14163;0;0;0;0;0;0;0;0;0;0
6935.42;49999946;571635;553310;0;0;13808;0;0;0;0;0;0;0;0;0;0
6937.42;49999946;573087;554991;0;0;13754;0;0;0;0;0;0;0;0;0;0
6939.42;49999946;572106;553577;0;0;13983;0;0;0;0;0;0;0;0;0;0
6941.42;49999946;573635;554903;0;0;13847;0;0;0;0;0;0;0;0;0;0
6943.42;49999946;571877;552980;0;0;13782;0;0;0;0;0;0;0;0;0;0
6945.43;49999946;573348;554687;0;0;13958;0;0;0;0;0;0;0;0;0;0
6947.43;49999946;572002;552494;0;0;13963;0;0;0;0;0;0;0;0;0;0
6949.43;49999946;573270;554322;0;0;14038;0;0;0;0;0;0;0;0;0;0
6951.43;49999945;571648;553209;0;0;13761;0;0;0;0;0;0;0;0;0;0
6953.43;49999945;572882;554316;0;0;13952;0;0;0;0;0;0;0;0;0;0
6955.43;49999946;571462;552989;0;0;14074;0;0;0;0;0;0;0;0;0;0
6957.43;49999945;573321;555186;0;0;13995;0;0;0;0;0;0;0;0;0;0
6959.43;49999946;571821;552777;0;0;13963;0;0;0;0;0;0;0;0;0;0
6961.43;49999946;573331;555494;0;0;13889;0;0;0;0;0;0;0;0;0;0
6963.43;49999946;570748;553343;0;0;13904;0;0;0;0;0;0;0;0;0;0
6965.43;49999945;573074;554787;0;0;13771;0;0;0;0;0;0;0;0;0;0
6967.43;49999946;571662;553059;0;0;13783;0;0;0;0;0;0;0;0;0;0
6969.43;49999946;573544;554864;0;0;13943;0;0;0;0;0;0;0;0;0;0
6971.43;49999946;571849;553403;0;0;13797;0;0;0;0;0;0;0;0;0;0
6973.43;49999945;573103;555803;0;0;13992;0;0;0;0;0;0;0;0;0;0
6975.43;49999946;571301;553487;0;0;13811;0;0;0;0;0;0;0;0;0;0
6977.43;49999946;572207;554640;0;0;13778;0;0;0;0;0;0;0;0;0;0
6979.43;49999946;571620;554169;0;0;13935;0;0;0;0;0;0;0;0;0;0
6981.44;49999946;572148;554563;0;0;13864;0;0;0;0;0;0;0;0;0;0
6983.44;49999946;571716;553784;0;0;13873;0;0;0;0;0;0;0;0;0;0
6985.44;49999946;572702;555418;0;0;13705;0;0;0;0;0;0;0;0;0;0
6987.44;49999946;571559;553994;0;0;13903;0;0;0;0;0;0;0;0;0;0
6989.44;49999946;572961;554420;0;0;13618;0;0;0;0;0;0;0;0;0;0
6991.44;49999946;572003;553521;0;0;13860;0;0;0;0;0;0;0;0;0;0
6993.44;49999946;572545;554463;0;0;13928;0;0;0;0;0;0;0;0;0;0
6995.44;49999946;572177;554324;0;0;13937;0;0;0;0;0;0;0;0;0;0
6997.44;49999945;572779;553746;0;0;14152;0;0;0;0;0;0;0;0;0;0
6999.44;49999945;571970;554120;0;0;13997;0;0;0;0;0;0;0;0;0;0
7001.44;49999945;572555;554355;0;0;13749;0;0;0;0;0;0;0;0;0;0
7003.44;49999946;572384;554233;0;0;14020;0;0;0;0;0;0;0;0;0;0
7005.44;49999945;572840;553670;0;0;13928;0;0;0;0;0;0;0;0;0;0
7007.44;49999945;572248;554135;0;0;13847;0;0;0;0;0;0;0;0;0;0
7009.44;49999945;572379;554057;0;0;13860;0;0;0;0;0;0;0;0;0;0
7011.44;49999945;572827;554724;0;0;14094;0;0;0;0;0;0;0;0;0;0
7013.44;49999945;572742;553819;0;0;13995;0;0;0;0;0;0;0;0;0;0
7015.44;49999945;572454;554567;0;0;13814;0;0;0;0;0;0;0;0;0;0
7017.44;49999945;572462;554236;0;0;13975;0;0;0;0;0;0;0;0;0;0
7019.44;49999945;573182;554565;0;0;13984;0;0;0;0;0;0;0;0;0;0
7021.46;49999945;572293;554280;0;0;14132;0;0;0;0;0;0;0;0;0;0
7023.46;49999945;572506;554466;0;0;14046;0;0;0;0;0;0;0;0;0;0
7025.46;49999945;571874;553735;0;0;14006;0;0;0;0;0;0;0;0;0;0
7027.46;49999945;572669;555262;0;0;13922;0;0;0;0;0;0;0;0;0;0
7029.46;49999946;571801;553736;0;0;13979;0;0;0;0;0;0;0;0;0;0
7031.46;49999945;572835;554779;0;0;13991;0;0;0;0;0;0;0;0;0;0
7033.46;49999946;572137;553486;0;0;13841;0;0;0;0;0;0;0;0;0;0
7035.46;49999946;572527;554918;0;0;14037;0;0;0;0;0;0;0;0;0;0
7037.46;49999946;571307;553745;0;0;13638;0;0;0;0;0;0;0;0;0;0
7039.46;49999946;573353;555227;0;0;13941;0;0;0;0;0;0;0;0;0;0
7041.46;49999946;572078;554345;0;0;13842;0;0;0;0;0;0;0;0;0;0
7043.46;49999946;573169;554726;0;0;14009;0;0;0;0;0;0;0;0;0;0
7045.46;49999946;571325;553495;0;0;13992;0;0;0;0;0;0;0;0;0;0
7047.46;49999946;573187;555121;0;0;13797;0;0;0;0;0;0;0;0;0;0
7049.46;49999946;572121;554219;0;0;13997;0;0;0;0;0;0;0;0;0;0
7051.46;49999946;573590;555618;0;0;13978;0;0;0;0;0;0;0;0;0;0
7053.46;49999946;572112;553985;0;0;13931;0;0;0;0;0;0;0;0;0;0
7055.46;49999946;572898;555607;0;0;14002;0;0;0;0;0;0;0;0;0;0
7057.46;49999946;572227;553704;0;0;14076;0;0;0;0;0;0;0;0;0;0
7059.46;49999945;573030;554979;0;0;13932;0;0;0;0;0;0;0;0;0;0
7061.47;49999945;571808;553923;0;0;13901;0;0;0;0;0;0;0;0;0;0
7063.47;49999945;573635;555923;0;0;13787;0;0;0;0;0;0;0;0;0;0
7065.47;49999945;571871;554537;0;0;13926;0;0;0;0;0;0;0;0;0;0
7067.47;49999945;573202;554948;0;0;13825;0;0;0;0;0;0;0;0;0;0
7069.47;49999945;572612;553791;0;0;13863;0;0;0;0;0;0;0;0;0;0
7071.47;49999945;573785;555553;0;0;13763;0;0;0;0;0;0;0;0;0;0
7073.47;49999945;572403;554081;0;0;13846;0;0;0;0;0;0;0;0;0;0
7075.47;49999946;573573;556122;0;0;13830;0;0;0;0;0;0;0;0;0;0
7077.47;49999946;572297;554060;0;0;13834;0;0;0;0;0;0;0;0;0;0
7079.47;49999946;573777;555477;0;0;14169;0;0;0;0;0;0;0;0;0;0
7081.47;49999946;572126;553799;0;0;14010;0;0;0;0;0;0;0;0;0;0
7083.47;49999946;573788;555767;0;0;14071;0;0;0;0;0;0;0;0;0;0
7085.47;49999946;572285;553830;0;0;13994;0;0;0;0;0;0;0;0;0;0
7087.47;49999945;573735;555723;0;0;13887;0;0;0;0;0;0;0;0;0;0
7089.47;49999946;572363;554371;0;0;13959;0;0;0;0;0;0;0;0;0;0
7091.47;49999945;573653;555006;0;0;13847;0;0;0;0;0;0;0;0;0;0
7093.47;49999945;571431;553658;0;0;13654;0;0;0;0;0;0;0;0;0;0
7095.47;49999945;573487;555975;0;0;14105;0;0;0;0;0;0;0;0;0;0
7097.47;49999945;572092;553345;0;0;13878;0;0;0;0;0;0;0;0;0;0
7099.47;49999945;573321;555314;0;0;14010;0;0;0;0;0;0;0;0;0;0
7101.47;49999945;571923;554520;0;0;13899;0;0;0;0;0;0;0;0;0;0
7103.47;49999945;573781;555412;0;0;13994;0;0;0;0;0;0;0;0;0;0
7105.47;49999945;572564;554234;0;0;13648;0;0;0;0;0;0;0;0;0;0
7107.47;49999945;573387;555878;0;0;14134;0;0;0;0;0;0;0;0;0;0
7109.47;49999945;571742;554249;0;0;14034;0;0;0;0;0;0;0;0;0;0
7111.47;49999945;573277;555557;0;0;14022;0;0;0;0;0;0;0;0;0;0
7113.47;49999946;571911;553665;0;0;13887;0;0;0;0;0;0;0;0;0;0
7115.47;49999946;574079;555884;0;0;14156;0;0;0;0;0;0;0;0;0;0
7117.47;49999946;572197;554267;0;0;13918;0;0;0;0;0;0;0;0;0;0
7119.47;49999946;573451;555612;0;0;13924;0;0;0;0;0;0;0;0;0;0
7121.47;49999946;571996;553296;0;0;14083;0;0;0;0;0;0;0;0;0;0
7123.47;49999946;573391;555328;0;0;13879;0;0;0;0;0;0;0;0;0;0
7125.47;49999946;571947;553784;0;0;13988;0;0;0;0;0;0;0;0;0;0
7127.48;49999945;573660;555236;0;0;13973;0;0;0;0;0;0;0;0;0;0
7129.48;49999945;571913;553273;0;0;13831;0;0;0;0;0;0;0;0;0;0
7131.48;49999945;573382;555773;0;0;14007;0;0;0;0;0;0;0;0;0;0
7133.48;49999945;572061;553984;0;0;13823;0;0;0;0;0;0;0;0;0;0
7135.48;49999946;573287;555283;0;0;14041;0;0;0;0;0;0;0;0;0;0
7137.48;49999945;571653;553617;0;0;14013;0;0;0;0;0;0;0;0;0;0
7139.48;49999946;573394;555532;0;0;13719;0;0;0;0;0;0;0;0;0;0
7141.48;49999946;571494;553601;0;0;13892;0;0;0;0;0;0;0;0;0;0
7143.48;49999946;573300;554880;0;0;14017;0;0;0;0;0;0;0;0;0;0
7145.48;49999946;570990;553632;0;0;13919;0;0;0;0;0;0;0;0;0;0
7147.48;49999946;573265;555334;0;0;13861;0;0;0;0;0;0;0;0;0;0
7149.48;49999946;571846;553298;0;0;13986;0;0;0;0;0;0;0;0;0;0
7151.48;49999946;573347;554998;0;0;13924;0;0;0;0;0;0;0;0;0;0
7153.48;49999945;571790;553939;0;0;14153;0;0;0;0;0;0;0;0;0;0
7155.48;49999946;572595;554594;0;0;13985;0;0;0;0;0;0;0;0;0;0
7157.48;49999945;571774;553365;0;0;13827;0;0;0;0;0;0;0;0;0;0
7159.48;49999945;573150;555379;0;0;13786;0;0;0;0;0;0;0;0;0;0
7161.48;49999945;571784;553327;0;0;13974;0;0;0;0;0;0;0;0;0;0
7163.48;49999945;573172;554688;0;0;14051;0;0;0;0;0;0;0;0;0;0
7165.48;49999945;572240;553559;0;0;14043;0;0;0;0;0;0;0;0;0;0
7167.48;49999945;572632;554516;0;0;13865;0;0;0;0;0;0;0;0;0;0
7169.49;49999945;572544;553671;0;0;14102;0;0;0;0;0;0;0;0;0;0
7171.49;49999946;572928;554481;0;0;13963;0;0;0;0;0;0;0;0;0;0
7173.49;49999946;571698;553936;0;0;13710;0;0;0;0;0;0;0;0;0;0
7175.49;49999946;572794;555050;0;0;13990;0;0;0;0;0;0;0;0;0;0
7177.49;49999946;572153;554046;0;0;14012;0;0;0;0;0;0;0;0;0;0
7179.49;49999946;571812;554579;0;0;14112;0;0;0;0;0;0;0;0;0;0
7181.49;49999946;572431;554455;0;0;14003;0;0;0;0;0;0;0;0;0;0
7183.49;49999945;572102;554019;0;0;13611;0;0;0;0;0;0;0;0;0;0
7185.49;49999945;572034;554136;0;0;13908;0;0;0;0;0;0;0;0;0;0
7187.49;49999945;572418;554539;0;0;13753;0;0;0;0;0;0;0;0;0;0
7189.49;49999945;572362;553853;0;0;13878;0;0;0;0;0;0;0;0;0;0
7191.49;49999945;572649;554554;0;0;14007;0;0;0;0;0;0;0;0;0;0
7193.49;49999945;572123;554532;0;0;14132;0;0;0;0;0;0;0;0;0;0
7195.49;49999945;572155;553741;0;0;13895;0;0;0;0;0;0;0;0;0;0
7197.49;49999945;571877;554479;0;0;14069;0;0;0;0;0;0;0;0;0;0
7199.49;49999945;571598;553177;0;0;13840;0;0;0;0;0;0;0;0;0;0
