time;start;input 1;input 2;input 3;input 4;1/2;1/3;1/4;2/3;2/4;3/4;1/2/3;1/2/4;1/3/4;2/3/4;1/2/3/4
0.00;79999914;459635;476156;0;0;10428;0;0;0;0;0;0;0;0;0;0
2.00;79999913;459879;477129;0;0;10465;0;0;0;0;0;0;0;0;0;0
4.00;79999913;459053;477154;0;0;10387;0;0;0;0;0;0;0;0;0;0
6.00;79999914;460386;477755;0;0;10341;0;0;0;0;0;0;0;0;0;0
8.00;79999914;459629;476510;0;0;10272;0;0;0;0;0;0;0;0;0;0
10.00;79999914;460291;478142;0;0;10500;0;0;0;0;0;0;0;0;0;0
12.00;79999914;459364;476981;0;0;10327;0;0;0;0;0;0;0;0;0;0
14.00;79999914;461256;478145;0;0;10405;0;0;0;0;0;0;0;0;0;0
16.00;79999913;459283;477222;0;0;10397;0;0;0;0;0;0;0;0;0;0
18.00;79999913;460565;477585;0;0;10412;0;0;0;0;0;0;0;0;0;0
20.00;79999913;460043;477105;0;0;10452;0;0;0;0;0;0;0;0;0;0
22.00;79999914;461036;478265;0;0;10602;0;0;0;0;0;0;0;0;0;0
24.00;79999914;459691;476685;0;0;10448;0;0;0;0;0;0;0;0;0;0
26.00;79999913;460112;478203;0;0;10390;0;0;0;0;0;0;0;0;0;0
28.00;79999914;459137;476527;0;0;10335;0;0;0;0;0;0;0;0;0;0
30.00;79999914;460417;478029;0;0;10290;0;0;0;0;0;0;0;0;0;0
32.00;79999914;458837;476276;0;0;10191;0;0;0;0;0;0;0;0;0;0
34.00;79999914;460707;477658;0;0;10394;0;0;0;0;0;0;0;0;0;0
36.00;79999914;459180;475654;0;0;10383;0;0;0;0;0;0;0;0;0;0
38.00;79999913;460101;477773;0;0;10446;0;0;0;0;0;0;0;0;0;0
40.01;79999914;459027;476415;0;0;10499;0;0;0;0;0;0;0;0;0;0
42.01;79999914;461336;478307;0;0;10410;0;0;0;0;0;0;0;0;0;0
44.01;79999913;458463;476387;0;0;10316;0;0;0;0;0;0;0;0;0;0
46.01;79999914;461488;477590;0;0;10372;0;0;0;0;0;0;0;0;0;0
48.01;79999914;458380;476346;0;0;10409;0;0;0;0;0;0;0;0;0;0
50.01;79999913;460352;477615;0;0;10532;0;0;0;0;0;0;0;0;0;0
52.01;79999913;458790;475521;0;0;10457;0;0;0;0;0;0;0;0;0;0
54.01;79999913;459969;477026;0;0;10513;0;0;0;0;0;0;0;0;0;0
56.01;79999914;458376;475887;0;0;10490;0;0;0;0;0;0;0;0;0;0
58.01;79999913;460385;477062;0;0;10552;0;0;0;0;0;0;0;0;0;0
60.01;79999914;457843;474910;0;0;10442;0;0;0;0;0;0;0;0;0;0
62.01;79999913;459941;477930;0;0;10475;0;0;0;0;0;0;0;0;0;0
64.01;79999914;458097;475415;0;0;10521;0;0;0;0;0;0;0;0;0;0
66.01;79999914;460161;476104;0;0;10499;0;0;0;0;0;0;0;0;0;0
68.01;79999913;458203;474961;0;0;10289;0;0;0;0;0;0;0;0;0;0
70.01;79999914;458158;474653;0;0;10304;0;0;0;0;0;0;0;0;0;0
72.01;79999914;455644;473088;0;0;10395;0;0;0;0;0;0;0;0;0;0
74.01;79999913;458487;475334;0;0;10434;0;0;0;0;0;0;0;0;0;0
76.01;79999913;455419;472072;0;0;10180;0;0;0;0;0;0;0;0;0;0
78.01;79999914;458752;475029;0;0;10248;0;0;0;0;0;0;0;0;0;0
80.01;79999913;456193;473565;0;0;10403;0;0;0;0;0;0;0;0;0;0
82.01;79999914;458799;475517;0;0;10394;0;0;0;0;0;0;0;0;0;0
84.01;79999913;455856;472858;0;0;10610;0;0;0;0;0;0;0;0;0;0
86.01;79999914;457752;474990;0;0;10434;0;0;0;0;0;0;0;0;0;0
88.01;79999914;455756;472405;0;0;10331;0;0;0;0;0;0;0;0;0;0
90.01;79999914;458145;474763;0;0;10451;0;0;0;0;0;0;0;0;0;0
92.01;79999914;456081;471734;0;0;10145;0;0;0;0;0;0;0;0;0;0
94.01;79999914;457207;474807;0;0;10300;0;0;0;0;0;0;0;0;0;0
96.01;79999913;454924;472108;0;0;10418;0;0;0;0;0;0;0;0;0;0
98.01;79999914;457919;474494;0;0;10363;0;0;0;0;0;0;0;0;0;0
100.01;79999913;455208;473492;0;0;10041;0;0;0;0;0;0;0;0;0;0
102.01;79999914;457499;475239;0;0;10387;0;0;0;0;0;0;0;0;0;0
104.01;79999913;455515;472742;0;0;10370;0;0;0;0;0;0;0;0;0;0
106.01;79999914;457326;474438;0;0;10560;0;0;0;0;0;0;0;0;0;0
108.01;79999914;455106;472286;0;0;10222;0;0;0;0;0;0;0;0;0;0
110.02;79999914;457278;474766;0;0;10189;0;0;0;0;0;0;0;0;0;0
112.02;79999914;455656;472365;0;0;10340;0;0;0;0;0;0;0;0;0;0
114.02;79999914;457657;473971;0;0;10349;0;0;0;0;0;0;0;0;0;0
116.02;79999914;455793;472186;0;0;10277;0;0;0;0;0;0;0;0;0;0
118.02;79999914;457155;474302;0;0;10360;0;0;0;0;0;0;0;0;0;0
120.02;79999913;454610;472582;0;0;10445;0;0;0;0;0;0;0;0;0;0
122.02;79999914;457414;474448;0;0;10415;0;0;0;0;0;0;0;0;0;0
124.02;79999914;455491;472980;0;0;10346;0;0;0;0;0;0;0;0;0;0
126.02;79999914;457016;473894;0;0;10399;0;0;0;0;0;0;0;0;0;0
128.02;79999913;455204;472965;0;0;10259;0;0;0;0;0;0;0;0;0;0
130.02;79999914;457222;473824;0;0;10490;0;0;0;0;0;0;0;0;0;0
132.02;79999913;455244;472628;0;0;10416;0;0;0;0;0;0;0;0;0;0
134.02;79999913;456817;474248;0;0;10368;0;0;0;0;0;0;0;0;0;0
136.02;79999913;456003;471915;0;0;10375;0;0;0;0;0;0;0;0;0;0
138.02;79999914;457540;473888;0;0;10028;0;0;0;0;0;0;0;0;0;0
140.02;79999913;455962;472718;0;0;10396;0;0;0;0;0;0;0;0;0;0
142.02;79999914;456909;474121;0;0;10442;0;0;0;0;0;0;0;0;0;0
144.02;79999914;455567;473157;0;0;10408;0;0;0;0;0;0;0;0;0;0
146.02;79999914;456523;473950;0;0;10387;0;0;0;0;0;0;0;0;0;0
148.02;79999914;456412;472692;0;0;10191;0;0;0;0;0;0;0;0;0;0
150.02;79999914;456326;473830;0;0;10187;0;0;0;0;0;0;0;0;0;0
152.02;79999914;455731;472789;0;0;10472;0;0;0;0;0;0;0;0;0;0
154.02;79999913;456151;472470;0;0;10303;0;0;0;0;0;0;0;0;0;0
156.02;79999913;455026;472165;0;0;10203;0;0;0;0;0;0;0;0;0;0
158.02;79999913;455778;471580;0;0;10264;0;0;0;0;0;0;0;0;0;0
160.02;79999913;456753;473192;0;0;10262;0;0;0;0;0;0;0;0;0;0
162.02;79999914;455765;473579;0;0;10438;0;0;0;0;0;0;0;0;0;0
164.02;79999913;456364;472640;0;0;10480;0;0;0;0;0;0;0;0;0;0
166.02;79999914;455439;472943;0;0;10336;0;0;0;0;0;0;0;0;0;0
168.02;79999914;456562;472531;0;0;10481;0;0;0;0;0;0;0;0;0;0
170.02;79999913;455256;472659;0;0;10232;0;0;0;0;0;0;0;0;0;0
172.02;79999913;455715;472075;0;0;10234;0;0;0;0;0;0;0;0;0;0
174.03;79999914;455004;471823;0;0;10368;0;0;0;0;0;0;0;0;0;0
176.03;79999913;456056;472386;0;0;10131;0;0;0;0;0;0;0;0;0;0
178.03;79999913;454424;471288;0;0;10482;0;0;0;0;0;0;0;0;0;0
180.03;79999914;455309;472298;0;0;10353;0;0;0;0;0;0;0;0;0;0
182.03;79999914;454749;471383;0;0;10438;0;0;0;0;0;0;0;0;0;0
184.03;79999913;456045;472782;0;0;10474;0;0;0;0;0;0;0;0;0;0
186.03;79999913;454885;471988;0;0;10337;0;0;0;0;0;0;0;0;0;0
188.03;79999913;455244;472092;0;0;10370;0;0;0;0;0;0;0;0;0;0
190.03;79999914;454095;471326;0;0;10311;0;0;0;0;0;0;0;0;0;0
192.03;79999913;457304;474887;0;0;10338;0;0;0;0;0;0;0;0;0;0
194.03;79999913;455971;472691;0;0;10211;0;0;0;0;0;0;0;0;0;0
196.03;79999913;457383;474108;0;0;10394;0;0;0;0;0;0;0;0;0;0
198.03;79999913;456046;473482;0;0;10173;0;0;0;0;0;0;0;0;0;0
200.03;79999914;457420;473999;0;0;10492;0;0;0;0;0;0;0;0;0;0
202.03;79999913;456206;472615;0;0;10377;0;0;0;0;0;0;0;0;0;0
204.03;79999914;457772;473680;0;0;10337;0;0;0;0;0;0;0;0;0;0
206.03;79999913;454475;472725;0;0;10368;0;0;0;0;0;0;0;0;0;0
208.03;79999914;456937;474104;0;0;10375;0;0;0;0;0;0;0;0;0;0
210.03;79999914;454782;472402;0;0;10264;0;0;0;0;0;0;0;0;0;0
212.03;79999913;456590;473912;0;0;10327;0;0;0;0;0;0;0;0;0;0
214.03;79999914;455195;472523;0;0;10346;0;0;0;0;0;0;0;0;0;0
216.03;79999914;456566;473914;0;0;10355;0;0;0;0;0;0;0;0;0;0
218.03;79999914;455856;472632;0;0;10195;0;0;0;0;0;0;0;0;0;0
220.03;79999913;456729;474216;0;0;10349;0;0;0;0;0;0;0;0;0;0
222.03;79999913;455650;471987;0;0;10347;0;0;0;0;0;0;0;0;0;0
224.04;79999913;457256;473902;0;0;10332;0;0;0;0;0;0;0;0;0;0
226.04;79999913;455031;471758;0;0;10373;0;0;0;0;0;0;0;0;0;0
228.04;79999913;457871;473700;0;0;10361;0;0;0;0;0;0;0;0;0;0
230.04;79999913;455726;472336;0;0;10187;0;0;0;0;0;0;0;0;0;0
232.04;79999914;456710;474073;0;0;10470;0;0;0;0;0;0;0;0;0;0
234.04;79999913;455081;472647;0;0;10254;0;0;0;0;0;0;0;0;0;0
236.04;79999914;457147;474026;0;0;10203;0;0;0;0;0;0;0;0;0;0
238.04;79999913;455599;472389;0;0;10591;0;0;0;0;0;0;0;0;0;0
240.04;79999914;457174;474180;0;0;10259;0;0;0;0;0;0;0;0;0;0
242.04;79999914;455481;472717;0;0;10219;0;0;0;0;0;0;0;0;0;0
244.04;79999914;456399;474070;0;0;10471;0;0;0;0;0;0;0;0;0;0
246.04;79999914;455193;472240;0;0;10458;0;0;0;0;0;0;0;0;0;0
248.04;79999913;456271;473693;0;0;10350;0;0;0;0;0;0;0;0;0;0
250.04;79999914;454848;472714;0;0;10225;0;0;0;0;0;0;0;0;0;0
252.04;79999914;457614;473372;0;0;10407;0;0;0;0;0;0;0;0;0;0
254.04;79999914;455252;471464;0;0;10217;0;0;0;0;0;0;0;0;0;0
256.04;79999914;456386;473187;0;0;10237;0;0;0;0;0;0;0;0;0;0
258.04;79999913;454920;472184;0;0;10248;0;0;0;0;0;0;0;0;0;0
260.04;79999913;457084;474132;0;0;10330;0;0;0;0;0;0;0;0;0;0
262.04;79999914;455056;471472;0;0;10337;0;0;0;0;0;0;0;0;0;0
264.04;79999914;456633;473902;0;0;10283;0;0;0;0;0;0;0;0;0;0
266.04;79999914;455665;471989;0;0;10281;0;0;0;0;0;0;0;0;0;0
268.04;79999914;457174;473084;0;0;10346;0;0;0;0;0;0;0;0;0;0
270.04;79999914;455618;471707;0;0;10334;0;0;0;0;0;0;0;0;0;0
272.04;79999914;457438;472995;0;0;10296;0;0;0;0;0;0;0;0;0;0
274.04;79999914;454847;472085;0;0;10236;0;0;0;0;0;0;0;0;0;0
276.04;79999914;455761;472213;0;0;10441;0;0;0;0;0;0;0;0;0;0
278.04;79999914;454325;471256;0;0;10372;0;0;0;0;0;0;0;0;0;0
280.04;79999914;456735;473039;0;0;10338;0;0;0;0;0;0;0;0;0;0
282.04;79999913;454808;471485;0;0;10291;0;0;0;0;0;0;0;0;0;0
284.04;79999913;455924;473414;0;0;10219;0;0;0;0;0;0;0;0;0;0
286.04;79999914;454956;471364;0;0;10401;0;0;0;0;0;0;0;0;0;0
288.04;79999914;456463;473086;0;0;10375;0;0;0;0;0;0;0;0;0;0
290.05;79999914;453889;471013;0;0;10211;0;0;0;0;0;0;0;0;0;0
292.05;79999914;455294;473122;0;0;10350;0;0;0;0;0;0;0;0;0;0
294.05;79999914;454688;470921;0;0;10411;0;0;0;0;0;0;0;0;0;0
296.05;79999914;456454;472458;0;0;10367;0;0;0;0;0;0;0;0;0;0
298.05;79999913;453098;471895;0;0;10255;0;0;0;0;0;0;0;0;0;0
300.05;79999914;455742;472621;0;0;10397;0;0;0;0;0;0;0;0;0;0
302.05;79999914;453556;470413;0;0;10281;0;0;0;0;0;0;0;0;0;0
304.05;79999913;455169;472413;0;0;10136;0;0;0;0;0;0;0;0;0;0
306.05;79999913;453611;470919;0;0;10299;0;0;0;0;0;0;0;0;0;0
308.05;79999913;455847;471863;0;0;10343;0;0;0;0;0;0;0;0;0;0
310.05;79999913;455037;471385;0;0;10390;0;0;0;0;0;0;0;0;0;0
312.05;79999913;454074;470968;0;0;10406;0;0;0;0;0;0;0;0;0;0
314.05;79999914;451817;468436;0;0;10282;0;0;0;0;0;0;0;0;0;0
316.05;79999913;453843;470235;0;0;10291;0;0;0;0;0;0;0;0;0;0
318.05;79999913;451685;467737;0;0;10196;0;0;0;0;0;0;0;0;0;0
320.05;79999913;454055;470283;0;0;10403;0;0;0;0;0;0;0;0;0;0
322.05;79999913;451726;467886;0;0;10174;0;0;0;0;0;0;0;0;0;0
324.05;79999913;453735;469515;0;0;10465;0;0;0;0;0;0;0;0;0;0
326.05;79999913;451572;468213;0;0;10365;0;0;0;0;0;0;0;0;0;0
328.05;79999913;453487;468896;0;0;10380;0;0;0;0;0;0;0;0;0;0
330.05;79999913;451469;469046;0;0;10178;0;0;0;0;0;0;0;0;0;0
332.05;79999913;452976;468961;0;0;10284;0;0;0;0;0;0;0;0;0;0
334.05;79999913;452158;468154;0;0;10047;0;0;0;0;0;0;0;0;0;0
336.05;79999913;453195;470339;0;0;10306;0;0;0;0;0;0;0;0;0;0
338.05;79999914;452632;468036;0;0;10224;0;0;0;0;0;0;0;0;0;0
340.05;79999914;453379;469324;0;0;10277;0;0;0;0;0;0;0;0;0;0
342.05;79999913;451631;468852;0;0;10444;0;0;0;0;0;0;0;0;0;0
344.05;79999914;452726;469139;0;0;10395;0;0;0;0;0;0;0;0;0;0
346.05;79999914;452123;469088;0;0;10534;0;0;0;0;0;0;0;0;0;0
348.05;79999914;452844;468435;0;0;10577;0;0;0;0;0;0;0;0;0;0
350.05;79999914;451996;468524;0;0;10297;0;0;0;0;0;0;0;0;0;0
352.06;79999914;452530;468153;0;0;10297;0;0;0;0;0;0;0;0;0;0
354.06;79999913;452206;468740;0;0;10272;0;0;0;0;0;0;0;0;0;0
356.06;79999913;452524;467910;0;0;10371;0;0;0;0;0;0;0;0;0;0
358.06;79999913;452559;469120;0;0;10339;0;0;0;0;0;0;0;0;0;0
360.06;79999913;452456;468917;0;0;10452;0;0;0;0;0;0;0;0;0;0
362.06;79999914;453317;469098;0;0;10354;0;0;0;0;0;0;0;0;0;0
364.06;79999914;451583;468168;0;0;10277;0;0;0;0;0;0;0;0;0;0
366.06;79999914;452664;468760;0;0;10349;0;0;0;0;0;0;0;0;0;0
368.06;79999914;451661;468088;0;0;10349;0;0;0;0;0;0;0;0;0;0
370.06;79999914;452253;468513;0;0;10669;0;0;0;0;0;0;0;0;0;0
372.06;79999914;451392;468694;0;0;10368;0;0;0;0;0;0;0;0;0;0
374.06;79999914;454105;470471;0;0;10320;0;0;0;0;0;0;0;0;0;0
376.06;79999914;453247;469897;0;0;10372;0;0;0;0;0;0;0;0;0;0
378.06;79999913;453860;470236;0;0;10361;0;0;0;0;0;0;0;0;0;0
380.06;79999913;453152;469045;0;0;10421;0;0;0;0;0;0;0;0;0;0
382.06;79999914;453527;470968;0;0;10295;0;0;0;0;0;0;0;0;0;0
384.06;79999914;452560;469819;0;0;10412;0;0;0;0;0;0;0;0;0;0
386.06;79999914;453516;470477;0;0;10323;0;0;0;0;0;0;0;0;0;0
388.06;79999914;452346;469219;0;0;10362;0;0;0;0;0;0;0;0;0;0
390.06;79999914;453764;470064;0;0;10377;0;0;0;0;0;0;0;0;0;0
392.06;79999914;452991;468523;0;0;10369;0;0;0;0;0;0;0;0;0;0
394.06;79999913;454905;470873;0;0;10459;0;0;0;0;0;0;0;0;0;0
396.06;79999913;452794;469449;0;0;10469;0;0;0;0;0;0;0;0;0;0
398.06;79999913;453917;469694;0;0;10264;0;0;0;0;0;0;0;0;0;0
400.06;79999913;452540;469737;0;0;10298;0;0;0;0;0;0;0;0;0;0
402.06;79999913;453141;470618;0;0;10393;0;0;0;0;0;0;0;0;0;0
404.06;79999913;451708;468135;0;0;10165;0;0;0;0;0;0;0;0;0;0
406.06;79999913;453616;469550;0;0;10389;0;0;0;0;0;0;0;0;0;0
408.06;79999913;451185;468517;0;0;10413;0;0;0;0;0;0;0;0;0;0
410.06;79999914;453377;470176;0;0;10374;0;0;0;0;0;0;0;0;0;0
412.06;79999914;451570;468080;0;0;10337;0;0;0;0;0;0;0;0;0;0
414.06;79999914;453792;469507;0;0;10576;0;0;0;0;0;0;0;0;0;0
416.06;79999914;451868;468338;0;0;10404;0;0;0;0;0;0;0;0;0;0
418.06;79999913;452779;469525;0;0;10229;0;0;0;0;0;0;0;0;0;0
420.06;79999913;451344;467923;0;0;10327;0;0;0;0;0;0;0;0;0;0
422.07;79999914;453026;468598;0;0;10325;0;0;0;0;0;0;0;0;0;0
424.07;79999913;450834;467983;0;0;10401;0;0;0;0;0;0;0;0;0;0
426.07;79999913;453067;469970;0;0;10441;0;0;0;0;0;0;0;0;0;0
428.07;79999914;452286;467265;0;0;10253;0;0;0;0;0;0;0;0;0;0
430.07;79999914;452615;468266;0;0;10260;0;0;0;0;0;0;0;0;0;0
432.07;79999913;451469;467459;0;0;10300;0;0;0;0;0;0;0;0;0;0
434.07;79999913;453251;469198;0;0;10257;0;0;0;0;0;0;0;0;0;0
436.07;79999914;451967;467156;0;0;10406;0;0;0;0;0;0;0;0;0;0
438.07;79999914;453339;468719;0;0;10351;0;0;0;0;0;0;0;0;0;0
440.07;79999913;451172;467594;0;0;10318;0;0;0;0;0;0;0;0;0;0
442.07;79999914;452364;469079;0;0;10490;0;0;0;0;0;0;0;0;0;0
444.07;79999914;451117;467757;0;0;10312;0;0;0;0;0;0;0;0;0;0
446.07;79999914;452849;469167;0;0;10396;0;0;0;0;0;0;0;0;0;0
448.07;79999913;451109;467676;0;0;10452;0;0;0;0;0;0;0;0;0;0
450.07;79999913;452677;469436;0;0;10566;0;0;0;0;0;0;0;0;0;0
452.07;79999914;451011;467312;0;0;10199;0;0;0;0;0;0;0;0;0;0
454.07;79999914;453540;469375;0;0;10072;0;0;0;0;0;0;0;0;0;0
456.07;79999914;451493;467523;0;0;10295;0;0;0;0;0;0;0;0;0;0
458.07;79999914;452223;468706;0;0;10472;0;0;0;0;0;0;0;0;0;0
460.07;79999914;451186;467281;0;0;10419;0;0;0;0;0;0;0;0;0;0
462.07;79999914;452567;469334;0;0;10278;0;0;0;0;0;0;0;0;0;0
464.07;79999914;451215;467369;0;0;10183;0;0;0;0;0;0;0;0;0;0
466.07;79999914;452821;468609;0;0;10312;0;0;0;0;0;0;0;0;0;0
468.07;79999914;449916;467441;0;0;10148;0;0;0;0;0;0;0;0;0;0
470.07;79999914;451648;468801;0;0;10400;0;0;0;0;0;0;0;0;0;0
472.07;79999914;450444;466940;0;0;10294;0;0;0;0;0;0;0;0;0;0
474.07;79999914;452553;468440;0;0;10272;0;0;0;0;0;0;0;0;0;0
476.07;79999914;450908;467730;0;0;10348;0;0;0;0;0;0;0;0;0;0
478.07;79999914;452034;469086;0;0;10324;0;0;0;0;0;0;0;0;0;0
480.07;79999913;450412;467883;0;0;10369;0;0;0;0;0;0;0;0;0;0
482.07;79999913;451711;469137;0;0;10384;0;0;0;0;0;0;0;0;0;0
484.07;79999913;449959;467156;0;0;10266;0;0;0;0;0;0;0;0;0;0
486.07;79999913;451478;468846;0;0;10190;0;0;0;0;0;0;0;0;0;0
488.07;79999913;450380;466686;0;0;10252;0;0;0;0;0;0;0;0;0;0
490.07;79999913;452221;468053;0;0;10300;0;0;0;0;0;0;0;0;0;0
492.07;79999913;450474;467312;0;0;10162;0;0;0;0;0;0;0;0;0;0
494.07;79999913;452805;468335;0;0;10371;0;0;0;0;0;0;0;0;0;0
496.07;79999914;450065;465485;0;0;10244;0;0;0;0;0;0;0;0;0;0
498.08;79999914;451553;467542;0;0;10311;0;0;0;0;0;0;0;0;0;0
500.08;79999913;450204;466827;0;0;10418;0;0;0;0;0;0;0;0;0;0
502.08;79999913;451963;468547;0;0;10400;0;0;0;0;0;0;0;0;0;0
504.08;79999913;450080;467115;0;0;10303;0;0;0;0;0;0;0;0;0;0
506.08;79999913;451444;468621;0;0;10330;0;0;0;0;0;0;0;0;0;0
508.08;79999913;449542;465863;0;0;10172;0;0;0;0;0;0;0;0;0;0
510.08;79999913;451577;467058;0;0;10462;0;0;0;0;0;0;0;0;0;0
512.08;79999913;451040;467107;0;0;10299;0;0;0;0;0;0;0;0;0;0
514.08;79999914;451251;467434;0;0;10249;0;0;0;0;0;0;0;0;0;0
516.08;79999914;449848;466452;0;0;10197;0;0;0;0;0;0;0;0;0;0
518.08;79999913;450058;467166;0;0;10331;0;0;0;0;0;0;0;0;0;0
520.08;79999913;450228;466818;0;0;10364;0;0;0;0;0;0;0;0;0;0
522.08;79999913;451061;467532;0;0;10225;0;0;0;0;0;0;0;0;0;0
524.08;79999913;449599;466195;0;0;10292;0;0;0;0;0;0;0;0;0;0
526.08;79999914;449723;466586;0;0;10433;0;0;0;0;0;0;0;0;0;0
528.08;79999914;449179;466424;0;0;10197;0;0;0;0;0;0;0;0;0;0
530.08;79999913;449285;466593;0;0;10127;0;0;0;0;0;0;0;0;0;0
532.08;79999913;449796;466992;0;0;10300;0;0;0;0;0;0;0;0;0;0
534.08;79999913;449883;466753;0;0;10301;0;0;0;0;0;0;0;0;0;0
536.08;79999913;449627;466216;0;0;10227;0;0;0;0;0;0;0;0;0;0
538.08;79999913;448582;465997;0;0;10293;0;0;0;0;0;0;0;0;0;0
540.08;79999914;449261;466622;0;0;10341;0;0;0;0;0;0;0;0;0;0
542.08;79999914;449038;466762;0;0;10168;0;0;0;0;0;0;0;0;0;0
544.08;79999913;449957;466620;0;0;10164;0;0;0;0;0;0;0;0;0;0
546.08;79999913;449853;466496;0;0;10261;0;0;0;0;0;0;0;0;0;0
548.08;79999914;449571;466659;0;0;10308;0;0;0;0;0;0;0;0;0;0
550.08;79999914;449039;465767;0;0;10326;0;0;0;0;0;0;0;0;0;0
552.08;79999914;449556;466697;0;0;10508;0;0;0;0;0;0;0;0;0;0
554.08;79999914;448514;465177;0;0;10091;0;0;0;0;0;0;0;0;0;0
556.08;79999914;449178;464660;0;0;10291;0;0;0;0;0;0;0;0;0;0
558.08;79999914;448514;465587;0;0;10307;0;0;0;0;0;0;0;0;0;0
560.09;79999913;449857;465696;0;0;10358;0;0;0;0;0;0;0;0;0;0
562.09;79999914;448432;464199;0;0;10224;0;0;0;0;0;0;0;0;0;0
564.09;79999913;449063;465663;0;0;10337;0;0;0;0;0;0;0;0;0;0
566.09;79999913;447176;464416;0;0;10333;0;0;0;0;0;0;0;0;0;0
568.09;79999914;448948;465927;0;0;10195;0;0;0;0;0;0;0;0;0;0
570.09;79999914;448135;464561;0;0;10263;0;0;0;0;0;0;0;0;0;0
572.09;79999914;449196;465610;0;0;10378;0;0;0;0;0;0;0;0;0;0
574.09;79999914;447837;464537;0;0;10167;0;0;0;0;0;0;0;0;0;0
576.09;79999913;449070;466219;0;0;10260;0;0;0;0;0;0;0;0;0;0
578.09;79999913;447365;463690;0;0;10327;0;0;0;0;0;0;0;0;0;0
580.09;79999914;449047;466335;0;0;10327;0;0;0;0;0;0;0;0;0;0
582.09;79999914;447080;463942;0;0;10262;0;0;0;0;0;0;0;0;0;0
584.09;79999913;449098;465346;0;0;10087;0;0;0;0;0;0;0;0;0;0
586.09;79999914;447030;463938;0;0;10102;0;0;0;0;0;0;0;0;0;0
588.09;79999914;448252;466306;0;0;10050;0;0;0;0;0;0;0;0;0;0
590.09;79999913;447334;463806;0;0;10353;0;0;0;0;0;0;0;0;0;0
592.09;79999913;448068;465116;0;0;10395;0;0;0;0;0;0;0;0;0;0
594.09;79999913;446932;463646;0;0;10086;0;0;0;0;0;0;0;0;0;0
596.09;79999914;448457;464738;0;0;10351;0;0;0;0;0;0;0;0;0;0
598.09;79999913;447128;463178;0;0;10255;0;0;0;0;0;0;0;0;0;0
600.09;79999913;447728;464939;0;0;10486;0;0;0;0;0;0;0;0;0;0
602.09;79999914;446293;463117;0;0;10262;0;0;0;0;0;0;0;0;0;0
604.09;79999914;448453;464732;0;0;10416;0;0;0;0;0;0;0;0;0;0
606.09;79999914;446151;462893;0;0;10175;0;0;0;0;0;0;0;0;0;0
608.09;79999913;448086;464638;0;0;10348;0;0;0;0;0;0;0;0;0;0
610.09;79999913;445777;463076;0;0;10323;0;0;0;0;0;0;0;0;0;0
612.09;79999913;447930;464867;0;0;10287;0;0;0;0;0;0;0;0;0;0
614.09;79999913;446119;462546;0;0;10141;0;0;0;0;0;0;0;0;0;0
616.09;79999914;448347;464265;0;0;10225;0;0;0;0;0;0;0;0;0;0
618.09;79999913;446822;463689;0;0;10299;0;0;0;0;0;0;0;0;0;0
620.09;79999913;447644;464613;0;0;10298;0;0;0;0;0;0;0;0;0;0
622.10;79999913;445765;462477;0;0;10037;0;0;0;0;0;0;0;0;0;0
624.10;79999914;447880;465023;0;0;10302;0;0;0;0;0;0;0;0;0;0
626.10;79999913;446015;462410;0;0;10272;0;0;0;0;0;0;0;0;0;0
628.10;79999913;447471;463673;0;0;10205;0;0;0;0;0;0;0;0;0;0
630.10;79999913;446009;462725;0;0;10103;0;0;0;0;0;0;0;0;0;0
632.10;79999913;448243;464028;0;0;10281;0;0;0;0;0;0;0;0;0;0
634.10;79999913;445476;462549;0;0;10095;0;0;0;0;0;0;0;0;0;0
636.10;79999913;448169;465062;0;0;10251;0;0;0;0;0;0;0;0;0;0
638.10;79999914;445706;461797;0;0;10312;0;0;0;0;0;0;0;0;0;0
640.10;79999913;447308;463444;0;0;10352;0;0;0;0;0;0;0;0;0;0
642.10;79999913;445384;461685;0;0;10290;0;0;0;0;0;0;0;0;0;0
644.10;79999913;447516;463200;0;0;10480;0;0;0;0;0;0;0;0;0;0
646.10;79999913;445166;462250;0;0;10190;0;0;0;0;0;0;0;0;0;0
648.10;79999913;446933;463259;0;0;10374;0;0;0;0;0;0;0;0;0;0
650.10;79999913;445149;462066;0;0;10269;0;0;0;0;0;0;0;0;0;0
652.10;79999913;446489;463674;0;0;10279;0;0;0;0;0;0;0;0;0;0
654.10;79999914;445044;462215;0;0;10209;0;0;0;0;0;0;0;0;0;0
656.10;79999914;446678;463140;0;0;10359;0;0;0;0;0;0;0;0;0;0
658.10;79999913;444998;461531;0;0;9960;0;0;0;0;0;0;0;0;0;0
660.10;79999914;446457;463411;0;0;10319;0;0;0;0;0;0;0;0;0;0
662.10;79999913;444919;461054;0;0;10202;0;0;0;0;0;0;0;0;0;0
664.10;79999913;447310;463700;0;0;10231;0;0;0;0;0;0;0;0;0;0
666.10;79999913;445109;462073;0;0;10059;0;0;0;0;0;0;0;0;0;0
668.10;79999913;447424;463856;0;0;10291;0;0;0;0;0;0;0;0;0;0
670.10;79999913;444536;461337;0;0;10198;0;0;0;0;0;0;0;0;0;0
672.10;79999913;445895;463335;0;0;10212;0;0;0;0;0;0;0;0;0;0
674.10;79999913;443925;461581;0;0;10158;0;0;0;0;0;0;0;0;0;0
676.10;79999914;444373;461514;0;0;10301;0;0;0;0;0;0;0;0;0;0
678.11;79999914;442308;459224;0;0;10171;0;0;0;0;0;0;0;0;0;0
680.11;79999914;444388;462184;0;0;10189;0;0;0;0;0;0;0;0;0;0
682.11;79999914;442350;459155;0;0;10187;0;0;0;0;0;0;0;0;0;0
684.11;79999914;444252;461284;0;0;10267;0;0;0;0;0;0;0;0;0;0
686.11;79999914;442076;459360;0;0;10089;0;0;0;0;0;0;0;0;0;0
688.11;79999913;443967;460136;0;0;10159;0;0;0;0;0;0;0;0;0;0
690.11;79999913;441683;458335;0;0;10042;0;0;0;0;0;0;0;0;0;0
692.11;79999913;443116;459679;0;0;10146;0;0;0;0;0;0;0;0;0;0
694.11;79999913;441716;458668;0;0;10226;0;0;0;0;0;0;0;0;0;0
696.11;79999913;443329;460472;0;0;10150;0;0;0;0;0;0;0;0;0;0
698.11;79999913;441965;458153;0;0;10107;0;0;0;0;0;0;0;0;0;0
700.11;79999913;443659;459240;0;0;10321;0;0;0;0;0;0;0;0;0;0
702.11;79999913;442511;458683;0;0;10072;0;0;0;0;0;0;0;0;0;0
704.11;79999914;443558;458567;0;0;10053;0;0;0;0;0;0;0;0;0;0
706.11;79999914;441486;459237;0;0;10166;0;0;0;0;0;0;0;0;0;0
708.11;79999914;443003;459534;0;0;10092;0;0;0;0;0;0;0;0;0;0
710.11;79999914;441900;459028;0;0;10240;0;0;0;0;0;0;0;0;0;0
712.11;79999914;443273;459251;0;0;10079;0;0;0;0;0;0;0;0;0;0
714.11;79999914;441623;458346;0;0;10108;0;0;0;0;0;0;0;0;0;0
716.11;79999914;441507;458915;0;0;10258;0;0;0;0;0;0;0;0;0;0
718.11;79999913;442039;458532;0;0;10242;0;0;0;0;0;0;0;0;0;0
720.11;79999914;441922;458689;0;0;10121;0;0;0;0;0;0;0;0;0;0
722.11;79999913;441980;458697;0;0;10124;0;0;0;0;0;0;0;0;0;0
724.11;79999914;442076;458122;0;0;10004;0;0;0;0;0;0;0;0;0;0
726.11;79999913;441421;457835;0;0;10319;0;0;0;0;0;0;0;0;0;0
728.11;79999913;441827;459382;0;0;9985;0;0;0;0;0;0;0;0;0;0
730.11;79999914;441452;458958;0;0;10127;0;0;0;0;0;0;0;0;0;0
732.11;79999914;441266;458470;0;0;10052;0;0;0;0;0;0;0;0;0;0
734.11;79999913;441603;458065;0;0;10070;0;0;0;0;0;0;0;0;0;0
736.11;79999914;441908;458103;0;0;10109;0;0;0;0;0;0;0;0;0;0
738.11;79999913;443686;459962;0;0;10388;0;0;0;0;0;0;0;0;0;0
740.11;79999913;442074;460169;0;0;10061;0;0;0;0;0;0;0;0;0;0
742.11;79999914;442775;461031;0;0;10231;0;0;0;0;0;0;0;0;0;0
744.11;79999914;442328;459119;0;0;10390;0;0;0;0;0;0;0;0;0;0
746.11;79999913;443001;460652;0;0;10161;0;0;0;0;0;0;0;0;0;0
748.11;79999913;442318;459627;0;0;10069;0;0;0;0;0;0;0;0;0;0
750.11;79999913;443938;460068;0;0;10035;0;0;0;0;0;0;0;0;0;0
752.12;79999913;442209;459481;0;0;10210;0;0;0;0;0;0;0;0;0;0
754.12;79999913;443582;459745;0;0;9993;0;0;0;0;0;0;0;0;0;0
756.12;79999914;442135;458819;0;0;10023;0;0;0;0;0;0;0;0;0;0
758.12;79999913;442129;459284;0;0;10059;0;0;0;0;0;0;0;0;0;0
760.12;79999913;441518;458915;0;0;10146;0;0;0;0;0;0;0;0;0;0
762.12;79999914;442329;459326;0;0;10021;0;0;0;0;0;0;0;0;0;0
764.12;79999914;441192;457926;0;0;9990;0;0;0;0;0;0;0;0;0;0
766.12;79999914;441133;460036;0;0;10097;0;0;0;0;0;0;0;0;0;0
768.12;79999914;441133;458302;0;0;9999;0;0;0;0;0;0;0;0;0;0
770.12;79999913;442461;459984;0;0;10091;0;0;0;0;0;0;0;0;0;0
772.12;79999913;441046;458662;0;0;9989;0;0;0;0;0;0;0;0;0;0
774.12;79999913;442874;459295;0;0;10169;0;0;0;0;0;0;0;0;0;0
776.12;79999914;440500;458158;0;0;10153;0;0;0;0;0;0;0;0;0;0
778.12;79999914;442028;459491;0;0;10195;0;0;0;0;0;0;0;0;0;0
780.12;79999914;440535;458390;0;0;10019;0;0;0;0;0;0;0;0;0;0
782.12;79999913;441895;459901;0;0;10212;0;0;0;0;0;0;0;0;0;0
784.12;79999913;440348;458924;0;0;10143;0;0;0;0;0;0;0;0;0;0
786.12;79999913;441476;459863;0;0;10013;0;0;0;0;0;0;0;0;0;0
788.12;79999913;439855;458457;0;0;10032;0;0;0;0;0;0;0;0;0;0
790.12;79999913;441683;460054;0;0;10050;0;0;0;0;0;0;0;0;0;0
792.12;79999913;440400;458088;0;0;9963;0;0;0;0;0;0;0;0;0;0
794.12;79999914;441806;459685;0;0;10055;0;0;0;0;0;0;0;0;0;0
796.12;79999914;439575;458168;0;0;10046;0;0;0;0;0;0;0;0;0;0
798.12;79999914;442600;460074;0;0;10079;0;0;0;0;0;0;0;0;0;0
800.12;79999913;440753;457958;0;0;10066;0;0;0;0;0;0;0;0;0;0
802.12;79999914;441980;460028;0;0;10216;0;0;0;0;0;0;0;0;0;0
804.12;79999914;439494;458311;0;0;10090;0;0;0;0;0;0;0;0;0;0
806.12;79999913;441724;459049;0;0;9965;0;0;0;0;0;0;0;0;0;0
808.12;79999913;440710;458193;0;0;10116;0;0;0;0;0;0;0;0;0;0
810.12;79999913;441596;460040;0;0;9994;0;0;0;0;0;0;0;0;0;0
812.12;79999914;440646;458053;0;0;9993;0;0;0;0;0;0;0;0;0;0
814.12;79999913;442747;459674;0;0;10078;0;0;0;0;0;0;0;0;0;0
816.12;79999913;440696;458113;0;0;9946;0;0;0;0;0;0;0;0;0;0
818.12;79999913;442119;459272;0;0;10173;0;0;0;0;0;0;0;0;0;0
820.13;79999913;439832;457592;0;0;10000;0;0;0;0;0;0;0;0;0;0
822.13;79999914;441159;459858;0;0;10090;0;0;0;0;0;0;0;0;0;0
824.13;79999914;439751;457673;0;0;10007;0;0;0;0;0;0;0;0;0;0
826.13;79999914;440990;459378;0;0;10067;0;0;0;0;0;0;0;0;0;0
828.13;79999914;439692;457259;0;0;10053;0;0;0;0;0;0;0;0;0;0
830.13;79999914;440376;459524;0;0;10307;0;0;0;0;0;0;0;0;0;0
832.13;79999913;439207;457819;0;0;10064;0;0;0;0;0;0;0;0;0;0
834.13;79999914;441287;459067;0;0;9975;0;0;0;0;0;0;0;0;0;0
836.13;79999914;439124;457014;0;0;10085;0;0;0;0;0;0;0;0;0;0
838.13;79999914;440664;458738;0;0;10077;0;0;0;0;0;0;0;0;0;0
840.13;79999914;438818;457236;0;0;10091;0;0;0;0;0;0;0;0;0;0
842.13;79999913;440553;458791;0;0;9872;0;0;0;0;0;0;0;0;0;0
844.13;79999913;439093;457025;0;0;10138;0;0;0;0;0;0;0;0;0;0
846.13;79999913;440024;459151;0;0;10089;0;0;0;0;0;0;0;0;0;0
848.13;79999914;438690;457324;0;0;10042;0;0;0;0;0;0;0;0;0;0
850.13;79999914;440601;458265;0;0;10087;0;0;0;0;0;0;0;0;0;0
852.13;79999913;438913;457638;0;0;10061;0;0;0;0;0;0;0;0;0;0
854.13;79999914;440352;458029;0;0;10046;0;0;0;0;0;0;0;0;0;0
856.13;79999913;439028;456820;0;0;9964;0;0;0;0;0;0;0;0;0;0
858.13;79999913;441012;457896;0;0;9991;0;0;0;0;0;0;0;0;0;0
860.13;79999914;438503;456849;0;0;10033;0;0;0;0;0;0;0;0;0;0
862.13;79999913;440120;458834;0;0;9889;0;0;0;0;0;0;0;0;0;0
864.13;79999913;438131;456049;0;0;10041;0;0;0;0;0;0;0;0;0;0
866.13;79999913;439279;457720;0;0;9969;0;0;0;0;0;0;0;0;0;0
868.13;79999913;438924;457235;0;0;10218;0;0;0;0;0;0;0;0;0;0
870.13;79999913;440243;458019;0;0;10203;0;0;0;0;0;0;0;0;0;0
872.14;79999914;439311;456758;0;0;9974;0;0;0;0;0;0;0;0;0;0
874.14;79999913;439774;457816;0;0;10156;0;0;0;0;0;0;0;0;0;0
876.14;79999913;438443;456668;0;0;9889;0;0;0;0;0;0;0;0;0;0
878.14;79999913;439778;458259;0;0;10003;0;0;0;0;0;0;0;0;0;0
880.14;79999914;438227;456671;0;0;9957;0;0;0;0;0;0;0;0;0;0
882.14;79999913;439577;457878;0;0;10081;0;0;0;0;0;0;0;0;0;0
884.14;79999913;438971;457830;0;0;10170;0;0;0;0;0;0;0;0;0;0
886.14;79999913;439197;457923;0;0;9896;0;0;0;0;0;0;0;0;0;0
888.14;79999913;438453;456935;0;0;10169;0;0;0;0;0;0;0;0;0;0
890.14;79999913;439204;457717;0;0;10150;0;0;0;0;0;0;0;0;0;0
892.14;79999913;438493;457272;0;0;9965;0;0;0;0;0;0;0;0;0;0
894.14;79999913;439095;458494;0;0;10137;0;0;0;0;0;0;0;0;0;0
896.14;79999913;438235;457176;0;0;9981;0;0;0;0;0;0;0;0;0;0
898.14;79999913;438946;456920;0;0;10026;0;0;0;0;0;0;0;0;0;0
900.14;79999913;438923;456847;0;0;10033;0;0;0;0;0;0;0;0;0;0
902.14;79999914;438418;456953;0;0;10154;0;0;0;0;0;0;0;0;0;0
904.14;79999914;438844;457461;0;0;9981;0;0;0;0;0;0;0;0;0;0
906.14;79999914;439262;456857;0;0;10160;0;0;0;0;0;0;0;0;0;0
908.14;79999913;438290;457504;0;0;9966;0;0;0;0;0;0;0;0;0;0
910.14;79999913;438625;457618;0;0;9938;0;0;0;0;0;0;0;0;0;0
912.14;79999913;438251;456235;0;0;9972;0;0;0;0;0;0;0;0;0;0
914.14;79999913;437732;456763;0;0;10224;0;0;0;0;0;0;0;0;0;0
916.14;79999913;438637;456040;0;0;9952;0;0;0;0;0;0;0;0;0;0
918.14;79999913;438503;456438;0;0;9835;0;0;0;0;0;0;0;0;0;0
920.15;79999913;438479;456597;0;0;10251;0;0;0;0;0;0;0;0;0;0
922.15;79999913;438342;457171;0;0;9950;0;0;0;0;0;0;0;0;0;0
924.15;79999913;438096;456428;0;0;9990;0;0;0;0;0;0;0;0;0;0
926.15;79999913;437528;455526;0;0;9970;0;0;0;0;0;0;0;0;0;0
928.15;79999913;438203;457338;0;0;10154;0;0;0;0;0;0;0;0;0;0
930.15;79999914;437655;456935;0;0;10126;0;0;0;0;0;0;0;0;0;0
932.15;79999914;437475;456701;0;0;10108;0;0;0;0;0;0;0;0;0;0
934.15;79999914;438035;455363;0;0;9873;0;0;0;0;0;0;0;0;0;0
936.15;79999913;438032;456679;0;0;10082;0;0;0;0;0;0;0;0;0;0
938.15;79999914;438051;455734;0;0;10053;0;0;0;0;0;0;0;0;0;0
940.15;79999914;438401;456244;0;0;9904;0;0;0;0;0;0;0;0;0;0
942.15;79999914;437774;456078;0;0;9975;0;0;0;0;0;0;0;0;0;0
944.15;79999914;437480;456503;0;0;9956;0;0;0;0;0;0;0;0;0;0
946.15;79999913;437085;455093;0;0;9940;0;0;0;0;0;0;0;0;0;0
948.15;79999913;438294;456351;0;0;9820;0;0;0;0;0;0;0;0;0;0
950.15;79999914;437077;455465;0;0;9986;0;0;0;0;0;0;0;0;0;0
952.15;79999913;438726;456473;0;0;10207;0;0;0;0;0;0;0;0;0;0
954.15;79999914;436865;454978;0;0;10169;0;0;0;0;0;0;0;0;0;0
956.15;79999914;437733;456316;0;0;10027;0;0;0;0;0;0;0;0;0;0
958.15;79999914;436409;454990;0;0;10131;0;0;0;0;0;0;0;0;0;0
960.15;79999914;438471;456235;0;0;10157;0;0;0;0;0;0;0;0;0;0
962.15;79999914;437646;455022;0;0;10100;0;0;0;0;0;0;0;0;0;0
964.15;79999914;437771;456747;0;0;9900;0;0;0;0;0;0;0;0;0;0
966.15;79999914;435828;455219;0;0;9931;0;0;0;0;0;0;0;0;0;0
968.15;79999913;438342;456888;0;0;10156;0;0;0;0;0;0;0;0;0;0
970.15;79999913;436090;454872;0;0;10003;0;0;0;0;0;0;0;0;0;0
972.15;79999913;437065;456650;0;0;9874;0;0;0;0;0;0;0;0;0;0
974.16;79999913;436394;454720;0;0;9882;0;0;0;0;0;0;0;0;0;0
976.16;79999914;437823;455799;0;0;9944;0;0;0;0;0;0;0;0;0;0
978.16;79999913;436149;454629;0;0;10002;0;0;0;0;0;0;0;0;0;0
980.16;79999913;439137;457480;0;0;10151;0;0;0;0;0;0;0;0;0;0
982.16;79999914;438234;457830;0;0;9919;0;0;0;0;0;0;0;0;0;0
984.16;79999913;438186;457158;0;0;9853;0;0;0;0;0;0;0;0;0;0
986.16;79999913;438431;456694;0;0;10071;0;0;0;0;0;0;0;0;0;0
988.16;79999913;439373;458090;0;0;10098;0;0;0;0;0;0;0;0;0;0
990.16;79999914;438194;456891;0;0;10048;0;0;0;0;0;0;0;0;0;0
992.16;79999914;438955;458196;0;0;10092;0;0;0;0;0;0;0;0;0;0
994.16;79999914;437982;456442;0;0;9915;0;0;0;0;0;0;0;0;0;0
996.16;79999913;438955;457805;0;0;9960;0;0;0;0;0;0;0;0;0;0
998.16;79999914;437566;456631;0;0;10102;0;0;0;0;0;0;0;0;0;0
1000.16;79999914;439360;457463;0;0;10051;0;0;0;0;0;0;0;0;0;0
1002.16;79999914;437373;456737;0;0;9894;0;0;0;0;0;0;0;0;0;0
1004.16;79999914;439497;458028;0;0;10022;0;0;0;0;0;0;0;0;0;0
1006.16;79999914;438323;456179;0;0;10039;0;0;0;0;0;0;0;0;0;0
1008.16;79999913;439347;457591;0;0;10204;0;0;0;0;0;0;0;0;0;0
1010.16;79999913;437838;456350;0;0;9896;0;0;0;0;0;0;0;0;0;0
1012.16;79999913;439207;457242;0;0;9969;0;0;0;0;0;0;0;0;0;0
1014.16;79999913;438363;456057;0;0;9897;0;0;0;0;0;0;0;0;0;0
1016.16;79999913;439157;457518;0;0;10050;0;0;0;0;0;0;0;0;0;0
1018.16;79999913;438324;456461;0;0;10041;0;0;0;0;0;0;0;0;0;0
1020.16;79999913;439460;458231;0;0;10134;0;0;0;0;0;0;0;0;0;0
1022.16;79999913;437356;456004;0;0;10218;0;0;0;0;0;0;0;0;0;0
1024.16;79999913;439305;457620;0;0;10043;0;0;0;0;0;0;0;0;0;0
1026.17;79999913;437454;456106;0;0;10219;0;0;0;0;0;0;0;0;0;0
1028.17;79999914;438005;456963;0;0;10070;0;0;0;0;0;0;0;0;0;0
1030.17;79999914;438246;454973;0;0;10097;0;0;0;0;0;0;0;0;0;0
1032.17;79999914;438897;457301;0;0;10151;0;0;0;0;0;0;0;0;0;0
1034.17;79999913;437752;456301;0;0;10065;0;0;0;0;0;0;0;0;0;0
1036.17;79999914;438465;457006;0;0;10033;0;0;0;0;0;0;0;0;0;0
1038.17;79999914;437852;455874;0;0;10223;0;0;0;0;0;0;0;0;0;0
1040.17;79999914;437386;455580;0;0;10049;0;0;0;0;0;0;0;0;0;0
1042.17;79999914;436041;454074;0;0;10200;0;0;0;0;0;0;0;0;0;0
1044.17;79999914;437818;456086;0;0;10112;0;0;0;0;0;0;0;0;0;0
1046.17;79999913;435795;453832;0;0;9926;0;0;0;0;0;0;0;0;0;0
1048.17;79999913;438053;456327;0;0;10057;0;0;0;0;0;0;0;0;0;0
1050.17;79999914;435751;454617;0;0;9907;0;0;0;0;0;0;0;0;0;0
1052.17;79999914;438189;455317;0;0;9888;0;0;0;0;0;0;0;0;0;0
1054.17;79999914;435372;455080;0;0;9977;0;0;0;0;0;0;0;0;0;0
1056.17;79999914;437127;455684;0;0;9950;0;0;0;0;0;0;0;0;0;0
1058.17;79999913;435057;454491;0;0;9891;0;0;0;0;0;0;0;0;0;0
1060.17;79999914;437532;455321;0;0;9990;0;0;0;0;0;0;0;0;0;0
1062.17;79999913;435231;453217;0;0;9961;0;0;0;0;0;0;0;0;0;0
1064.17;79999914;436284;455202;0;0;10004;0;0;0;0;0;0;0;0;0;0
1066.17;79999914;435745;453524;0;0;10063;0;0;0;0;0;0;0;0;0;0
1068.17;79999914;436488;454788;0;0;9734;0;0;0;0;0;0;0;0;0;0
1070.17;79999914;436078;454343;0;0;9938;0;0;0;0;0;0;0;0;0;0
1072.17;79999913;437368;454699;0;0;9916;0;0;0;0;0;0;0;0;0;0
1074.17;79999914;434943;454470;0;0;10145;0;0;0;0;0;0;0;0;0;0
1076.17;79999914;435857;454456;0;0;10249;0;0;0;0;0;0;0;0;0;0
1078.17;79999914;435658;454141;0;0;9902;0;0;0;0;0;0;0;0;0;0
1080.17;79999914;436349;455099;0;0;9986;0;0;0;0;0;0;0;0;0;0
1082.17;79999914;435669;454685;0;0;9898;0;0;0;0;0;0;0;0;0;0
1084.17;79999914;435775;454881;0;0;10010;0;0;0;0;0;0;0;0;0;0
1086.17;79999914;435264;454326;0;0;9992;0;0;0;0;0;0;0;0;0;0
1088.18;79999913;436042;454874;0;0;10086;0;0;0;0;0;0;0;0;0;0
1090.18;79999913;435146;453504;0;0;9951;0;0;0;0;0;0;0;0;0;0
1092.18;79999913;435804;454764;0;0;9810;0;0;0;0;0;0;0;0;0;0
1094.18;79999913;435231;453812;0;0;10063;0;0;0;0;0;0;0;0;0;0
1096.18;79999914;435864;454214;0;0;9825;0;0;0;0;0;0;0;0;0;0
1098.18;79999913;435916;454365;0;0;10102;0;0;0;0;0;0;0;0;0;0
1100.18;79999913;434609;453282;0;0;10121;0;0;0;0;0;0;0;0;0;0
1102.18;79999913;433368;452024;0;0;9777;0;0;0;0;0;0;0;0;0;0
1104.18;79999913;432129;451380;0;0;10012;0;0;0;0;0;0;0;0;0;0
1106.18;79999913;432908;452470;0;0;9860;0;0;0;0;0;0;0;0;0;0
1108.18;79999914;434256;451654;0;0;9818;0;0;0;0;0;0;0;0;0;0
1110.18;79999913;433712;452100;0;0;9942;0;0;0;0;0;0;0;0;0;0
1112.18;79999914;433303;452269;0;0;10107;0;0;0;0;0;0;0;0;0;0
1114.18;79999914;432860;452009;0;0;10033;0;0;0;0;0;0;0;0;0;0
1116.18;79999913;433428;451548;0;0;9864;0;0;0;0;0;0;0;0;0;0
1118.18;79999914;433204;453215;0;0;9835;0;0;0;0;0;0;0;0;0;0
1120.18;79999914;432751;451816;0;0;9736;0;0;0;0;0;0;0;0;0;0
1122.18;79999914;433520;452681;0;0;9819;0;0;0;0;0;0;0;0;0;0
1124.18;79999914;433020;451271;0;0;9949;0;0;0;0;0;0;0;0;0;0
1126.18;79999914;433860;451799;0;0;9920;0;0;0;0;0;0;0;0;0;0
1128.18;79999913;432934;451618;0;0;9991;0;0;0;0;0;0;0;0;0;0
1130.18;79999913;434309;452402;0;0;9876;0;0;0;0;0;0;0;0;0;0
1132.19;79999914;432711;451129;0;0;9911;0;0;0;0;0;0;0;0;0;0
1134.19;79999912;434017;452386;0;0;10097;0;0;0;0;0;0;0;0;0;0
1136.19;79999914;433935;451823;0;0;10223;0;0;0;0;0;0;0;0;0;0
1138.19;79999914;434362;453093;0;0;9841;0;0;0;0;0;0;0;0;0;0
1140.19;79999914;432451;451197;0;0;9957;0;0;0;0;0;0;0;0;0;0
1142.19;79999913;433755;451960;0;0;9988;0;0;0;0;0;0;0;0;0;0
1144.19;79999914;432892;451705;0;0;10031;0;0;0;0;0;0;0;0;0;0
1146.19;79999914;434468;452604;0;0;9955;0;0;0;0;0;0;0;0;0;0
1148.19;79999913;433384;451551;0;0;9783;0;0;0;0;0;0;0;0;0;0
1150.19;79999913;434163;453056;0;0;9927;0;0;0;0;0;0;0;0;0;0
1152.19;79999913;433048;451412;0;0;9971;0;0;0;0;0;0;0;0;0;0
1154.19;79999914;435568;453125;0;0;9868;0;0;0;0;0;0;0;0;0;0
1156.19;79999914;432884;450645;0;0;9898;0;0;0;0;0;0;0;0;0;0
1158.19;79999914;434763;453220;0;0;9875;0;0;0;0;0;0;0;0;0;0
1160.19;79999913;432211;450131;0;0;9825;0;0;0;0;0;0;0;0;0;0
1162.19;79999914;435909;454604;0;0;9973;0;0;0;0;0;0;0;0;0;0
1164.19;79999913;434571;452423;0;0;9933;0;0;0;0;0;0;0;0;0;0
1166.19;79999913;436803;454603;0;0;10052;0;0;0;0;0;0;0;0;0;0
1168.19;79999914;434200;452220;0;0;9817;0;0;0;0;0;0;0;0;0;0
1170.19;79999913;436659;454560;0;0;9937;0;0;0;0;0;0;0;0;0;0
1172.19;79999913;434199;452889;0;0;9980;0;0;0;0;0;0;0;0;0;0
1174.19;79999914;436002;454446;0;0;10004;0;0;0;0;0;0;0;0;0;0
1176.19;79999913;434106;452781;0;0;9957;0;0;0;0;0;0;0;0;0;0
1178.19;79999914;436096;454283;0;0;9960;0;0;0;0;0;0;0;0;0;0
1180.20;79999914;434785;452565;0;0;9984;0;0;0;0;0;0;0;0;0;0
1182.20;79999913;435654;455002;0;0;10048;0;0;0;0;0;0;0;0;0;0
1184.20;79999913;434625;452949;0;0;9807;0;0;0;0;0;0;0;0;0;0
1186.20;79999913;436498;454656;0;0;9966;0;0;0;0;0;0;0;0;0;0
1188.20;79999913;434135;453109;0;0;10015;0;0;0;0;0;0;0;0;0;0
1190.20;79999913;435541;454670;0;0;10062;0;0;0;0;0;0;0;0;0;0
1192.20;79999914;434305;452641;0;0;10051;0;0;0;0;0;0;0;0;0;0
1194.20;79999914;436008;454920;0;0;9948;0;0;0;0;0;0;0;0;0;0
1196.20;79999914;434668;453243;0;0;10008;0;0;0;0;0;0;0;0;0;0
1198.20;79999914;436144;454891;0;0;10061;0;0;0;0;0;0;0;0;0;0
1200.20;79999913;434405;452253;0;0;9973;0;0;0;0;0;0;0;0;0;0
1202.20;79999914;435141;454753;0;0;10090;0;0;0;0;0;0;0;0;0;0
1204.20;79999913;433833;452694;0;0;9966;0;0;0;0;0;0;0;0;0;0
1206.20;79999913;435818;453652;0;0;10066;0;0;0;0;0;0;0;0;0;0
1208.20;79999914;433581;452540;0;0;9724;0;0;0;0;0;0;0;0;0;0
1210.20;79999914;435635;454829;0;0;10115;0;0;0;0;0;0;0;0;0;0
1212.20;79999914;434353;452790;0;0;9897;0;0;0;0;0;0;0;0;0;0
1214.20;79999913;435478;454038;0;0;10023;0;0;0;0;0;0;0;0;0;0
1216.20;79999913;433220;452320;0;0;9985;0;0;0;0;0;0;0;0;0;0
1218.20;79999913;434548;453808;0;0;9768;0;0;0;0;0;0;0;0;0;0
1220.20;79999913;433580;452426;0;0;9829;0;0;0;0;0;0;0;0;0;0
1222.20;79999914;436632;455838;0;0;9953;0;0;0;0;0;0;0;0;0;0
1224.20;79999914;435911;454804;0;0;10008;0;0;0;0;0;0;0;0;0;0
1226.21;79999914;437411;455850;0;0;9961;0;0;0;0;0;0;0;0;0;0
1228.21;79999914;436105;454590;0;0;9959;0;0;0;0;0;0;0;0;0;0
1230.21;79999914;437134;455679;0;0;10032;0;0;0;0;0;0;0;0;0;0
1232.21;79999913;435473;454050;0;0;9901;0;0;0;0;0;0;0;0;0;0
1234.21;79999914;436014;456209;0;0;10058;0;0;0;0;0;0;0;0;0;0
1236.21;79999913;436641;454301;0;0;10032;0;0;0;0;0;0;0;0;0;0
1238.21;79999913;437069;456220;0;0;9973;0;0;0;0;0;0;0;0;0;0
1240.21;79999913;435984;455347;0;0;9902;0;0;0;0;0;0;0;0;0;0
1242.21;79999914;437353;455821;0;0;9929;0;0;0;0;0;0;0;0;0;0
1244.21;79999914;436668;454531;0;0;10064;0;0;0;0;0;0;0;0;0;0
1246.21;79999913;437131;456522;0;0;9984;0;0;0;0;0;0;0;0;0;0
1248.21;79999913;436876;456085;0;0;9932;0;0;0;0;0;0;0;0;0;0
1250.21;79999913;437080;455480;0;0;10092;0;0;0;0;0;0;0;0;0;0
1252.21;79999914;436079;455196;0;0;9911;0;0;0;0;0;0;0;0;0;0
1254.21;79999914;436862;455692;0;0;10003;0;0;0;0;0;0;0;0;0;0
1256.21;79999914;436407;454809;0;0;9767;0;0;0;0;0;0;0;0;0;0
1258.21;79999914;436122;454931;0;0;10085;0;0;0;0;0;0;0;0;0;0
1260.21;79999914;436174;454739;0;0;9975;0;0;0;0;0;0;0;0;0;0
1262.21;79999914;436860;455359;0;0;10063;0;0;0;0;0;0;0;0;0;0
1264.21;79999913;435810;454625;0;0;10012;0;0;0;0;0;0;0;0;0;0
1266.21;79999914;437328;455356;0;0;10048;0;0;0;0;0;0;0;0;0;0
1268.21;79999913;435905;453814;0;0;10292;0;0;0;0;0;0;0;0;0;0
1270.21;79999913;436547;455953;0;0;9944;0;0;0;0;0;0;0;0;0;0
1272.21;79999913;435967;454658;0;0;10031;0;0;0;0;0;0;0;0;0;0
1274.21;79999914;435426;455312;0;0;9990;0;0;0;0;0;0;0;0;0;0
1276.21;79999914;435854;454727;0;0;10056;0;0;0;0;0;0;0;0;0;0
1278.21;79999914;436910;454809;0;0;9764;0;0;0;0;0;0;0;0;0;0
1280.22;79999914;436115;455152;0;0;10018;0;0;0;0;0;0;0;0;0;0
1282.22;79999914;435352;454421;0;0;10002;0;0;0;0;0;0;0;0;0;0
1284.22;79999914;433782;452466;0;0;9794;0;0;0;0;0;0;0;0;0;0
1286.22;79999914;435672;452584;0;0;10081;0;0;0;0;0;0;0;0;0;0
1288.22;79999914;433588;453218;0;0;10037;0;0;0;0;0;0;0;0;0;0
1290.22;79999914;435310;453784;0;0;10091;0;0;0;0;0;0;0;0;0;0
1292.22;79999913;435297;453811;0;0;9954;0;0;0;0;0;0;0;0;0;0
1294.22;79999914;434724;453357;0;0;10139;0;0;0;0;0;0;0;0;0;0
1296.22;79999914;434430;453543;0;0;9955;0;0;0;0;0;0;0;0;0;0
1298.22;79999914;434485;453101;0;0;9895;0;0;0;0;0;0;0;0;0;0
1300.22;79999913;434408;452723;0;0;9819;0;0;0;0;0;0;0;0;0;0
1302.22;79999913;434197;452680;0;0;10040;0;0;0;0;0;0;0;0;0;0
1304.22;79999913;433719;453850;0;0;9992;0;0;0;0;0;0;0;0;0;0
1306.22;79999913;434666;452526;0;0;9954;0;0;0;0;0;0;0;0;0;0
1308.22;79999913;435825;453255;0;0;9876;0;0;0;0;0;0;0;0;0;0
1310.22;79999913;434244;452649;0;0;9922;0;0;0;0;0;0;0;0;0;0
1312.22;79999913;434994;453605;0;0;9861;0;0;0;0;0;0;0;0;0;0
1314.22;79999914;434633;453355;0;0;9953;0;0;0;0;0;0;0;0;0;0
1316.22;79999913;434858;453550;0;0;9728;0;0;0;0;0;0;0;0;0;0
1318.22;79999914;434514;453498;0;0;9836;0;0;0;0;0;0;0;0;0;0
1320.22;79999913;435421;453671;0;0;9741;0;0;0;0;0;0;0;0;0;0
1322.22;79999913;434485;453418;0;0;9735;0;0;0;0;0;0;0;0;0;0
1324.22;79999914;434665;453778;0;0;9925;0;0;0;0;0;0;0;0;0;0
1326.22;79999914;433601;452974;0;0;9899;0;0;0;0;0;0;0;0;0;0
1328.22;79999914;435454;454405;0;0;9889;0;0;0;0;0;0;0;0;0;0
1330.22;79999914;433430;452455;0;0;9848;0;0;0;0;0;0;0;0;0;0
1332.22;79999913;435674;453962;0;0;10001;0;0;0;0;0;0;0;0;0;0
1334.22;79999913;433651;452833;0;0;10049;0;0;0;0;0;0;0;0;0;0
1336.23;79999914;435622;453990;0;0;9920;0;0;0;0;0;0;0;0;0;0
1338.23;79999914;434255;452786;0;0;9886;0;0;0;0;0;0;0;0;0;0
1340.23;79999913;435177;455171;0;0;10010;0;0;0;0;0;0;0;0;0;0
1342.23;79999914;433667;452787;0;0;10053;0;0;0;0;0;0;0;0;0;0
1344.23;79999914;436352;455131;0;0;9863;0;0;0;0;0;0;0;0;0;0
1346.23;79999914;433592;452807;0;0;9988;0;0;0;0;0;0;0;0;0;0
1348.23;79999913;435769;454587;0;0;9962;0;0;0;0;0;0;0;0;0;0
1350.23;79999913;434335;452253;0;0;10149;0;0;0;0;0;0;0;0;0;0
1352.23;79999913;435825;455122;0;0;10074;0;0;0;0;0;0;0;0;0;0
1354.23;79999914;434124;453013;0;0;10049;0;0;0;0;0;0;0;0;0;0
1356.23;79999913;434983;454257;0;0;9888;0;0;0;0;0;0;0;0;0;0
1358.23;79999913;433241;451798;0;0;9628;0;0;0;0;0;0;0;0;0;0
1360.23;79999914;435319;453543;0;0;9939;0;0;0;0;0;0;0;0;0;0
1362.23;79999914;433999;452769;0;0;9844;0;0;0;0;0;0;0;0;0;0
1364.23;79999914;436226;454010;0;0;10075;0;0;0;0;0;0;0;0;0;0
1366.23;79999913;434364;452688;0;0;9862;0;0;0;0;0;0;0;0;0;0
1368.23;79999914;436171;455042;0;0;10126;0;0;0;0;0;0;0;0;0;0
1370.23;79999914;434576;452958;0;0;9859;0;0;0;0;0;0;0;0;0;0
1372.23;79999914;435521;454516;0;0;10044;0;0;0;0;0;0;0;0;0;0
1374.23;79999913;433783;453542;0;0;9951;0;0;0;0;0;0;0;0;0;0
1376.23;79999914;435933;454704;0;0;10112;0;0;0;0;0;0;0;0;0;0
1378.23;79999913;433777;452162;0;0;9941;0;0;0;0;0;0;0;0;0;0
1380.23;79999913;436011;454592;0;0;10022;0;0;0;0;0;0;0;0;0;0
1382.23;79999913;434221;453343;0;0;9934;0;0;0;0;0;0;0;0;0;0
1384.23;79999914;434879;454172;0;0;10143;0;0;0;0;0;0;0;0;0;0
1386.23;79999914;433053;452879;0;0;9926;0;0;0;0;0;0;0;0;0;0
1388.23;79999913;434978;454659;0;0;10084;0;0;0;0;0;0;0;0;0;0
1390.23;79999913;434058;453283;0;0;9997;0;0;0;0;0;0;0;0;0;0
1392.23;79999913;435441;454574;0;0;10003;0;0;0;0;0;0;0;0;0;0
1394.23;79999914;434506;453251;0;0;9937;0;0;0;0;0;0;0;0;0;0
1396.24;79999914;435572;454385;0;0;9863;0;0;0;0;0;0;0;0;0;0
1398.24;79999914;434131;453117;0;0;10096;0;0;0;0;0;0;0;0;0;0
1400.24;79999914;435641;453731;0;0;9830;0;0;0;0;0;0;0;0;0;0
1402.24;79999913;434349;452356;0;0;9872;0;0;0;0;0;0;0;0;0;0
1404.24;79999913;436969;455647;0;0;10112;0;0;0;0;0;0;0;0;0;0
1406.24;79999914;436393;455305;0;0;9888;0;0;0;0;0;0;0;0;0;0
1408.24;79999914;436746;456103;0;0;10177;0;0;0;0;0;0;0;0;0;0
1410.24;79999913;434839;453970;0;0;9912;0;0;0;0;0;0;0;0;0;0
1412.24;79999914;437635;455591;0;0;10101;0;0;0;0;0;0;0;0;0;0
1414.24;79999914;436347;454928;0;0;10006;0;0;0;0;0;0;0;0;0;0
1416.24;79999913;436511;456435;0;0;10139;0;0;0;0;0;0;0;0;0;0
1418.24;79999913;435888;453947;0;0;9870;0;0;0;0;0;0;0;0;0;0
1420.24;79999913;436555;454954;0;0;10135;0;0;0;0;0;0;0;0;0;0
1422.24;79999913;435706;454370;0;0;10053;0;0;0;0;0;0;0;0;0;0
1424.24;79999914;436571;455708;0;0;9940;0;0;0;0;0;0;0;0;0;0
1426.24;79999914;435928;455466;0;0;9918;0;0;0;0;0;0;0;0;0;0
1428.24;79999914;437556;455536;0;0;9998;0;0;0;0;0;0;0;0;0;0
1430.24;79999913;434582;455013;0;0;9924;0;0;0;0;0;0;0;0;0;0
1432.24;79999914;437598;456634;0;0;9937;0;0;0;0;0;0;0;0;0;0
1434.24;79999913;436735;454608;0;0;10100;0;0;0;0;0;0;0;0;0;0
1436.24;79999914;437793;456127;0;0;9861;0;0;0;0;0;0;0;0;0;0
1438.24;79999914;435834;454880;0;0;10049;0;0;0;0;0;0;0;0;0;0
1440.24;79999913;436919;455926;0;0;10085;0;0;0;0;0;0;0;0;0;0
1442.24;79999913;436753;454703;0;0;9880;0;0;0;0;0;0;0;0;0;0
1444.24;79999914;437274;455610;0;0;9970;0;0;0;0;0;0;0;0;0;0
1446.24;79999914;435588;455080;0;0;9957;0;0;0;0;0;0;0;0;0;0
1448.25;79999914;437854;455990;0;0;10042;0;0;0;0;0;0;0;0;0;0
1450.25;79999914;436796;454869;0;0;9975;0;0;0;0;0;0;0;0;0;0
1452.25;79999914;437846;455998;0;0;9980;0;0;0;0;0;0;0;0;0;0
1454.25;79999914;436928;454983;0;0;9910;0;0;0;0;0;0;0;0;0;0
1456.25;79999914;437425;455789;0;0;10015;0;0;0;0;0;0;0;0;0;0
1458.25;79999913;436050;455378;0;0;9947;0;0;0;0;0;0;0;0;0;0
1460.25;79999913;436720;456092;0;0;10250;0;0;0;0;0;0;0;0;0;0
1462.25;79999914;435350;454929;0;0;9956;0;0;0;0;0;0;0;0;0;0
1464.25;79999914;435833;454820;0;0;9991;0;0;0;0;0;0;0;0;0;0
1466.25;79999914;435206;453320;0;0;9937;0;0;0;0;0;0;0;0;0;0
1468.25;79999914;434724;454055;0;0;10059;0;0;0;0;0;0;0;0;0;0
1470.25;79999914;434635;453662;0;0;9662;0;0;0;0;0;0;0;0;0;0
1472.25;79999913;435004;455036;0;0;9788;0;0;0;0;0;0;0;0;0;0
1474.25;79999913;434038;453998;0;0;9968;0;0;0;0;0;0;0;0;0;0
1476.25;79999913;434273;453588;0;0;9960;0;0;0;0;0;0;0;0;0;0
1478.25;79999914;435315;454444;0;0;10060;0;0;0;0;0;0;0;0;0;0
1480.25;79999914;435396;454608;0;0;9889;0;0;0;0;0;0;0;0;0;0
1482.25;79999914;435670;455329;0;0;9999;0;0;0;0;0;0;0;0;0;0
1484.25;79999914;435262;453869;0;0;9988;0;0;0;0;0;0;0;0;0;0
1486.25;79999914;435589;454339;0;0;9916;0;0;0;0;0;0;0;0;0;0
1488.25;79999913;434954;454053;0;0;9971;0;0;0;0;0;0;0;0;0;0
1490.25;79999913;435144;454691;0;0;9985;0;0;0;0;0;0;0;0;0;0
1492.25;79999913;434877;454482;0;0;10038;0;0;0;0;0;0;0;0;0;0
1494.25;79999914;435799;454786;0;0;9897;0;0;0;0;0;0;0;0;0;0
1496.25;79999914;434703;453601;0;0;9940;0;0;0;0;0;0;0;0;0;0
1498.25;79999914;434670;454034;0;0;9977;0;0;0;0;0;0;0;0;0;0
1500.25;79999914;434889;453212;0;0;9869;0;0;0;0;0;0;0;0;0;0
1502.25;79999913;435903;453673;0;0;9895;0;0;0;0;0;0;0;0;0;0
1504.25;79999913;434847;453849;0;0;9965;0;0;0;0;0;0;0;0;0;0
1506.25;79999913;435519;454641;0;0;9968;0;0;0;0;0;0;0;0;0;0
1508.26;79999914;434944;453522;0;0;9838;0;0;0;0;0;0;0;0;0;0
1510.26;79999913;435927;454980;0;0;10145;0;0;0;0;0;0;0;0;0;0
1512.26;79999913;434670;453852;0;0;9778;0;0;0;0;0;0;0;0;0;0
1514.26;79999913;436581;455204;0;0;10132;0;0;0;0;0;0;0;0;0;0
1516.26;79999913;435441;454013;0;0;9915;0;0;0;0;0;0;0;0;0;0
1518.26;79999914;436676;455356;0;0;9985;0;0;0;0;0;0;0;0;0;0
1520.26;79999914;435282;453920;0;0;9943;0;0;0;0;0;0;0;0;0;0
1522.26;79999914;435913;455351;0;0;9962;0;0;0;0;0;0;0;0;0;0
1524.26;79999913;434277;453478;0;0;10106;0;0;0;0;0;0;0;0;0;0
1526.26;79999913;434577;453471;0;0;10039;0;0;0;0;0;0;0;0;0;0
1528.26;79999914;432255;451887;0;0;9739;0;0;0;0;0;0;0;0;0;0
1530.26;79999914;434661;453060;0;0;9827;0;0;0;0;0;0;0;0;0;0
1532.26;79999914;432020;451598;0;0;10026;0;0;0;0;0;0;0;0;0;0
1534.26;79999913;435166;454521;0;0;9869;0;0;0;0;0;0;0;0;0;0
1536.26;79999913;432766;450765;0;0;9911;0;0;0;0;0;0;0;0;0;0
1538.26;79999913;434543;453424;0;0;9995;0;0;0;0;0;0;0;0;0;0
1540.26;79999914;432708;451180;0;0;10025;0;0;0;0;0;0;0;0;0;0
1542.26;79999914;434568;453264;0;0;9962;0;0;0;0;0;0;0;0;0;0
1544.26;79999913;432806;451128;0;0;9992;0;0;0;0;0;0;0;0;0;0
1546.26;79999914;435072;452953;0;0;10021;0;0;0;0;0;0;0;0;0;0
1548.26;79999914;432942;451340;0;0;9939;0;0;0;0;0;0;0;0;0;0
1550.26;79999914;435357;454727;0;0;10083;0;0;0;0;0;0;0;0;0;0
1552.26;79999913;432241;450737;0;0;9925;0;0;0;0;0;0;0;0;0;0
1554.27;79999914;435380;453553;0;0;9981;0;0;0;0;0;0;0;0;0;0
1556.27;79999914;432641;450972;0;0;9958;0;0;0;0;0;0;0;0;0;0
1558.27;79999913;435635;453584;0;0;9923;0;0;0;0;0;0;0;0;0;0
1560.27;79999914;432556;450722;0;0;9960;0;0;0;0;0;0;0;0;0;0
1562.27;79999913;436007;453417;0;0;10036;0;0;0;0;0;0;0;0;0;0
1564.27;79999913;433251;452005;0;0;9907;0;0;0;0;0;0;0;0;0;0
1566.27;79999913;435213;453959;0;0;9779;0;0;0;0;0;0;0;0;0;0
1568.27;79999913;433987;451628;0;0;10010;0;0;0;0;0;0;0;0;0;0
1570.27;79999914;434407;454410;0;0;9870;0;0;0;0;0;0;0;0;0;0
1572.27;79999914;432900;451416;0;0;10142;0;0;0;0;0;0;0;0;0;0
1574.27;79999913;435419;454756;0;0;10062;0;0;0;0;0;0;0;0;0;0
1576.27;79999913;433156;451549;0;0;9878;0;0;0;0;0;0;0;0;0;0
1578.27;79999913;434974;453842;0;0;9908;0;0;0;0;0;0;0;0;0;0
1580.27;79999913;433205;450981;0;0;10031;0;0;0;0;0;0;0;0;0;0
1582.27;79999913;435468;454541;0;0;9935;0;0;0;0;0;0;0;0;0;0
1584.27;79999913;433258;451569;0;0;9771;0;0;0;0;0;0;0;0;0;0
1586.27;79999914;435757;453389;0;0;10136;0;0;0;0;0;0;0;0;0;0
1588.27;79999914;433153;452078;0;0;9795;0;0;0;0;0;0;0;0;0;0
1590.27;79999914;435050;453038;0;0;9770;0;0;0;0;0;0;0;0;0;0
1592.27;79999914;432817;451263;0;0;9775;0;0;0;0;0;0;0;0;0;0
1594.27;79999914;435061;453724;0;0;9945;0;0;0;0;0;0;0;0;0;0
1596.27;79999914;433688;451641;0;0;10015;0;0;0;0;0;0;0;0;0;0
1598.27;79999913;435274;453858;0;0;10018;0;0;0;0;0;0;0;0;0;0
1600.27;79999913;433623;452038;0;0;9856;0;0;0;0;0;0;0;0;0;0
1602.27;79999914;434541;454189;0;0;10017;0;0;0;0;0;0;0;0;0;0
1604.27;79999914;433426;451340;0;0;10007;0;0;0;0;0;0;0;0;0;0
1606.27;79999913;436294;453642;0;0;10046;0;0;0;0;0;0;0;0;0;0
1608.27;79999914;433272;451370;0;0;9901;0;0;0;0;0;0;0;0;0;0
1610.27;79999914;436064;453410;0;0;10222;0;0;0;0;0;0;0;0;0;0
1612.27;79999913;433957;451075;0;0;9808;0;0;0;0;0;0;0;0;0;0
1614.28;79999914;435521;453571;0;0;9913;0;0;0;0;0;0;0;0;0;0
1616.28;79999914;433552;451614;0;0;10015;0;0;0;0;0;0;0;0;0;0
1618.28;79999913;435948;453536;0;0;10092;0;0;0;0;0;0;0;0;0;0
1620.28;79999914;433405;451197;0;0;10106;0;0;0;0;0;0;0;0;0;0
1622.28;79999914;436163;454164;0;0;9924;0;0;0;0;0;0;0;0;0;0
1624.28;79999914;432853;451087;0;0;9893;0;0;0;0;0;0;0;0;0;0
1626.28;79999913;435365;453817;0;0;9955;0;0;0;0;0;0;0;0;0;0
1628.28;79999914;433867;452182;0;0;9789;0;0;0;0;0;0;0;0;0;0
1630.28;79999914;434976;454147;0;0;9820;0;0;0;0;0;0;0;0;0;0
1632.28;79999913;433670;452635;0;0;10087;0;0;0;0;0;0;0;0;0;0
1634.28;79999913;435437;453925;0;0;9886;0;0;0;0;0;0;0;0;0;0
1636.28;79999913;433699;452625;0;0;9965;0;0;0;0;0;0;0;0;0;0
1638.28;79999913;435598;453311;0;0;9957;0;0;0;0;0;0;0;0;0;0
1640.28;79999913;434511;452141;0;0;9838;0;0;0;0;0;0;0;0;0;0
1642.28;79999913;435518;453270;0;0;10158;0;0;0;0;0;0;0;0;0;0
1644.28;79999913;434614;452142;0;0;9915;0;0;0;0;0;0;0;0;0;0
1646.28;79999914;436852;455446;0;0;9919;0;0;0;0;0;0;0;0;0;0
1648.28;79999914;436692;454224;0;0;9894;0;0;0;0;0;0;0;0;0;0
1650.28;79999913;437224;455384;0;0;10074;0;0;0;0;0;0;0;0;0;0
1652.28;79999914;437414;454756;0;0;10035;0;0;0;0;0;0;0;0;0;0
1654.28;79999914;436851;455193;0;0;10165;0;0;0;0;0;0;0;0;0;0
1656.28;79999914;437121;454563;0;0;9915;0;0;0;0;0;0;0;0;0;0
1658.28;79999914;438100;456062;0;0;9883;0;0;0;0;0;0;0;0;0;0
1660.28;79999913;437310;454911;0;0;9988;0;0;0;0;0;0;0;0;0;0
1662.29;79999914;438086;455355;0;0;9999;0;0;0;0;0;0;0;0;0;0
1664.29;79999914;436930;455782;0;0;10079;0;0;0;0;0;0;0;0;0;0
1666.29;79999914;437997;456030;0;0;10116;0;0;0;0;0;0;0;0;0;0
1668.29;79999913;437276;455140;0;0;10078;0;0;0;0;0;0;0;0;0;0
1670.29;79999913;437518;454849;0;0;10139;0;0;0;0;0;0;0;0;0;0
1672.29;79999913;436921;455301;0;0;10026;0;0;0;0;0;0;0;0;0;0
1674.29;79999914;437447;455481;0;0;10185;0;0;0;0;0;0;0;0;0;0
1676.29;79999914;437417;454858;0;0;9939;0;0;0;0;0;0;0;0;0;0
1678.29;79999913;438621;454936;0;0;9966;0;0;0;0;0;0;0;0;0;0
1680.29;79999914;438317;455736;0;0;10210;0;0;0;0;0;0;0;0;0;0
1682.29;79999914;437738;455438;0;0;9988;0;0;0;0;0;0;0;0;0;0
1684.29;79999914;439289;456223;0;0;10149;0;0;0;0;0;0;0;0;0;0
1686.29;79999914;437423;455416;0;0;9850;0;0;0;0;0;0;0;0;0;0
1688.29;79999913;437446;455317;0;0;9992;0;0;0;0;0;0;0;0;0;0
1690.29;79999914;437747;455422;0;0;10154;0;0;0;0;0;0;0;0;0;0
1692.29;79999914;437948;455560;0;0;10091;0;0;0;0;0;0;0;0;0;0
1694.29;79999913;437065;454411;0;0;10097;0;0;0;0;0;0;0;0;0;0
1696.29;79999914;438273;455553;0;0;10116;0;0;0;0;0;0;0;0;0;0
1698.29;79999914;436756;454388;0;0;10189;0;0;0;0;0;0;0;0;0;0
1700.29;79999914;438366;455766;0;0;10157;0;0;0;0;0;0;0;0;0;0
1702.29;79999913;437632;454414;0;0;10041;0;0;0;0;0;0;0;0;0;0
1704.29;79999914;437852;456179;0;0;10100;0;0;0;0;0;0;0;0;0;0
1706.29;79999914;436628;455235;0;0;9966;0;0;0;0;0;0;0;0;0;0
1708.29;79999914;437017;454621;0;0;10112;0;0;0;0;0;0;0;0;0;0
1710.29;79999914;434970;452492;0;0;9842;0;0;0;0;0;0;0;0;0;0
1712.30;79999914;436976;454410;0;0;10042;0;0;0;0;0;0;0;0;0;0
1714.30;79999914;434923;452236;0;0;10033;0;0;0;0;0;0;0;0;0;0
1716.30;79999913;437118;454328;0;0;10071;0;0;0;0;0;0;0;0;0;0
1718.30;79999914;434603;451975;0;0;10060;0;0;0;0;0;0;0;0;0;0
1720.30;79999914;436984;454164;0;0;9975;0;0;0;0;0;0;0;0;0;0
1722.30;79999913;434837;452080;0;0;10090;0;0;0;0;0;0;0;0;0;0
1724.30;79999913;437430;454585;0;0;10057;0;0;0;0;0;0;0;0;0;0
1726.30;79999913;433947;451409;0;0;10028;0;0;0;0;0;0;0;0;0;0
1728.30;79999913;437702;454624;0;0;9915;0;0;0;0;0;0;0;0;0;0
1730.30;79999914;434491;453030;0;0;10058;0;0;0;0;0;0;0;0;0;0
1732.30;79999913;436782;454342;0;0;9953;0;0;0;0;0;0;0;0;0;0
1734.30;79999913;435205;451736;0;0;10133;0;0;0;0;0;0;0;0;0;0
1736.30;79999914;437066;455557;0;0;10131;0;0;0;0;0;0;0;0;0;0
1738.30;79999914;434917;453152;0;0;9913;0;0;0;0;0;0;0;0;0;0
1740.30;79999913;437193;454854;0;0;9971;0;0;0;0;0;0;0;0;0;0
1742.30;79999913;434209;452214;0;0;9960;0;0;0;0;0;0;0;0;0;0
1744.30;79999914;436405;454405;0;0;10081;0;0;0;0;0;0;0;0;0;0
1746.30;79999914;434395;452063;0;0;9958;0;0;0;0;0;0;0;0;0;0
1748.30;79999914;436512;454674;0;0;10088;0;0;0;0;0;0;0;0;0;0
1750.30;79999913;434420;452910;0;0;10019;0;0;0;0;0;0;0;0;0;0
1752.30;79999913;436354;455556;0;0;10014;0;0;0;0;0;0;0;0;0;0
1754.30;79999913;434275;452775;0;0;9888;0;0;0;0;0;0;0;0;0;0
1756.30;79999913;436702;454636;0;0;9770;0;0;0;0;0;0;0;0;0;0
1758.31;79999913;435279;452358;0;0;9971;0;0;0;0;0;0;0;0;0;0
1760.31;79999913;435759;455165;0;0;10035;0;0;0;0;0;0;0;0;0;0
1762.31;79999914;434477;453227;0;0;10007;0;0;0;0;0;0;0;0;0;0
1764.31;79999914;436193;454357;0;0;10058;0;0;0;0;0;0;0;0;0;0
1766.31;79999914;434781;452544;0;0;9946;0;0;0;0;0;0;0;0;0;0
1768.31;79999913;436533;454887;0;0;10083;0;0;0;0;0;0;0;0;0;0
1770.31;79999913;434258;452131;0;0;10090;0;0;0;0;0;0;0;0;0;0
1772.31;79999914;435868;454500;0;0;10102;0;0;0;0;0;0;0;0;0;0
1774.31;79999914;433814;452067;0;0;9795;0;0;0;0;0;0;0;0;0;0
1776.31;79999914;436320;454938;0;0;10040;0;0;0;0;0;0;0;0;0;0
1778.31;79999914;434127;452410;0;0;9736;0;0;0;0;0;0;0;0;0;0
1780.31;79999913;437047;454846;0;0;10163;0;0;0;0;0;0;0;0;0;0
1782.31;79999913;434168;452528;0;0;9938;0;0;0;0;0;0;0;0;0;0
1784.31;79999913;436509;455134;0;0;9927;0;0;0;0;0;0;0;0;0;0
1786.31;79999913;434498;452190;0;0;9925;0;0;0;0;0;0;0;0;0;0
1788.31;79999914;435935;453972;0;0;10090;0;0;0;0;0;0;0;0;0;0
1790.31;79999913;433799;452501;0;0;10003;0;0;0;0;0;0;0;0;0;0
1792.31;79999913;436673;455601;0;0;10176;0;0;0;0;0;0;0;0;0;0
1794.31;79999914;434171;452648;0;0;10055;0;0;0;0;0;0;0;0;0;0
1796.31;79999914;436901;454909;0;0;10010;0;0;0;0;0;0;0;0;0;0
1798.31;79999914;434062;452182;0;0;9928;0;0;0;0;0;0;0;0;0;0
1800.31;79999913;437271;454610;0;0;10059;0;0;0;0;0;0;0;0;0;0
1802.31;79999913;434663;452461;0;0;10032;0;0;0;0;0;0;0;0;0;0
1804.32;79999913;437287;454909;0;0;9990;0;0;0;0;0;0;0;0;0;0
1806.32;79999914;434921;452236;0;0;9910;0;0;0;0;0;0;0;0;0;0
1808.32;79999914;436279;454822;0;0;9949;0;0;0;0;0;0;0;0;0;0
1810.32;79999914;434082;452739;0;0;10002;0;0;0;0;0;0;0;0;0;0
1812.32;79999914;436207;454944;0;0;9999;0;0;0;0;0;0;0;0;0;0
1814.32;79999913;434670;453584;0;0;10086;0;0;0;0;0;0;0;0;0;0
1816.32;79999913;435571;454562;0;0;9937;0;0;0;0;0;0;0;0;0;0
1818.32;79999914;435098;452277;0;0;10013;0;0;0;0;0;0;0;0;0;0
1820.32;79999914;436828;454362;0;0;9989;0;0;0;0;0;0;0;0;0;0
1822.32;79999913;435071;452490;0;0;10027;0;0;0;0;0;0;0;0;0;0
1824.32;79999914;436745;455220;0;0;10006;0;0;0;0;0;0;0;0;0;0
1826.32;79999914;435071;453414;0;0;9901;0;0;0;0;0;0;0;0;0;0
1828.32;79999914;437334;455438;0;0;10107;0;0;0;0;0;0;0;0;0;0
1830.32;79999914;436300;454051;0;0;9870;0;0;0;0;0;0;0;0;0;0
1832.32;79999914;436715;454759;0;0;10046;0;0;0;0;0;0;0;0;0;0
1834.32;79999913;435690;452686;0;0;9966;0;0;0;0;0;0;0;0;0;0
1836.32;79999913;436068;454692;0;0;10071;0;0;0;0;0;0;0;0;0;0
1838.32;79999914;435620;453101;0;0;9977;0;0;0;0;0;0;0;0;0;0
1840.32;79999913;436779;453276;0;0;10193;0;0;0;0;0;0;0;0;0;0
1842.32;79999914;434871;453212;0;0;10023;0;0;0;0;0;0;0;0;0;0
1844.33;79999914;436701;454047;0;0;10085;0;0;0;0;0;0;0;0;0;0
1846.33;79999914;435221;453286;0;0;9887;0;0;0;0;0;0;0;0;0;0
1848.33;79999914;436155;453932;0;0;10073;0;0;0;0;0;0;0;0;0;0
1850.33;79999913;435895;454763;0;0;9981;0;0;0;0;0;0;0;0;0;0
1852.33;79999913;436239;454432;0;0;10160;0;0;0;0;0;0;0;0;0;0
1854.33;79999913;435883;454810;0;0;10040;0;0;0;0;0;0;0;0;0;0
1856.33;79999913;436045;454448;0;0;9890;0;0;0;0;0;0;0;0;0;0
1858.33;79999914;436482;454835;0;0;9985;0;0;0;0;0;0;0;0;0;0
1860.33;79999914;436392;454691;0;0;10071;0;0;0;0;0;0;0;0;0;0
1862.33;79999914;436286;453286;0;0;9885;0;0;0;0;0;0;0;0;0;0
1864.33;79999913;435477;453539;0;0;10000;0;0;0;0;0;0;0;0;0;0
1866.33;79999913;437166;454699;0;0;10143;0;0;0;0;0;0;0;0;0;0
1868.33;79999914;436614;453588;0;0;10133;0;0;0;0;0;0;0;0;0;0
1870.33;79999914;437105;454151;0;0;10180;0;0;0;0;0;0;0;0;0;0
1872.33;79999914;436653;453350;0;0;10101;0;0;0;0;0;0;0;0;0;0
1874.33;79999913;436529;454078;0;0;9971;0;0;0;0;0;0;0;0;0;0
1876.33;79999913;435773;452568;0;0;10103;0;0;0;0;0;0;0;0;0;0
1878.33;79999913;437124;454298;0;0;10123;0;0;0;0;0;0;0;0;0;0
1880.34;79999914;435019;453222;0;0;10128;0;0;0;0;0;0;0;0;0;0
1882.34;79999913;437155;455246;0;0;10058;0;0;0;0;0;0;0;0;0;0
1884.34;79999913;434840;452436;0;0;9963;0;0;0;0;0;0;0;0;0;0
1886.34;79999913;437102;454543;0;0;9932;0;0;0;0;0;0;0;0;0;0
1888.34;79999914;434706;452818;0;0;9994;0;0;0;0;0;0;0;0;0;0
1890.34;79999914;438994;456666;0;0;10224;0;0;0;0;0;0;0;0;0;0
1892.34;79999914;437786;454451;0;0;10079;0;0;0;0;0;0;0;0;0;0
1894.34;79999913;438482;456430;0;0;10084;0;0;0;0;0;0;0;0;0;0
1896.34;79999914;437787;454194;0;0;10125;0;0;0;0;0;0;0;0;0;0
1898.34;79999914;438462;456357;0;0;10087;0;0;0;0;0;0;0;0;0;0
1900.34;79999913;437622;454605;0;0;9981;0;0;0;0;0;0;0;0;0;0
1902.34;79999913;439233;456683;0;0;10211;0;0;0;0;0;0;0;0;0;0
1904.34;79999914;437538;454586;0;0;10067;0;0;0;0;0;0;0;0;0;0
1906.34;79999914;439793;457177;0;0;10122;0;0;0;0;0;0;0;0;0;0
1908.34;79999914;438190;455120;0;0;10097;0;0;0;0;0;0;0;0;0;0
1910.34;79999914;439867;456561;0;0;10069;0;0;0;0;0;0;0;0;0;0
1912.34;79999913;438312;454426;0;0;10000;0;0;0;0;0;0;0;0;0;0
1914.34;79999914;438864;457160;0;0;10197;0;0;0;0;0;0;0;0;0;0
1916.34;79999914;437763;455671;0;0;10212;0;0;0;0;0;0;0;0;0;0
1918.34;79999914;440945;457287;0;0;10087;0;0;0;0;0;0;0;0;0;0
1920.34;79999914;438340;455502;0;0;10061;0;0;0;0;0;0;0;0;0;0
1922.34;79999913;440119;457152;0;0;10229;0;0;0;0;0;0;0;0;0;0
1924.34;79999913;437595;454671;0;0;10170;0;0;0;0;0;0;0;0;0;0
1926.34;79999914;440306;458434;0;0;10228;0;0;0;0;0;0;0;0;0;0
1928.34;79999914;438836;456054;0;0;10097;0;0;0;0;0;0;0;0;0;0
1930.34;79999914;440470;456646;0;0;10097;0;0;0;0;0;0;0;0;0;0
1932.34;79999914;438163;456418;0;0;10151;0;0;0;0;0;0;0;0;0;0
1934.34;79999914;439836;457237;0;0;9990;0;0;0;0;0;0;0;0;0;0
1936.35;79999913;437680;455407;0;0;10087;0;0;0;0;0;0;0;0;0;0
1938.35;79999913;439509;456815;0;0;10190;0;0;0;0;0;0;0;0;0;0
1940.35;79999914;438070;455141;0;0;10158;0;0;0;0;0;0;0;0;0;0
1942.35;79999914;439512;457179;0;0;9971;0;0;0;0;0;0;0;0;0;0
1944.35;79999913;438333;455589;0;0;10317;0;0;0;0;0;0;0;0;0;0
1946.35;79999913;440176;457099;0;0;9996;0;0;0;0;0;0;0;0;0;0
1948.35;79999913;438729;455737;0;0;10040;0;0;0;0;0;0;0;0;0;0
1950.35;79999914;438478;455954;0;0;10031;0;0;0;0;0;0;0;0;0;0
1952.35;79999914;436336;453143;0;0;9957;0;0;0;0;0;0;0;0;0;0
1954.35;79999914;438610;455732;0;0;10058;0;0;0;0;0;0;0;0;0;0
1956.35;79999914;435928;453321;0;0;9800;0;0;0;0;0;0;0;0;0;0
1958.35;79999914;438803;455488;0;0;9903;0;0;0;0;0;0;0;0;0;0
1960.35;79999913;436131;453498;0;0;10073;0;0;0;0;0;0;0;0;0;0
1962.35;79999914;438274;456016;0;0;10194;0;0;0;0;0;0;0;0;0;0
1964.35;79999914;436080;453842;0;0;10175;0;0;0;0;0;0;0;0;0;0
1966.35;79999913;438249;456310;0;0;10141;0;0;0;0;0;0;0;0;0;0
1968.35;79999913;435575;453089;0;0;10057;0;0;0;0;0;0;0;0;0;0
1970.35;79999913;438662;456134;0;0;10128;0;0;0;0;0;0;0;0;0;0
1972.35;79999914;436112;454166;0;0;9880;0;0;0;0;0;0;0;0;0;0
1974.35;79999914;438051;455417;0;0;10208;0;0;0;0;0;0;0;0;0;0
1976.35;79999914;435874;453560;0;0;10035;0;0;0;0;0;0;0;0;0;0
1978.35;79999913;438665;456254;0;0;10162;0;0;0;0;0;0;0;0;0;0
1980.35;79999913;436534;453595;0;0;9893;0;0;0;0;0;0;0;0;0;0
1982.35;79999913;439359;455889;0;0;10134;0;0;0;0;0;0;0;0;0;0
1984.35;79999914;437437;454091;0;0;10156;0;0;0;0;0;0;0;0;0;0
1986.35;79999913;438808;456383;0;0;10155;0;0;0;0;0;0;0;0;0;0
1988.35;79999914;436447;453711;0;0;10004;0;0;0;0;0;0;0;0;0;0
1990.36;79999914;438631;456930;0;0;10004;0;0;0;0;0;0;0;0;0;0
1992.36;79999914;435802;453462;0;0;9998;0;0;0;0;0;0;0;0;0;0
1994.36;79999914;439405;456505;0;0;10141;0;0;0;0;0;0;0;0;0;0
1996.36;79999913;437673;454185;0;0;10082;0;0;0;0;0;0;0;0;0;0
1998.36;79999914;438679;455553;0;0;10004;0;0;0;0;0;0;0;0;0;0
2000.36;79999914;437704;454125;0;0;10033;0;0;0;0;0;0;0;0;0;0
2002.36;79999914;440014;456769;0;0;10116;0;0;0;0;0;0;0;0;0;0
2004.36;79999914;436148;453985;0;0;10009;0;0;0;0;0;0;0;0;0;0
2006.36;79999913;439306;455500;0;0;10063;0;0;0;0;0;0;0;0;0;0
2008.36;79999913;437160;454204;0;0;9972;0;0;0;0;0;0;0;0;0;0
2010.36;79999914;439341;455694;0;0;9917;0;0;0;0;0;0;0;0;0;0
2012.36;79999913;436876;453774;0;0;9997;0;0;0;0;0;0;0;0;0;0
2014.36;79999913;438245;456257;0;0;10008;0;0;0;0;0;0;0;0;0;0
2016.36;79999914;437814;454162;0;0;9963;0;0;0;0;0;0;0;0;0;0
2018.36;79999913;437723;455270;0;0;9957;0;0;0;0;0;0;0;0;0;0
2020.36;79999914;437870;454734;0;0;10078;0;0;0;0;0;0;0;0;0;0
2022.36;79999914;437802;456139;0;0;9950;0;0;0;0;0;0;0;0;0;0
2024.36;79999914;437658;454905;0;0;10068;0;0;0;0;0;0;0;0;0;0
2026.36;79999913;438552;456427;0;0;9905;0;0;0;0;0;0;0;0;0;0
2028.36;79999913;437856;454750;0;0;10201;0;0;0;0;0;0;0;0;0;0
2030.36;79999913;438944;455502;0;0;10133;0;0;0;0;0;0;0;0;0;0
2032.36;79999913;438170;455151;0;0;10071;0;0;0;0;0;0;0;0;0;0
2034.36;79999913;438482;455298;0;0;9902;0;0;0;0;0;0;0;0;0;0
2036.36;79999913;438053;455208;0;0;10170;0;0;0;0;0;0;0;0;0;0
2038.36;79999914;437839;455209;0;0;10101;0;0;0;0;0;0;0;0;0;0
2040.36;79999913;438482;455576;0;0;10277;0;0;0;0;0;0;0;0;0;0
2042.36;79999914;438306;455388;0;0;10022;0;0;0;0;0;0;0;0;0;0
2044.36;79999914;438080;455351;0;0;10035;0;0;0;0;0;0;0;0;0;0
2046.36;79999914;438763;455370;0;0;10031;0;0;0;0;0;0;0;0;0;0
2048.36;79999913;438688;455311;0;0;10037;0;0;0;0;0;0;0;0;0;0
2050.37;79999913;438230;455064;0;0;10110;0;0;0;0;0;0;0;0;0;0
2052.37;79999914;438219;455836;0;0;9950;0;0;0;0;0;0;0;0;0;0
2054.37;79999914;437278;454492;0;0;10062;0;0;0;0;0;0;0;0;0;0
2056.37;79999914;438506;456211;0;0;9969;0;0;0;0;0;0;0;0;0;0
2058.37;79999914;438403;455504;0;0;10106;0;0;0;0;0;0;0;0;0;0
2060.37;79999914;438415;456062;0;0;10085;0;0;0;0;0;0;0;0;0;0
2062.37;79999914;437816;454869;0;0;10238;0;0;0;0;0;0;0;0;0;0
2064.37;79999914;437901;456447;0;0;10167;0;0;0;0;0;0;0;0;0;0
2066.37;79999914;437193;453995;0;0;10260;0;0;0;0;0;0;0;0;0;0
2068.37;79999913;439168;455847;0;0;10031;0;0;0;0;0;0;0;0;0;0
2070.37;79999914;437510;454731;0;0;9919;0;0;0;0;0;0;0;0;0;0
2072.37;79999914;441294;458698;0;0;10016;0;0;0;0;0;0;0;0;0;0
2074.37;79999914;439454;457021;0;0;10169;0;0;0;0;0;0;0;0;0;0
2076.37;79999914;441416;458660;0;0;9994;0;0;0;0;0;0;0;0;0;0
2078.37;79999913;439919;456250;0;0;10222;0;0;0;0;0;0;0;0;0;0
2080.37;79999914;440961;458472;0;0;10163;0;0;0;0;0;0;0;0;0;0
2082.37;79999914;439710;456588;0;0;10027;0;0;0;0;0;0;0;0;0;0
2084.37;79999914;441565;458962;0;0;10138;0;0;0;0;0;0;0;0;0;0
2086.37;79999914;439767;457719;0;0;10005;0;0;0;0;0;0;0;0;0;0
2088.37;79999914;441761;458905;0;0;10180;0;0;0;0;0;0;0;0;0;0
2090.37;79999913;440004;457692;0;0;10094;0;0;0;0;0;0;0;0;0;0
2092.37;79999913;442786;459605;0;0;10102;0;0;0;0;0;0;0;0;0;0
2094.38;79999914;440007;457429;0;0;10285;0;0;0;0;0;0;0;0;0;0
2096.38;79999914;442224;459409;0;0;10171;0;0;0;0;0;0;0;0;0;0
2098.38;79999914;439673;456812;0;0;10178;0;0;0;0;0;0;0;0;0;0
2100.38;79999914;440997;458529;0;0;10196;0;0;0;0;0;0;0;0;0;0
2102.38;79999913;439637;456948;0;0;10122;0;0;0;0;0;0;0;0;0;0
2104.38;79999914;441960;458760;0;0;10114;0;0;0;0;0;0;0;0;0;0
2106.38;79999914;440181;457026;0;0;10203;0;0;0;0;0;0;0;0;0;0
2108.38;79999914;442005;458507;0;0;10248;0;0;0;0;0;0;0;0;0;0
2110.38;79999914;440681;457468;0;0;9996;0;0;0;0;0;0;0;0;0;0
2112.38;79999914;442352;458589;0;0;10272;0;0;0;0;0;0;0;0;0;0
2114.38;79999913;440109;457431;0;0;10085;0;0;0;0;0;0;0;0;0;0
2116.38;79999914;441936;459228;0;0;10155;0;0;0;0;0;0;0;0;0;0
2118.38;79999914;440683;457874;0;0;10167;0;0;0;0;0;0;0;0;0;0
2120.38;79999914;442573;459026;0;0;10211;0;0;0;0;0;0;0;0;0;0
2122.38;79999913;440678;457760;0;0;10208;0;0;0;0;0;0;0;0;0;0
2124.38;79999914;441818;458930;0;0;10125;0;0;0;0;0;0;0;0;0;0
2126.38;79999914;440789;457701;0;0;10220;0;0;0;0;0;0;0;0;0;0
2128.38;79999914;442757;460118;0;0;10334;0;0;0;0;0;0;0;0;0;0
2130.38;79999913;440468;458599;0;0;10024;0;0;0;0;0;0;0;0;0;0
2132.38;79999913;442012;459549;0;0;10418;0;0;0;0;0;0;0;0;0;0
2134.38;79999913;440838;457712;0;0;10071;0;0;0;0;0;0;0;0;0;0
2136.38;79999914;443033;459423;0;0;10114;0;0;0;0;0;0;0;0;0;0
2138.38;79999914;440434;458083;0;0;10154;0;0;0;0;0;0;0;0;0;0
2140.38;79999913;442497;459729;0;0;10321;0;0;0;0;0;0;0;0;0;0
2142.38;79999913;441535;458327;0;0;10233;0;0;0;0;0;0;0;0;0;0
2144.38;79999913;443331;459776;0;0;10286;0;0;0;0;0;0;0;0;0;0
2146.38;79999914;441541;458087;0;0;9964;0;0;0;0;0;0;0;0;0;0
2148.39;79999914;442690;458799;0;0;9983;0;0;0;0;0;0;0;0;0;0
2150.39;79999914;439821;457668;0;0;10105;0;0;0;0;0;0;0;0;0;0
2152.39;79999914;442555;458895;0;0;10450;0;0;0;0;0;0;0;0;0;0
2154.39;79999914;440457;457356;0;0;10071;0;0;0;0;0;0;0;0;0;0
2156.39;79999914;442166;459436;0;0;9985;0;0;0;0;0;0;0;0;0;0
2158.39;79999914;440277;458647;0;0;10009;0;0;0;0;0;0;0;0;0;0
2160.39;79999914;443216;459880;0;0;10183;0;0;0;0;0;0;0;0;0;0
2162.39;79999914;441569;457770;0;0;10043;0;0;0;0;0;0;0;0;0;0
2164.39;79999913;443437;459412;0;0;10155;0;0;0;0;0;0;0;0;0;0
2166.39;79999914;441251;458420;0;0;10340;0;0;0;0;0;0;0;0;0;0
2168.39;79999914;442689;459048;0;0;10071;0;0;0;0;0;0;0;0;0;0
2170.39;79999914;441025;458739;0;0;10126;0;0;0;0;0;0;0;0;0;0
2172.39;79999914;443006;460067;0;0;10181;0;0;0;0;0;0;0;0;0;0
2174.39;79999914;440971;458684;0;0;10150;0;0;0;0;0;0;0;0;0;0
2176.39;79999914;443494;459913;0;0;10187;0;0;0;0;0;0;0;0;0;0
2178.39;79999914;441051;458807;0;0;10233;0;0;0;0;0;0;0;0;0;0
2180.39;79999914;443689;460198;0;0;10121;0;0;0;0;0;0;0;0;0;0
2182.39;79999913;441233;458475;0;0;10324;0;0;0;0;0;0;0;0;0;0
2184.39;79999914;444136;461159;0;0;10279;0;0;0;0;0;0;0;0;0;0
2186.39;79999913;441698;459182;0;0;10102;0;0;0;0;0;0;0;0;0;0
2188.39;79999914;443483;459982;0;0;10176;0;0;0;0;0;0;0;0;0;0
2190.39;79999914;441906;458866;0;0;10051;0;0;0;0;0;0;0;0;0;0
2192.39;79999913;441148;459721;0;0;10174;0;0;0;0;0;0;0;0;0;0
2194.39;79999913;438779;455902;0;0;10021;0;0;0;0;0;0;0;0;0;0
2196.39;79999914;440697;457813;0;0;10223;0;0;0;0;0;0;0;0;0;0
2198.39;79999914;438851;456249;0;0;9949;0;0;0;0;0;0;0;0;0;0
2200.39;79999913;440569;457838;0;0;10044;0;0;0;0;0;0;0;0;0;0
2202.39;79999914;439558;457078;0;0;10011;0;0;0;0;0;0;0;0;0;0
2204.39;79999913;440579;457530;0;0;10087;0;0;0;0;0;0;0;0;0;0
2206.39;79999914;439842;457544;0;0;9974;0;0;0;0;0;0;0;0;0;0
2208.39;79999913;440766;457669;0;0;10227;0;0;0;0;0;0;0;0;0;0
2210.40;79999913;439890;456619;0;0;9988;0;0;0;0;0;0;0;0;0;0
2212.40;79999914;441092;458016;0;0;10183;0;0;0;0;0;0;0;0;0;0
2214.40;79999914;440621;457207;0;0;9918;0;0;0;0;0;0;0;0;0;0
2216.40;79999913;441254;458103;0;0;10268;0;0;0;0;0;0;0;0;0;0
2218.40;79999914;439123;457660;0;0;10102;0;0;0;0;0;0;0;0;0;0
2220.40;79999914;440808;458056;0;0;9916;0;0;0;0;0;0;0;0;0;0
2222.40;79999914;440009;457255;0;0;10003;0;0;0;0;0;0;0;0;0;0
2224.40;79999914;440831;458187;0;0;10079;0;0;0;0;0;0;0;0;0;0
2226.40;79999914;441081;458202;0;0;10039;0;0;0;0;0;0;0;0;0;0
2228.40;79999913;440756;457697;0;0;10299;0;0;0;0;0;0;0;0;0;0
2230.40;79999914;440761;458587;0;0;10211;0;0;0;0;0;0;0;0;0;0
2232.40;79999914;441045;457860;0;0;10044;0;0;0;0;0;0;0;0;0;0
2234.40;79999913;440542;457311;0;0;10151;0;0;0;0;0;0;0;0;0;0
2236.40;79999913;439685;457516;0;0;10015;0;0;0;0;0;0;0;0;0;0
2238.40;79999913;441071;457923;0;0;10331;0;0;0;0;0;0;0;0;0;0
2240.40;79999914;439881;456763;0;0;10181;0;0;0;0;0;0;0;0;0;0
2242.40;79999914;441597;459198;0;0;10095;0;0;0;0;0;0;0;0;0;0
2244.40;79999914;439674;456972;0;0;10283;0;0;0;0;0;0;0;0;0;0
2246.40;79999914;440477;458476;0;0;10089;0;0;0;0;0;0;0;0;0;0
2248.40;79999913;440605;457612;0;0;10224;0;0;0;0;0;0;0;0;0;0
2250.40;79999913;441578;458160;0;0;10121;0;0;0;0;0;0;0;0;0;0
2252.40;79999913;440396;457561;0;0;10101;0;0;0;0;0;0;0;0;0;0
2254.40;79999913;443199;460758;0;0;10228;0;0;0;0;0;0;0;0;0;0
2256.40;79999914;442657;459867;0;0;10236;0;0;0;0;0;0;0;0;0;0
2258.40;79999913;443831;460892;0;0;10256;0;0;0;0;0;0;0;0;0;0
2260.40;79999913;442782;458969;0;0;10417;0;0;0;0;0;0;0;0;0;0
2262.41;79999913;443524;460789;0;0;10147;0;0;0;0;0;0;0;0;0;0
2264.41;79999914;441958;459084;0;0;10165;0;0;0;0;0;0;0;0;0;0
2266.41;79999913;443956;461001;0;0;10142;0;0;0;0;0;0;0;0;0;0
2268.41;79999914;442437;459660;0;0;10107;0;0;0;0;0;0;0;0;0;0
2270.41;79999913;444177;460819;0;0;10409;0;0;0;0;0;0;0;0;0;0
2272.41;79999914;442503;459052;0;0;10480;0;0;0;0;0;0;0;0;0;0
2274.41;79999914;443825;460822;0;0;10227;0;0;0;0;0;0;0;0;0;0
2276.41;79999913;443617;459635;0;0;10168;0;0;0;0;0;0;0;0;0;0
2278.41;79999913;443927;461278;0;0;10014;0;0;0;0;0;0;0;0;0;0
2280.41;79999914;442644;459797;0;0;10190;0;0;0;0;0;0;0;0;0;0
2282.41;79999914;443920;461110;0;0;10417;0;0;0;0;0;0;0;0;0;0
2284.41;79999913;443437;459609;0;0;10242;0;0;0;0;0;0;0;0;0;0
2286.41;79999913;444384;460439;0;0;10156;0;0;0;0;0;0;0;0;0;0
2288.41;79999914;443310;459864;0;0;10116;0;0;0;0;0;0;0;0;0;0
2290.41;79999913;444211;461201;0;0;10169;0;0;0;0;0;0;0;0;0;0
2292.41;79999914;442284;460036;0;0;10157;0;0;0;0;0;0;0;0;0;0
2294.41;79999914;443970;461020;0;0;10392;0;0;0;0;0;0;0;0;0;0
2296.41;79999914;443332;459312;0;0;10165;0;0;0;0;0;0;0;0;0;0
2298.41;79999914;445045;461274;0;0;10356;0;0;0;0;0;0;0;0;0;0
2300.41;79999914;442579;460142;0;0;10129;0;0;0;0;0;0;0;0;0;0
2302.41;79999914;445099;461358;0;0;10275;0;0;0;0;0;0;0;0;0;0
2304.41;79999913;442671;460031;0;0;10194;0;0;0;0;0;0;0;0;0;0
2306.41;79999913;444903;461081;0;0;10238;0;0;0;0;0;0;0;0;0;0
2308.41;79999913;442845;459671;0;0;10153;0;0;0;0;0;0;0;0;0;0
2310.41;79999913;444061;462175;0;0;10298;0;0;0;0;0;0;0;0;0;0
2312.41;79999914;442667;459846;0;0;10203;0;0;0;0;0;0;0;0;0;0
2314.41;79999914;444307;461173;0;0;10185;0;0;0;0;0;0;0;0;0;0
2316.41;79999914;443041;460002;0;0;10165;0;0;0;0;0;0;0;0;0;0
2318.42;79999914;445525;461603;0;0;10190;0;0;0;0;0;0;0;0;0;0
2320.42;79999913;442985;460448;0;0;10174;0;0;0;0;0;0;0;0;0;0
2322.42;79999913;444980;461502;0;0;10124;0;0;0;0;0;0;0;0;0;0
2324.42;79999914;443111;460540;0;0;10158;0;0;0;0;0;0;0;0;0;0
2326.42;79999914;445527;461654;0;0;10111;0;0;0;0;0;0;0;0;0;0
2328.42;79999914;442920;460174;0;0;10311;0;0;0;0;0;0;0;0;0;0
2330.42;79999914;445596;462478;0;0;10260;0;0;0;0;0;0;0;0;0;0
2332.42;79999913;443420;460273;0;0;10153;0;0;0;0;0;0;0;0;0;0
2334.42;79999914;445831;461719;0;0;10352;0;0;0;0;0;0;0;0;0;0
2336.42;79999913;443749;460455;0;0;10376;0;0;0;0;0;0;0;0;0;0
2338.42;79999914;444793;462501;0;0;10255;0;0;0;0;0;0;0;0;0;0
2340.42;79999913;443399;460493;0;0;10162;0;0;0;0;0;0;0;0;0;0
2342.42;79999914;445380;461402;0;0;10127;0;0;0;0;0;0;0;0;0;0
2344.42;79999913;443672;460398;0;0;10198;0;0;0;0;0;0;0;0;0;0
2346.42;79999914;445666;462485;0;0;10203;0;0;0;0;0;0;0;0;0;0
2348.42;79999914;444035;460609;0;0;9934;0;0;0;0;0;0;0;0;0;0
2350.42;79999914;445283;461944;0;0;10298;0;0;0;0;0;0;0;0;0;0
2352.42;79999914;443504;460759;0;0;10189;0;0;0;0;0;0;0;0;0;0
2354.42;79999913;446035;461754;0;0;10108;0;0;0;0;0;0;0;0;0;0
2356.42;79999913;443474;460417;0;0;10309;0;0;0;0;0;0;0;0;0;0
2358.42;79999913;445396;461653;0;0;10275;0;0;0;0;0;0;0;0;0;0
2360.42;79999914;443725;460609;0;0;10096;0;0;0;0;0;0;0;0;0;0
2362.43;79999914;445948;462308;0;0;10362;0;0;0;0;0;0;0;0;0;0
2364.43;79999913;443715;460673;0;0;10261;0;0;0;0;0;0;0;0;0;0
2366.43;79999913;445228;461276;0;0;10255;0;0;0;0;0;0;0;0;0;0
2368.43;79999914;443340;460418;0;0;10114;0;0;0;0;0;0;0;0;0;0
2370.43;79999914;445047;461825;0;0;10297;0;0;0;0;0;0;0;0;0;0
2372.43;79999914;444348;460363;0;0;10231;0;0;0;0;0;0;0;0;0;0
2374.43;79999914;444656;460869;0;0;10233;0;0;0;0;0;0;0;0;0;0
2376.43;79999913;444370;460641;0;0;10140;0;0;0;0;0;0;0;0;0;0
2378.43;79999914;445567;461764;0;0;10289;0;0;0;0;0;0;0;0;0;0
2380.43;79999914;444603;460455;0;0;10307;0;0;0;0;0;0;0;0;0;0
2382.43;79999913;445315;461404;0;0;10151;0;0;0;0;0;0;0;0;0;0
2384.43;79999913;444519;461158;0;0;10463;0;0;0;0;0;0;0;0;0;0
2386.43;79999914;446678;462590;0;0;10226;0;0;0;0;0;0;0;0;0;0
2388.43;79999914;444917;462204;0;0;10422;0;0;0;0;0;0;0;0;0;0
2390.43;79999914;445297;461192;0;0;10238;0;0;0;0;0;0;0;0;0;0
2392.43;79999913;444783;460585;0;0;10285;0;0;0;0;0;0;0;0;0;0
2394.43;79999913;444953;461326;0;0;10124;0;0;0;0;0;0;0;0;0;0
2396.43;79999914;445149;460793;0;0;10323;0;0;0;0;0;0;0;0;0;0
2398.43;79999913;444945;462119;0;0;10415;0;0;0;0;0;0;0;0;0;0
2400.43;79999914;444974;460903;0;0;10244;0;0;0;0;0;0;0;0;0;0
2402.43;79999914;445787;461477;0;0;10335;0;0;0;0;0;0;0;0;0;0
2404.43;79999914;444515;461397;0;0;10379;0;0;0;0;0;0;0;0;0;0
2406.43;79999914;444950;461463;0;0;10191;0;0;0;0;0;0;0;0;0;0
2408.43;79999914;445663;461358;0;0;10130;0;0;0;0;0;0;0;0;0;0
2410.44;79999913;445062;462478;0;0;10284;0;0;0;0;0;0;0;0;0;0
2412.44;79999913;445353;461895;0;0;10161;0;0;0;0;0;0;0;0;0;0
2414.44;79999913;445459;461231;0;0;10318;0;0;0;0;0;0;0;0;0;0
2416.44;79999913;444735;462063;0;0;10107;0;0;0;0;0;0;0;0;0;0
2418.44;79999914;445752;461871;0;0;10142;0;0;0;0;0;0;0;0;0;0
2420.44;79999914;445159;462443;0;0;10281;0;0;0;0;0;0;0;0;0;0
2422.44;79999913;444893;461851;0;0;10113;0;0;0;0;0;0;0;0;0;0
2424.44;79999914;445578;461833;0;0;10398;0;0;0;0;0;0;0;0;0;0
2426.44;79999914;445597;461103;0;0;10189;0;0;0;0;0;0;0;0;0;0
2428.44;79999914;445454;461889;0;0;10079;0;0;0;0;0;0;0;0;0;0
2430.44;79999913;445922;461087;0;0;10309;0;0;0;0;0;0;0;0;0;0
2432.44;79999914;445977;461616;0;0;10143;0;0;0;0;0;0;0;0;0;0
2434.44;79999913;443833;460619;0;0;9948;0;0;0;0;0;0;0;0;0;0
2436.44;79999913;444290;460028;0;0;10146;0;0;0;0;0;0;0;0;0;0
2438.44;79999913;443394;459653;0;0;10038;0;0;0;0;0;0;0;0;0;0
2440.44;79999914;443938;459887;0;0;10221;0;0;0;0;0;0;0;0;0;0
2442.44;79999914;442736;458644;0;0;10168;0;0;0;0;0;0;0;0;0;0
2444.44;79999914;444267;459998;0;0;10340;0;0;0;0;0;0;0;0;0;0
2446.44;79999914;442755;459056;0;0;10224;0;0;0;0;0;0;0;0;0;0
2448.44;79999914;444078;459851;0;0;10165;0;0;0;0;0;0;0;0;0;0
2450.44;79999914;442564;458971;0;0;10256;0;0;0;0;0;0;0;0;0;0
2452.44;79999913;443528;460439;0;0;10295;0;0;0;0;0;0;0;0;0;0
2454.44;79999913;442901;458947;0;0;10260;0;0;0;0;0;0;0;0;0;0
2456.44;79999913;443837;460069;0;0;10343;0;0;0;0;0;0;0;0;0;0
2458.44;79999914;442352;458669;0;0;9983;0;0;0;0;0;0;0;0;0;0
2460.44;79999914;444063;460503;0;0;10369;0;0;0;0;0;0;0;0;0;0
2462.45;79999914;442482;458433;0;0;10160;0;0;0;0;0;0;0;0;0;0
2464.45;79999913;444004;460288;0;0;10036;0;0;0;0;0;0;0;0;0;0
2466.45;79999913;442421;458358;0;0;10143;0;0;0;0;0;0;0;0;0;0
2468.45;79999914;444182;461165;0;0;10290;0;0;0;0;0;0;0;0;0;0
2470.45;79999914;443068;458289;0;0;10344;0;0;0;0;0;0;0;0;0;0
2472.45;79999914;444442;460709;0;0;10242;0;0;0;0;0;0;0;0;0;0
2474.45;79999914;441695;458836;0;0;10169;0;0;0;0;0;0;0;0;0;0
2476.45;79999914;444984;460682;0;0;10305;0;0;0;0;0;0;0;0;0;0
2478.45;79999914;441981;458925;0;0;10088;0;0;0;0;0;0;0;0;0;0
2480.45;79999914;444639;460766;0;0;10374;0;0;0;0;0;0;0;0;0;0
2482.45;79999913;442885;458266;0;0;10378;0;0;0;0;0;0;0;0;0;0
2484.45;79999914;444015;461240;0;0;10092;0;0;0;0;0;0;0;0;0;0
2486.45;79999914;442624;458705;0;0;10099;0;0;0;0;0;0;0;0;0;0
2488.45;79999914;443787;461290;0;0;10131;0;0;0;0;0;0;0;0;0;0
2490.45;79999914;442434;458183;0;0;10159;0;0;0;0;0;0;0;0;0;0
2492.45;79999914;445084;460869;0;0;10325;0;0;0;0;0;0;0;0;0;0
2494.45;79999913;441724;458162;0;0;10144;0;0;0;0;0;0;0;0;0;0
2496.45;79999913;445564;462341;0;0;10173;0;0;0;0;0;0;0;0;0;0
2498.45;79999914;445180;461044;0;0;10337;0;0;0;0;0;0;0;0;0;0
2500.45;79999914;446047;462525;0;0;10403;0;0;0;0;0;0;0;0;0;0
2502.45;79999913;444626;461279;0;0;10083;0;0;0;0;0;0;0;0;0;0
2504.45;79999913;446673;462779;0;0;10283;0;0;0;0;0;0;0;0;0;0
2506.45;79999914;444829;461758;0;0;10200;0;0;0;0;0;0;0;0;0;0
2508.45;79999913;446438;462392;0;0;10250;0;0;0;0;0;0;0;0;0;0
2510.45;79999914;444413;461013;0;0;10308;0;0;0;0;0;0;0;0;0;0
2512.46;79999914;446370;462166;0;0;10243;0;0;0;0;0;0;0;0;0;0
2514.46;79999914;444763;460575;0;0;10472;0;0;0;0;0;0;0;0;0;0
2516.46;79999914;446316;461593;0;0;10402;0;0;0;0;0;0;0;0;0;0
2518.46;79999914;444959;460293;0;0;10169;0;0;0;0;0;0;0;0;0;0
2520.46;79999913;445644;462432;0;0;10152;0;0;0;0;0;0;0;0;0;0
2522.46;79999914;445154;460387;0;0;10328;0;0;0;0;0;0;0;0;0;0
2524.46;79999913;446374;462204;0;0;10267;0;0;0;0;0;0;0;0;0;0
2526.46;79999914;444965;461651;0;0;10403;0;0;0;0;0;0;0;0;0;0
2528.46;79999913;446995;462310;0;0;10305;0;0;0;0;0;0;0;0;0;0
2530.46;79999914;445069;460816;0;0;10174;0;0;0;0;0;0;0;0;0;0
2532.46;79999914;445992;462258;0;0;10126;0;0;0;0;0;0;0;0;0;0
2534.46;79999913;444207;461375;0;0;10178;0;0;0;0;0;0;0;0;0;0
2536.46;79999913;445924;462968;0;0;10244;0;0;0;0;0;0;0;0;0;0
2538.46;79999913;444425;460632;0;0;10220;0;0;0;0;0;0;0;0;0;0
2540.46;79999913;446378;461894;0;0;10134;0;0;0;0;0;0;0;0;0;0
2542.46;79999914;444014;461815;0;0;10512;0;0;0;0;0;0;0;0;0;0
2544.46;79999914;445317;462011;0;0;10172;0;0;0;0;0;0;0;0;0;0
2546.46;79999913;444155;460439;0;0;10341;0;0;0;0;0;0;0;0;0;0
2548.46;79999914;446485;462654;0;0;10287;0;0;0;0;0;0;0;0;0;0
2550.46;79999914;444762;461376;0;0;10282;0;0;0;0;0;0;0;0;0;0
2552.46;79999914;445598;462279;0;0;10204;0;0;0;0;0;0;0;0;0;0
2554.46;79999914;444026;460457;0;0;10211;0;0;0;0;0;0;0;0;0;0
2556.46;79999913;444874;461036;0;0;10267;0;0;0;0;0;0;0;0;0;0
2558.46;79999913;442101;459392;0;0;10067;0;0;0;0;0;0;0;0;0;0
2560.46;79999913;444318;461150;0;0;10219;0;0;0;0;0;0;0;0;0;0
2562.46;79999914;442683;459139;0;0;9997;0;0;0;0;0;0;0;0;0;0
2564.46;79999914;444901;460695;0;0;10115;0;0;0;0;0;0;0;0;0;0
2566.46;79999914;442914;458844;0;0;10120;0;0;0;0;0;0;0;0;0;0
2568.46;79999914;444632;460312;0;0;10361;0;0;0;0;0;0;0;0;0;0
2570.47;79999913;442553;458614;0;0;9985;0;0;0;0;0;0;0;0;0;0
2572.47;79999914;443699;460391;0;0;10420;0;0;0;0;0;0;0;0;0;0
2574.47;79999913;443039;458530;0;0;10165;0;0;0;0;0;0;0;0;0;0
2576.47;79999914;443682;459720;0;0;10121;0;0;0;0;0;0;0;0;0;0
2578.47;79999913;442336;459619;0;0;10225;0;0;0;0;0;0;0;0;0;0
2580.47;79999913;443931;459552;0;0;10322;0;0;0;0;0;0;0;0;0;0
2582.47;79999914;442005;459063;0;0;10146;0;0;0;0;0;0;0;0;0;0
2584.47;79999914;442656;460885;0;0;9960;0;0;0;0;0;0;0;0;0;0
2586.47;79999913;442120;459291;0;0;10350;0;0;0;0;0;0;0;0;0;0
2588.47;79999913;444257;460158;0;0;10243;0;0;0;0;0;0;0;0;0;0
2590.47;79999914;442100;458672;0;0;10117;0;0;0;0;0;0;0;0;0;0
2592.47;79999913;442933;459370;0;0;10273;0;0;0;0;0;0;0;0;0;0
2594.47;79999913;443170;459454;0;0;10136;0;0;0;0;0;0;0;0;0;0
2596.47;79999914;442803;459564;0;0;10047;0;0;0;0;0;0;0;0;0;0
2598.47;79999913;443312;459813;0;0;10309;0;0;0;0;0;0;0;0;0;0
2600.47;79999914;443002;459690;0;0;10225;0;0;0;0;0;0;0;0;0;0
2602.47;79999913;443251;459284;0;0;10259;0;0;0;0;0;0;0;0;0;0
2604.47;79999914;443389;459905;0;0;10113;0;0;0;0;0;0;0;0;0;0
2606.47;79999913;442445;458916;0;0;10067;0;0;0;0;0;0;0;0;0;0
2608.47;79999913;442955;459493;0;0;10169;0;0;0;0;0;0;0;0;0;0
2610.47;79999913;442553;459537;0;0;10213;0;0;0;0;0;0;0;0;0;0
2612.47;79999913;443314;459345;0;0;10239;0;0;0;0;0;0;0;0;0;0
2614.47;79999913;443423;459171;0;0;10181;0;0;0;0;0;0;0;0;0;0
2616.47;79999914;444268;460461;0;0;10147;0;0;0;0;0;0;0;0;0;0
2618.47;79999913;445583;460637;0;0;10089;0;0;0;0;0;0;0;0;0;0
2620.47;79999914;445846;460832;0;0;9981;0;0;0;0;0;0;0;0;0;0
2622.47;79999914;445626;460922;0;0;10132;0;0;0;0;0;0;0;0;0;0
2624.48;79999914;444875;461196;0;0;10058;0;0;0;0;0;0;0;0;0;0
2626.48;79999913;445557;461849;0;0;10127;0;0;0;0;0;0;0;0;0;0
2628.48;79999914;444557;461690;0;0;10248;0;0;0;0;0;0;0;0;0;0
2630.48;79999914;444884;462110;0;0;10236;0;0;0;0;0;0;0;0;0;0
2632.48;79999913;444975;461288;0;0;10312;0;0;0;0;0;0;0;0;0;0
2634.48;79999914;445298;461808;0;0;10034;0;0;0;0;0;0;0;0;0;0
2636.48;79999914;444812;460764;0;0;10095;0;0;0;0;0;0;0;0;0;0
2638.48;79999914;445920;461699;0;0;10265;0;0;0;0;0;0;0;0;0;0
2640.48;79999913;445094;461353;0;0;10193;0;0;0;0;0;0;0;0;0;0
2642.48;79999913;445974;462195;0;0;10207;0;0;0;0;0;0;0;0;0;0
2644.48;79999914;444778;461218;0;0;10286;0;0;0;0;0;0;0;0;0;0
2646.48;79999914;445081;462265;0;0;10056;0;0;0;0;0;0;0;0;0;0
2648.48;79999914;443602;461386;0;0;10178;0;0;0;0;0;0;0;0;0;0
2650.48;79999914;445342;461597;0;0;9967;0;0;0;0;0;0;0;0;0;0
2652.48;79999913;443954;460606;0;0;10357;0;0;0;0;0;0;0;0;0;0
2654.48;79999914;445731;462365;0;0;10338;0;0;0;0;0;0;0;0;0;0
2656.48;79999913;444911;460714;0;0;10152;0;0;0;0;0;0;0;0;0;0
2658.48;79999913;445237;461620;0;0;10119;0;0;0;0;0;0;0;0;0;0
2660.48;79999914;443754;460050;0;0;10153;0;0;0;0;0;0;0;0;0;0
2662.48;79999913;445204;462667;0;0;10181;0;0;0;0;0;0;0;0;0;0
2664.48;79999913;443925;460663;0;0;10134;0;0;0;0;0;0;0;0;0;0
2666.49;79999913;446303;462812;0;0;10106;0;0;0;0;0;0;0;0;0;0
2668.49;79999914;444328;461149;0;0;10226;0;0;0;0;0;0;0;0;0;0
2670.49;79999914;445380;461917;0;0;10212;0;0;0;0;0;0;0;0;0;0
2672.49;79999914;443540;459882;0;0;10146;0;0;0;0;0;0;0;0;0;0
2674.49;79999914;446167;462454;0;0;10109;0;0;0;0;0;0;0;0;0;0
2676.49;79999914;443455;460866;0;0;10124;0;0;0;0;0;0;0;0;0;0
2678.49;79999914;443318;460403;0;0;10285;0;0;0;0;0;0;0;0;0;0
2680.49;79999914;441301;458607;0;0;10113;0;0;0;0;0;0;0;0;0;0
2682.49;79999914;444409;460894;0;0;10312;0;0;0;0;0;0;0;0;0;0
2684.49;79999913;441425;457959;0;0;9982;0;0;0;0;0;0;0;0;0;0
2686.49;79999914;443951;460834;0;0;10189;0;0;0;0;0;0;0;0;0;0
2688.49;79999913;442196;458622;0;0;10074;0;0;0;0;0;0;0;0;0;0
2690.49;79999914;444693;461328;0;0;10368;0;0;0;0;0;0;0;0;0;0
2692.49;79999913;441479;458601;0;0;10163;0;0;0;0;0;0;0;0;0;0
2694.49;79999914;443101;461200;0;0;9964;0;0;0;0;0;0;0;0;0;0
2696.49;79999914;441754;458861;0;0;10137;0;0;0;0;0;0;0;0;0;0
2698.49;79999913;443128;461265;0;0;10333;0;0;0;0;0;0;0;0;0;0
2700.49;79999914;441595;458991;0;0;10296;0;0;0;0;0;0;0;0;0;0
2702.49;79999914;443465;461049;0;0;10142;0;0;0;0;0;0;0;0;0;0
2704.49;79999914;440326;459186;0;0;10013;0;0;0;0;0;0;0;0;0;0
2706.49;79999914;443343;460617;0;0;10112;0;0;0;0;0;0;0;0;0;0
2708.49;79999914;440895;458674;0;0;10216;0;0;0;0;0;0;0;0;0;0
2710.49;79999914;443163;460859;0;0;10294;0;0;0;0;0;0;0;0;0;0
2712.49;79999913;441082;458515;0;0;10005;0;0;0;0;0;0;0;0;0;0
2714.49;79999914;443671;461087;0;0;10195;0;0;0;0;0;0;0;0;0;0
2716.50;79999914;441504;459563;0;0;9997;0;0;0;0;0;0;0;0;0;0
2718.50;79999914;443915;461232;0;0;9877;0;0;0;0;0;0;0;0;0;0
2720.50;79999914;441370;459542;0;0;10160;0;0;0;0;0;0;0;0;0;0
2722.50;79999913;443404;460910;0;0;10135;0;0;0;0;0;0;0;0;0;0
2724.50;79999914;441165;458830;0;0;9972;0;0;0;0;0;0;0;0;0;0
2726.50;79999913;443104;461126;0;0;10132;0;0;0;0;0;0;0;0;0;0
2728.50;79999913;441077;458718;0;0;10034;0;0;0;0;0;0;0;0;0;0
2730.50;79999913;442814;461177;0;0;10042;0;0;0;0;0;0;0;0;0;0
2732.50;79999914;440775;458610;0;0;10081;0;0;0;0;0;0;0;0;0;0
2734.50;79999914;443945;461513;0;0;10074;0;0;0;0;0;0;0;0;0;0
2736.50;79999914;441229;458954;0;0;10257;0;0;0;0;0;0;0;0;0;0
2738.50;79999914;444688;462646;0;0;10085;0;0;0;0;0;0;0;0;0;0
2740.50;79999913;443355;461760;0;0;10136;0;0;0;0;0;0;0;0;0;0
2742.50;79999914;444476;462198;0;0;10045;0;0;0;0;0;0;0;0;0;0
2744.50;79999913;443492;461658;0;0;10181;0;0;0;0;0;0;0;0;0;0
2746.50;79999913;444080;462711;0;0;10073;0;0;0;0;0;0;0;0;0;0
2748.50;79999913;442671;460444;0;0;9986;0;0;0;0;0;0;0;0;0;0
2750.50;79999914;444566;463201;0;0;10042;0;0;0;0;0;0;0;0;0;0
2752.50;79999914;443781;460425;0;0;10088;0;0;0;0;0;0;0;0;0;0
2754.50;79999913;444433;462096;0;0;10213;0;0;0;0;0;0;0;0;0;0
2756.50;79999914;443584;460797;0;0;10012;0;0;0;0;0;0;0;0;0;0
2758.50;79999914;445228;461675;0;0;10191;0;0;0;0;0;0;0;0;0;0
2760.50;79999914;443669;460969;0;0;10223;0;0;0;0;0;0;0;0;0;0
2762.50;79999914;444574;461915;0;0;10123;0;0;0;0;0;0;0;0;0;0
2764.50;79999913;443935;461634;0;0;10149;0;0;0;0;0;0;0;0;0;0
2766.50;79999913;444820;462208;0;0;10386;0;0;0;0;0;0;0;0;0;0
2768.51;79999914;443956;461059;0;0;9986;0;0;0;0;0;0;0;0;0;0
2770.51;79999914;444183;461672;0;0;10219;0;0;0;0;0;0;0;0;0;0
2772.51;79999914;443252;461093;0;0;10209;0;0;0;0;0;0;0;0;0;0
2774.51;79999914;444092;461597;0;0;10014;0;0;0;0;0;0;0;0;0;0
2776.51;79999914;443601;460729;0;0;10111;0;0;0;0;0;0;0;0;0;0
2778.51;79999913;444839;461497;0;0;10244;0;0;0;0;0;0;0;0;0;0
2780.51;79999913;443421;461247;0;0;10204;0;0;0;0;0;0;0;0;0;0
2782.51;79999913;443975;461726;0;0;10260;0;0;0;0;0;0;0;0;0;0
2784.51;79999913;443236;460834;0;0;10154;0;0;0;0;0;0;0;0;0;0
2786.51;79999914;443219;462197;0;0;10165;0;0;0;0;0;0;0;0;0;0
2788.51;79999914;443355;460960;0;0;10034;0;0;0;0;0;0;0;0;0;0
2790.51;79999914;444233;462269;0;0;9928;0;0;0;0;0;0;0;0;0;0
2792.51;79999914;443359;461084;0;0;10147;0;0;0;0;0;0;0;0;0;0
2794.51;79999914;443768;462208;0;0;10137;0;0;0;0;0;0;0;0;0;0
2796.51;79999914;443580;460718;0;0;10223;0;0;0;0;0;0;0;0;0;0
2798.51;79999914;444061;461326;0;0;9997;0;0;0;0;0;0;0;0;0;0
2800.51;79999913;443906;461061;0;0;10172;0;0;0;0;0;0;0;0;0;0
2802.51;79999913;444346;461541;0;0;10065;0;0;0;0;0;0;0;0;0;0
2804.51;79999914;443282;462640;0;0;10143;0;0;0;0;0;0;0;0;0;0
2806.51;79999913;443331;461954;0;0;10022;0;0;0;0;0;0;0;0;0;0
2808.51;79999913;442993;461294;0;0;10172;0;0;0;0;0;0;0;0;0;0
2810.52;79999913;443632;460529;0;0;10066;0;0;0;0;0;0;0;0;0;0
2812.52;79999913;443965;462039;0;0;10134;0;0;0;0;0;0;0;0;0;0
2814.52;79999913;443535;461156;0;0;10225;0;0;0;0;0;0;0;0;0;0
2816.52;79999914;443485;461484;0;0;10055;0;0;0;0;0;0;0;0;0;0
2818.52;79999913;442429;460847;0;0;10143;0;0;0;0;0;0;0;0;0;0
2820.52;79999913;443531;461036;0;0;10053;0;0;0;0;0;0;0;0;0;0
2822.52;79999913;443231;461222;0;0;10240;0;0;0;0;0;0;0;0;0;0
2824.52;79999914;443813;461726;0;0;10182;0;0;0;0;0;0;0;0;0;0
2826.52;79999914;442879;461780;0;0;10342;0;0;0;0;0;0;0;0;0;0
2828.52;79999914;443608;461943;0;0;10155;0;0;0;0;0;0;0;0;0;0
2830.52;79999914;441726;460681;0;0;10158;0;0;0;0;0;0;0;0;0;0
2832.52;79999914;444185;461819;0;0;10087;0;0;0;0;0;0;0;0;0;0
2834.52;79999914;441495;460463;0;0;10155;0;0;0;0;0;0;0;0;0;0
2836.52;79999914;444423;461895;0;0;10033;0;0;0;0;0;0;0;0;0;0
2838.52;79999913;442324;460706;0;0;10211;0;0;0;0;0;0;0;0;0;0
2840.52;79999914;443212;461783;0;0;10118;0;0;0;0;0;0;0;0;0;0
2842.52;79999914;442147;460420;0;0;10050;0;0;0;0;0;0;0;0;0;0
2844.52;79999914;443771;462052;0;0;9903;0;0;0;0;0;0;0;0;0;0
2846.52;79999914;441957;460409;0;0;10097;0;0;0;0;0;0;0;0;0;0
2848.52;79999914;443334;460954;0;0;9923;0;0;0;0;0;0;0;0;0;0
2850.52;79999914;441596;460743;0;0;9968;0;0;0;0;0;0;0;0;0;0
2852.52;79999914;444112;462289;0;0;10012;0;0;0;0;0;0;0;0;0;0
2854.52;79999914;441712;460307;0;0;10302;0;0;0;0;0;0;0;0;0;0
2856.52;79999914;443461;461682;0;0;10136;0;0;0;0;0;0;0;0;0;0
2858.53;79999914;441775;459962;0;0;10173;0;0;0;0;0;0;0;0;0;0
2860.53;79999914;443487;461597;0;0;10037;0;0;0;0;0;0;0;0;0;0
2862.53;79999913;441966;460395;0;0;10144;0;0;0;0;0;0;0;0;0;0
2864.53;79999913;443224;460978;0;0;10024;0;0;0;0;0;0;0;0;0;0
2866.53;79999913;441041;460284;0;0;9952;0;0;0;0;0;0;0;0;0;0
2868.53;79999913;443461;461684;0;0;10334;0;0;0;0;0;0;0;0;0;0
2870.53;79999913;442163;460225;0;0;10309;0;0;0;0;0;0;0;0;0;0
2872.53;79999913;443374;461136;0;0;10024;0;0;0;0;0;0;0;0;0;0
2874.53;79999913;441716;460039;0;0;10122;0;0;0;0;0;0;0;0;0;0
2876.53;79999913;443656;462254;0;0;10110;0;0;0;0;0;0;0;0;0;0
2878.53;79999913;442038;459577;0;0;10175;0;0;0;0;0;0;0;0;0;0
2880.53;79999913;443156;461628;0;0;10184;0;0;0;0;0;0;0;0;0;0
2882.53;79999914;441882;459244;0;0;10164;0;0;0;0;0;0;0;0;0;0
2884.53;79999914;443774;461504;0;0;10049;0;0;0;0;0;0;0;0;0;0
2886.53;79999914;441827;459474;0;0;10145;0;0;0;0;0;0;0;0;0;0
2888.53;79999914;443712;461459;0;0;10131;0;0;0;0;0;0;0;0;0;0
2890.53;79999913;441565;459998;0;0;10139;0;0;0;0;0;0;0;0;0;0
2892.53;79999914;443541;460419;0;0;10235;0;0;0;0;0;0;0;0;0;0
2894.53;79999914;441413;459330;0;0;10111;0;0;0;0;0;0;0;0;0;0
2896.53;79999913;443254;461377;0;0;10162;0;0;0;0;0;0;0;0;0;0
2898.53;79999914;441960;458306;0;0;10169;0;0;0;0;0;0;0;0;0;0
2900.53;79999914;443555;460645;0;0;10079;0;0;0;0;0;0;0;0;0;0
2902.53;79999914;441728;458388;0;0;9868;0;0;0;0;0;0;0;0;0;0
2904.53;79999914;443373;461160;0;0;10257;0;0;0;0;0;0;0;0;0;0
2906.54;79999913;440860;459827;0;0;10273;0;0;0;0;0;0;0;0;0;0
2908.54;79999914;442947;460990;0;0;10116;0;0;0;0;0;0;0;0;0;0
2910.54;79999914;441490;459380;0;0;10318;0;0;0;0;0;0;0;0;0;0
2912.54;79999914;443169;460941;0;0;10023;0;0;0;0;0;0;0;0;0;0
2914.54;79999914;441909;459520;0;0;10246;0;0;0;0;0;0;0;0;0;0
2916.54;79999914;443161;460987;0;0;10214;0;0;0;0;0;0;0;0;0;0
2918.54;79999914;441349;459257;0;0;10154;0;0;0;0;0;0;0;0;0;0
2920.54;79999914;442867;460956;0;0;10123;0;0;0;0;0;0;0;0;0;0
2922.54;79999913;440781;458846;0;0;10036;0;0;0;0;0;0;0;0;0;0
2924.54;79999913;442875;460774;0;0;10201;0;0;0;0;0;0;0;0;0;0
2926.54;79999913;441000;459181;0;0;9979;0;0;0;0;0;0;0;0;0;0
2928.54;79999913;443035;460590;0;0;10068;0;0;0;0;0;0;0;0;0;0
2930.54;79999913;441715;459300;0;0;10036;0;0;0;0;0;0;0;0;0;0
2932.54;79999913;442460;460519;0;0;10057;0;0;0;0;0;0;0;0;0;0
2934.54;79999914;441319;459620;0;0;10152;0;0;0;0;0;0;0;0;0;0
2936.54;79999914;442611;460633;0;0;10166;0;0;0;0;0;0;0;0;0;0
2938.54;79999913;441109;460292;0;0;9953;0;0;0;0;0;0;0;0;0;0
2940.54;79999913;442915;460548;0;0;10195;0;0;0;0;0;0;0;0;0;0
2942.54;79999913;441838;459427;0;0;10076;0;0;0;0;0;0;0;0;0;0
2944.54;79999914;442349;460273;0;0;10241;0;0;0;0;0;0;0;0;0;0
2946.54;79999914;440665;458775;0;0;10241;0;0;0;0;0;0;0;0;0;0
2948.54;79999914;441919;459951;0;0;10006;0;0;0;0;0;0;0;0;0;0
2950.54;79999914;440990;458025;0;0;10096;0;0;0;0;0;0;0;0;0;0
2952.54;79999914;442298;460178;0;0;9971;0;0;0;0;0;0;0;0;0;0
2954.54;79999914;440470;459380;0;0;10039;0;0;0;0;0;0;0;0;0;0
2956.54;79999914;441361;460578;0;0;10153;0;0;0;0;0;0;0;0;0;0
2958.54;79999913;440787;460016;0;0;10109;0;0;0;0;0;0;0;0;0;0
2960.54;79999913;442618;460874;0;0;10182;0;0;0;0;0;0;0;0;0;0
2962.55;79999913;441113;459067;0;0;10145;0;0;0;0;0;0;0;0;0;0
2964.55;79999914;442055;460564;0;0;9982;0;0;0;0;0;0;0;0;0;0
2966.55;79999914;440363;459378;0;0;10080;0;0;0;0;0;0;0;0;0;0
2968.55;79999914;442745;460562;0;0;9965;0;0;0;0;0;0;0;0;0;0
2970.55;79999913;442062;459193;0;0;10168;0;0;0;0;0;0;0;0;0;0
2972.55;79999913;442394;460976;0;0;10049;0;0;0;0;0;0;0;0;0;0
2974.55;79999913;442270;460176;0;0;9964;0;0;0;0;0;0;0;0;0;0
2976.55;79999913;442362;460376;0;0;10187;0;0;0;0;0;0;0;0;0;0
2978.55;79999914;441865;459751;0;0;9964;0;0;0;0;0;0;0;0;0;0
2980.55;79999914;441475;460390;0;0;10091;0;0;0;0;0;0;0;0;0;0
2982.55;79999914;441805;459904;0;0;9969;0;0;0;0;0;0;0;0;0;0
2984.55;79999914;441516;459489;0;0;10278;0;0;0;0;0;0;0;0;0;0
2986.55;79999913;441510;460572;0;0;10080;0;0;0;0;0;0;0;0;0;0
2988.55;79999914;442220;459435;0;0;10157;0;0;0;0;0;0;0;0;0;0
2990.55;79999913;441630;460304;0;0;10023;0;0;0;0;0;0;0;0;0;0
2992.55;79999913;442388;460045;0;0;10134;0;0;0;0;0;0;0;0;0;0
2994.55;79999913;441634;460081;0;0;10200;0;0;0;0;0;0;0;0;0;0
2996.55;79999914;440560;459590;0;0;9972;0;0;0;0;0;0;0;0;0;0
2998.55;79999914;442455;459147;0;0;10044;0;0;0;0;0;0;0;0;0;0
3000.55;79999914;441635;459436;0;0;9973;0;0;0;0;0;0;0;0;0;0
3002.55;79999914;441579;459904;0;0;10182;0;0;0;0;0;0;0;0;0;0
3004.55;79999914;440833;459001;0;0;10239;0;0;0;0;0;0;0;0;0;0
3006.55;79999914;440928;459464;0;0;10183;0;0;0;0;0;0;0;0;0;0
3008.56;79999913;441531;459913;0;0;10139;0;0;0;0;0;0;0;0;0;0
3010.56;79999914;442202;461136;0;0;10007;0;0;0;0;0;0;0;0;0;0
3012.56;79999913;442523;459372;0;0;10172;0;0;0;0;0;0;0;0;0;0
3014.56;79999914;442895;460476;0;0;10058;0;0;0;0;0;0;0;0;0;0
3016.56;79999913;441184;460390;0;0;10042;0;0;0;0;0;0;0;0;0;0
3018.56;79999914;442126;461149;0;0;10172;0;0;0;0;0;0;0;0;0;0
3020.56;79999914;441261;458676;0;0;10043;0;0;0;0;0;0;0;0;0;0
3022.56;79999914;442210;460265;0;0;10127;0;0;0;0;0;0;0;0;0;0
3024.56;79999913;441473;458285;0;0;9984;0;0;0;0;0;0;0;0;0;0
3026.56;79999914;442241;460555;0;0;10007;0;0;0;0;0;0;0;0;0;0
3028.56;79999913;440407;458944;0;0;10109;0;0;0;0;0;0;0;0;0;0
3030.56;79999913;442179;460742;0;0;10130;0;0;0;0;0;0;0;0;0;0
3032.56;79999914;440210;460054;0;0;10107;0;0;0;0;0;0;0;0;0;0
3034.56;79999914;442241;461063;0;0;10130;0;0;0;0;0;0;0;0;0;0
3036.56;79999914;441261;458761;0;0;9976;0;0;0;0;0;0;0;0;0;0
3038.56;79999914;441930;459964;0;0;9941;0;0;0;0;0;0;0;0;0;0
3040.56;79999914;440533;458742;0;0;10028;0;0;0;0;0;0;0;0;0;0
3042.56;79999913;440495;458594;0;0;10140;0;0;0;0;0;0;0;0;0;0
3044.56;79999914;438795;456271;0;0;10025;0;0;0;0;0;0;0;0;0;0
3046.56;79999913;439643;458212;0;0;10271;0;0;0;0;0;0;0;0;0;0
3048.56;79999913;437678;455739;0;0;9869;0;0;0;0;0;0;0;0;0;0
3050.56;79999913;441157;458995;0;0;9995;0;0;0;0;0;0;0;0;0;0
3052.56;79999913;437898;457117;0;0;10062;0;0;0;0;0;0;0;0;0;0
3054.56;79999913;440709;458602;0;0;10164;0;0;0;0;0;0;0;0;0;0
3056.56;79999914;438452;456383;0;0;9951;0;0;0;0;0;0;0;0;0;0
3058.57;79999914;440974;459538;0;0;10325;0;0;0;0;0;0;0;0;0;0
3060.57;79999914;438325;456660;0;0;9997;0;0;0;0;0;0;0;0;0;0
3062.57;79999913;441122;458228;0;0;10102;0;0;0;0;0;0;0;0;0;0
3064.57;79999914;439185;456624;0;0;9969;0;0;0;0;0;0;0;0;0;0
3066.57;79999913;441087;458724;0;0;9984;0;0;0;0;0;0;0;0;0;0
3068.57;79999913;438451;456625;0;0;9918;0;0;0;0;0;0;0;0;0;0
3070.57;79999913;440997;459829;0;0;10250;0;0;0;0;0;0;0;0;0;0
3072.57;79999914;438371;456454;0;0;10046;0;0;0;0;0;0;0;0;0;0
3074.57;79999914;440972;459342;0;0;9817;0;0;0;0;0;0;0;0;0;0
3076.57;79999914;439209;457151;0;0;9968;0;0;0;0;0;0;0;0;0;0
3078.57;79999914;441450;459484;0;0;10143;0;0;0;0;0;0;0;0;0;0
3080.57;79999914;438367;456403;0;0;10123;0;0;0;0;0;0;0;0;0;0
3082.57;79999914;440981;459089;0;0;10148;0;0;0;0;0;0;0;0;0;0
3084.57;79999913;437663;456283;0;0;9949;0;0;0;0;0;0;0;0;0;0
3086.57;79999914;441003;459202;0;0;10077;0;0;0;0;0;0;0;0;0;0
3088.57;79999914;437863;456824;0;0;10002;0;0;0;0;0;0;0;0;0;0
3090.57;79999914;440372;458403;0;0;10200;0;0;0;0;0;0;0;0;0;0
3092.57;79999913;438926;457168;0;0;10082;0;0;0;0;0;0;0;0;0;0
3094.57;79999913;440676;458888;0;0;10185;0;0;0;0;0;0;0;0;0;0
3096.57;79999914;438828;456235;0;0;9924;0;0;0;0;0;0;0;0;0;0
3098.57;79999914;440886;459278;0;0;10152;0;0;0;0;0;0;0;0;0;0
3100.57;79999914;437498;456962;0;0;10074;0;0;0;0;0;0;0;0;0;0
3102.57;79999914;441547;460420;0;0;10241;0;0;0;0;0;0;0;0;0;0
3104.57;79999914;441025;458947;0;0;10190;0;0;0;0;0;0;0;0;0;0
3106.57;79999914;442340;460676;0;0;10096;0;0;0;0;0;0;0;0;0;0
3108.57;79999914;440478;458578;0;0;9966;0;0;0;0;0;0;0;0;0;0
3110.57;79999914;442053;460129;0;0;10116;0;0;0;0;0;0;0;0;0;0
3112.57;79999914;440169;458803;0;0;10041;0;0;0;0;0;0;0;0;0;0
3114.57;79999913;442267;459693;0;0;10194;0;0;0;0;0;0;0;0;0;0
3116.58;79999913;440311;459444;0;0;9962;0;0;0;0;0;0;0;0;0;0
3118.58;79999913;441890;461030;0;0;10173;0;0;0;0;0;0;0;0;0;0
3120.58;79999914;440056;458887;0;0;10211;0;0;0;0;0;0;0;0;0;0
3122.58;79999914;441478;460346;0;0;10246;0;0;0;0;0;0;0;0;0;0
3124.58;79999914;439811;459117;0;0;10116;0;0;0;0;0;0;0;0;0;0
3126.58;79999914;441730;460770;0;0;10057;0;0;0;0;0;0;0;0;0;0
3128.58;79999913;439244;458462;0;0;10081;0;0;0;0;0;0;0;0;0;0
3130.58;79999914;441010;460994;0;0;10049;0;0;0;0;0;0;0;0;0;0
3132.58;79999913;440782;458853;0;0;10059;0;0;0;0;0;0;0;0;0;0
3134.58;79999913;441026;460038;0;0;9963;0;0;0;0;0;0;0;0;0;0
3136.58;79999913;439357;459285;0;0;10136;0;0;0;0;0;0;0;0;0;0
3138.58;79999913;441782;459911;0;0;10193;0;0;0;0;0;0;0;0;0;0
3140.58;79999914;440309;458879;0;0;10141;0;0;0;0;0;0;0;0;0;0
3142.58;79999914;441437;460138;0;0;10035;0;0;0;0;0;0;0;0;0;0
3144.58;79999914;440659;459002;0;0;10146;0;0;0;0;0;0;0;0;0;0
3146.58;79999914;440700;459706;0;0;10063;0;0;0;0;0;0;0;0;0;0
3148.58;79999913;441126;459062;0;0;10009;0;0;0;0;0;0;0;0;0;0
3150.58;79999914;441752;460424;0;0;10155;0;0;0;0;0;0;0;0;0;0
3152.58;79999914;440279;458628;0;0;10197;0;0;0;0;0;0;0;0;0;0
3154.58;79999914;440631;459640;0;0;10272;0;0;0;0;0;0;0;0;0;0
3156.58;79999914;440250;458815;0;0;10171;0;0;0;0;0;0;0;0;0;0
3158.58;79999913;440832;459501;0;0;10199;0;0;0;0;0;0;0;0;0;0
3160.58;79999913;440273;459641;0;0;10099;0;0;0;0;0;0;0;0;0;0
3162.58;79999914;441373;459098;0;0;10125;0;0;0;0;0;0;0;0;0;0
3164.58;79999914;441252;459121;0;0;10314;0;0;0;0;0;0;0;0;0;0
3166.58;79999913;441229;459471;0;0;10195;0;0;0;0;0;0;0;0;0;0
3168.58;79999913;441278;459635;0;0;10117;0;0;0;0;0;0;0;0;0;0
3170.58;79999914;441072;459935;0;0;10047;0;0;0;0;0;0;0;0;0;0
3172.58;79999914;441204;459427;0;0;9998;0;0;0;0;0;0;0;0;0;0
3174.58;79999913;441164;460017;0;0;10213;0;0;0;0;0;0;0;0;0;0
3176.59;79999913;441569;458787;0;0;10115;0;0;0;0;0;0;0;0;0;0
3178.59;79999913;440737;459681;0;0;9861;0;0;0;0;0;0;0;0;0;0
3180.59;79999914;440726;458542;0;0;10192;0;0;0;0;0;0;0;0;0;0
3182.59;79999913;440531;459850;0;0;10068;0;0;0;0;0;0;0;0;0;0
3184.59;79999913;441465;459690;0;0;9943;0;0;0;0;0;0;0;0;0;0
3186.59;79999914;441650;458777;0;0;10226;0;0;0;0;0;0;0;0;0;0
3188.59;79999913;441703;460100;0;0;10214;0;0;0;0;0;0;0;0;0;0
3190.59;79999913;440661;458609;0;0;10177;0;0;0;0;0;0;0;0;0;0
3192.59;79999913;442693;459943;0;0;10324;0;0;0;0;0;0;0;0;0;0
3194.59;79999913;440786;459074;0;0;10127;0;0;0;0;0;0;0;0;0;0
3196.59;79999914;441465;460197;0;0;10154;0;0;0;0;0;0;0;0;0;0
3198.59;79999913;441675;458571;0;0;10074;0;0;0;0;0;0;0;0;0;0
3200.59;79999914;442497;459780;0;0;10036;0;0;0;0;0;0;0;0;0;0
3202.59;79999914;441109;458951;0;0;10253;0;0;0;0;0;0;0;0;0;0
3204.59;79999914;441540;460276;0;0;10069;0;0;0;0;0;0;0;0;0;0
3206.59;79999913;440506;458044;0;0;10150;0;0;0;0;0;0;0;0;0;0
3208.59;79999913;442081;459985;0;0;10043;0;0;0;0;0;0;0;0;0;0
3210.59;79999914;440397;458819;0;0;10122;0;0;0;0;0;0;0;0;0;0
3212.59;79999914;442071;459744;0;0;10076;0;0;0;0;0;0;0;0;0;0
3214.59;79999914;440456;458179;0;0;10118;0;0;0;0;0;0;0;0;0;0
3216.59;79999913;441931;460011;0;0;10161;0;0;0;0;0;0;0;0;0;0
3218.59;79999913;440329;458029;0;0;10098;0;0;0;0;0;0;0;0;0;0
3220.59;79999913;441704;458973;0;0;10178;0;0;0;0;0;0;0;0;0;0
3222.59;79999913;440277;458001;0;0;10259;0;0;0;0;0;0;0;0;0;0
3224.59;79999913;442328;459918;0;0;9984;0;0;0;0;0;0;0;0;0;0
3226.59;79999913;440374;458547;0;0;10180;0;0;0;0;0;0;0;0;0;0
3228.59;79999913;442251;459481;0;0;9922;0;0;0;0;0;0;0;0;0;0
3230.59;79999914;440641;458098;0;0;10138;0;0;0;0;0;0;0;0;0;0
3232.60;79999913;441965;459767;0;0;9982;0;0;0;0;0;0;0;0;0;0
3234.60;79999913;441129;458120;0;0;10165;0;0;0;0;0;0;0;0;0;0
3236.60;79999913;442021;459460;0;0;10218;0;0;0;0;0;0;0;0;0;0
3238.60;79999914;440529;457154;0;0;10077;0;0;0;0;0;0;0;0;0;0
3240.60;79999914;442702;460354;0;0;10054;0;0;0;0;0;0;0;0;0;0
3242.60;79999914;441095;458289;0;0;10173;0;0;0;0;0;0;0;0;0;0
3244.60;79999914;442380;459633;0;0;10068;0;0;0;0;0;0;0;0;0;0
3246.60;79999914;440891;458699;0;0;10139;0;0;0;0;0;0;0;0;0;0
3248.60;79999913;442392;459992;0;0;9980;0;0;0;0;0;0;0;0;0;0
3250.60;79999914;440605;458034;0;0;10275;0;0;0;0;0;0;0;0;0;0
3252.60;79999914;442509;459511;0;0;10302;0;0;0;0;0;0;0;0;0;0
3254.60;79999914;440380;457988;0;0;9990;0;0;0;0;0;0;0;0;0;0
3256.60;79999913;441900;459556;0;0;10113;0;0;0;0;0;0;0;0;0;0
3258.60;79999913;440494;457609;0;0;10146;0;0;0;0;0;0;0;0;0;0
3260.60;79999913;441782;459069;0;0;10049;0;0;0;0;0;0;0;0;0;0
3262.60;79999914;440473;458800;0;0;10067;0;0;0;0;0;0;0;0;0;0
3264.60;79999914;443003;460851;0;0;10356;0;0;0;0;0;0;0;0;0;0
3266.60;79999914;440085;457888;0;0;10127;0;0;0;0;0;0;0;0;0;0
3268.60;79999913;442666;459191;0;0;10273;0;0;0;0;0;0;0;0;0;0
3270.60;79999913;441247;457864;0;0;10158;0;0;0;0;0;0;0;0;0;0
3272.60;79999913;442549;459262;0;0;10002;0;0;0;0;0;0;0;0;0;0
3274.60;79999914;440973;459135;0;0;10151;0;0;0;0;0;0;0;0;0;0
3276.60;79999913;442627;458954;0;0;10242;0;0;0;0;0;0;0;0;0;0
3278.60;79999913;440619;458279;0;0;10134;0;0;0;0;0;0;0;0;0;0
3280.60;79999913;442713;459739;0;0;10118;0;0;0;0;0;0;0;0;0;0
3282.60;79999913;440758;458272;0;0;10159;0;0;0;0;0;0;0;0;0;0
3284.61;79999913;440735;459361;0;0;10122;0;0;0;0;0;0;0;0;0;0
3286.61;79999913;438786;456788;0;0;10103;0;0;0;0;0;0;0;0;0;0
3288.61;79999913;440899;458804;0;0;10085;0;0;0;0;0;0;0;0;0;0
3290.61;79999913;438613;456595;0;0;9974;0;0;0;0;0;0;0;0;0;0
3292.61;79999913;441329;458787;0;0;10112;0;0;0;0;0;0;0;0;0;0
3294.61;79999914;438250;456238;0;0;9930;0;0;0;0;0;0;0;0;0;0
3296.61;79999913;440449;458651;0;0;10123;0;0;0;0;0;0;0;0;0;0
3298.61;79999913;437387;455600;0;0;9979;0;0;0;0;0;0;0;0;0;0
3300.61;79999914;439427;457832;0;0;10066;0;0;0;0;0;0;0;0;0;0
3302.61;79999914;438409;455921;0;0;10153;0;0;0;0;0;0;0;0;0;0
3304.61;79999914;440896;458066;0;0;10169;0;0;0;0;0;0;0;0;0;0
3306.61;79999914;437964;455767;0;0;9937;0;0;0;0;0;0;0;0;0;0
3308.61;79999914;439854;457968;0;0;10112;0;0;0;0;0;0;0;0;0;0
3310.61;79999914;438813;456326;0;0;10111;0;0;0;0;0;0;0;0;0;0
3312.61;79999913;440377;458654;0;0;10231;0;0;0;0;0;0;0;0;0;0
3314.61;79999914;437511;456276;0;0;10106;0;0;0;0;0;0;0;0;0;0
3316.61;79999914;440043;458344;0;0;10131;0;0;0;0;0;0;0;0;0;0
3318.61;79999914;437694;456824;0;0;10106;0;0;0;0;0;0;0;0;0;0
3320.61;79999914;440555;457888;0;0;10281;0;0;0;0;0;0;0;0;0;0
3322.61;79999914;437815;455623;0;0;9935;0;0;0;0;0;0;0;0;0;0
3324.61;79999914;440530;458355;0;0;10004;0;0;0;0;0;0;0;0;0;0
3326.61;79999913;437997;456629;0;0;10239;0;0;0;0;0;0;0;0;0;0
3328.61;79999914;440744;458897;0;0;10415;0;0;0;0;0;0;0;0;0;0
3330.61;79999914;438723;456381;0;0;10147;0;0;0;0;0;0;0;0;0;0
3332.61;79999914;440830;458533;0;0;10100;0;0;0;0;0;0;0;0;0;0
3334.61;79999914;438809;456579;0;0;10073;0;0;0;0;0;0;0;0;0;0
3336.61;79999914;439876;457679;0;0;10103;0;0;0;0;0;0;0;0;0;0
3338.61;79999914;438363;456976;0;0;9900;0;0;0;0;0;0;0;0;0;0
3340.62;79999914;440702;458300;0;0;9936;0;0;0;0;0;0;0;0;0;0
3342.62;79999914;440313;456482;0;0;10157;0;0;0;0;0;0;0;0;0;0
3344.62;79999914;440610;458168;0;0;10094;0;0;0;0;0;0;0;0;0;0
3346.62;79999914;440217;458317;0;0;10199;0;0;0;0;0;0;0;0;0;0
3348.62;79999914;442031;459355;0;0;10243;0;0;0;0;0;0;0;0;0;0
3350.62;79999913;441855;459460;0;0;10238;0;0;0;0;0;0;0;0;0;0
3352.62;79999913;441908;458392;0;0;10063;0;0;0;0;0;0;0;0;0;0
3354.62;79999913;442443;459244;0;0;10196;0;0;0;0;0;0;0;0;0;0
3356.62;79999913;441411;458502;0;0;10279;0;0;0;0;0;0;0;0;0;0
3358.62;79999913;441891;458875;0;0;10266;0;0;0;0;0;0;0;0;0;0
3360.62;79999914;442163;458868;0;0;10039;0;0;0;0;0;0;0;0;0;0
3362.62;79999914;441873;458741;0;0;10277;0;0;0;0;0;0;0;0;0;0
3364.62;79999913;441265;459267;0;0;10173;0;0;0;0;0;0;0;0;0;0
3366.62;79999913;441489;459422;0;0;10460;0;0;0;0;0;0;0;0;0;0
3368.62;79999913;441569;458576;0;0;10194;0;0;0;0;0;0;0;0;0;0
3370.62;79999913;442453;458906;0;0;10109;0;0;0;0;0;0;0;0;0;0
3372.62;79999913;441252;458927;0;0;10081;0;0;0;0;0;0;0;0;0;0
3374.62;79999914;441983;458698;0;0;10292;0;0;0;0;0;0;0;0;0;0
3376.62;79999914;441667;458939;0;0;10242;0;0;0;0;0;0;0;0;0;0
3378.62;79999913;442113;458985;0;0;10342;0;0;0;0;0;0;0;0;0;0
3380.62;79999914;441248;457885;0;0;10175;0;0;0;0;0;0;0;0;0;0
3382.62;79999914;441652;458534;0;0;10119;0;0;0;0;0;0;0;0;0;0
3384.62;79999914;441089;458365;0;0;10241;0;0;0;0;0;0;0;0;0;0
3386.62;79999913;442488;460153;0;0;9898;0;0;0;0;0;0;0;0;0;0
3388.62;79999913;441439;458136;0;0;10201;0;0;0;0;0;0;0;0;0;0
3390.62;79999913;442261;459728;0;0;10177;0;0;0;0;0;0;0;0;0;0
3392.62;79999914;441288;457980;0;0;10118;0;0;0;0;0;0;0;0;0;0
3394.62;79999913;443141;460029;0;0;10103;0;0;0;0;0;0;0;0;0;0
3396.62;79999913;441215;458190;0;0;10061;0;0;0;0;0;0;0;0;0;0
3398.63;79999914;442925;459962;0;0;10219;0;0;0;0;0;0;0;0;0;0
3400.63;79999914;441712;459027;0;0;9960;0;0;0;0;0;0;0;0;0;0
3402.63;79999913;442218;460254;0;0;10104;0;0;0;0;0;0;0;0;0;0
3404.63;79999913;441576;457972;0;0;10157;0;0;0;0;0;0;0;0;0;0
3406.63;79999913;442320;458876;0;0;10202;0;0;0;0;0;0;0;0;0;0
3408.63;79999913;440722;457898;0;0;10226;0;0;0;0;0;0;0;0;0;0
3410.63;79999913;442762;459865;0;0;10217;0;0;0;0;0;0;0;0;0;0
3412.63;79999914;441355;458024;0;0;9967;0;0;0;0;0;0;0;0;0;0
3414.63;79999913;442031;459797;0;0;10311;0;0;0;0;0;0;0;0;0;0
3416.63;79999912;440505;458192;0;0;10146;0;0;0;0;0;0;0;0;0;0
3418.63;79999913;442375;460257;0;0;10102;0;0;0;0;0;0;0;0;0;0
3420.63;79999914;441100;457753;0;0;10283;0;0;0;0;0;0;0;0;0;0
3422.63;79999913;443073;460084;0;0;10147;0;0;0;0;0;0;0;0;0;0
3424.63;79999913;441487;458311;0;0;10045;0;0;0;0;0;0;0;0;0;0
3426.63;79999913;442761;459798;0;0;10257;0;0;0;0;0;0;0;0;0;0
3428.63;79999913;441206;458461;0;0;10112;0;0;0;0;0;0;0;0;0;0
3430.63;79999913;441722;460641;0;0;10164;0;0;0;0;0;0;0;0;0;0
3432.63;79999913;440011;457550;0;0;10352;0;0;0;0;0;0;0;0;0;0
3434.63;79999913;442171;460312;0;0;10062;0;0;0;0;0;0;0;0;0;0
3436.63;79999913;440545;458440;0;0;10318;0;0;0;0;0;0;0;0;0;0
3438.63;79999913;442651;460624;0;0;10216;0;0;0;0;0;0;0;0;0;0
3440.63;79999913;441825;458748;0;0;10056;0;0;0;0;0;0;0;0;0;0
3442.63;79999914;442390;460194;0;0;10167;0;0;0;0;0;0;0;0;0;0
3444.63;79999914;441140;458592;0;0;10243;0;0;0;0;0;0;0;0;0;0
3446.63;79999914;443872;460425;0;0;10172;0;0;0;0;0;0;0;0;0;0
3448.63;79999914;441431;458683;0;0;10106;0;0;0;0;0;0;0;0;0;0
3450.63;79999914;442605;459793;0;0;10173;0;0;0;0;0;0;0;0;0;0
3452.63;79999913;441500;458973;0;0;10120;0;0;0;0;0;0;0;0;0;0
3454.64;79999913;443647;460418;0;0;10235;0;0;0;0;0;0;0;0;0;0
3456.64;79999914;441061;458310;0;0;10255;0;0;0;0;0;0;0;0;0;0
3458.64;79999913;443188;459933;0;0;10244;0;0;0;0;0;0;0;0;0;0
3460.64;79999914;440868;458635;0;0;10087;0;0;0;0;0;0;0;0;0;0
3462.64;79999914;442975;460137;0;0;9964;0;0;0;0;0;0;0;0;0;0
3464.64;79999913;440942;458896;0;0;9951;0;0;0;0;0;0;0;0;0;0
3466.64;79999913;442564;459822;0;0;10202;0;0;0;0;0;0;0;0;0;0
3468.64;79999913;441647;458604;0;0;10090;0;0;0;0;0;0;0;0;0;0
3470.64;79999913;442674;459619;0;0;10199;0;0;0;0;0;0;0;0;0;0
3472.64;79999913;440726;458626;0;0;10083;0;0;0;0;0;0;0;0;0;0
3474.64;79999914;442576;460320;0;0;10322;0;0;0;0;0;0;0;0;0;0
3476.64;79999914;441868;458616;0;0;10200;0;0;0;0;0;0;0;0;0;0
3478.64;79999914;442692;459898;0;0;10233;0;0;0;0;0;0;0;0;0;0
3480.64;79999914;441135;458126;0;0;10260;0;0;0;0;0;0;0;0;0;0
3482.64;79999914;442278;459996;0;0;10187;0;0;0;0;0;0;0;0;0;0
3484.64;79999914;441088;458194;0;0;10095;0;0;0;0;0;0;0;0;0;0
3486.64;79999914;442131;459515;0;0;10129;0;0;0;0;0;0;0;0;0;0
3488.64;79999914;441424;458251;0;0;10196;0;0;0;0;0;0;0;0;0;0
3490.64;79999914;442462;459966;0;0;10119;0;0;0;0;0;0;0;0;0;0
3492.64;79999914;440787;456744;0;0;10060;0;0;0;0;0;0;0;0;0;0
3494.64;79999914;442041;459951;0;0;10219;0;0;0;0;0;0;0;0;0;0
3496.64;79999913;440750;458547;0;0;10166;0;0;0;0;0;0;0;0;0;0
3498.64;79999914;443169;459488;0;0;10281;0;0;0;0;0;0;0;0;0;0
3500.64;79999914;441332;458600;0;0;10279;0;0;0;0;0;0;0;0;0;0
3502.65;79999914;443281;460470;0;0;10183;0;0;0;0;0;0;0;0;0;0
3504.65;79999913;441517;458904;0;0;10089;0;0;0;0;0;0;0;0;0;0
3506.65;79999913;442537;459886;0;0;10240;0;0;0;0;0;0;0;0;0;0
3508.65;79999913;440887;458726;0;0;9923;0;0;0;0;0;0;0;0;0;0
3510.65;79999913;442405;460093;0;0;10206;0;0;0;0;0;0;0;0;0;0
3512.65;79999914;441090;458639;0;0;10113;0;0;0;0;0;0;0;0;0;0
3514.65;79999913;442968;459781;0;0;10165;0;0;0;0;0;0;0;0;0;0
3516.65;79999913;441438;457767;0;0;10084;0;0;0;0;0;0;0;0;0;0
3518.65;79999913;441790;460074;0;0;10223;0;0;0;0;0;0;0;0;0;0
3520.65;79999913;441556;458248;0;0;10160;0;0;0;0;0;0;0;0;0;0
3522.65;79999914;442029;458149;0;0;9961;0;0;0;0;0;0;0;0;0;0
3524.65;79999913;441183;459031;0;0;10232;0;0;0;0;0;0;0;0;0;0
3526.65;79999913;441378;458104;0;0;10153;0;0;0;0;0;0;0;0;0;0
3528.65;79999913;439294;456272;0;0;10223;0;0;0;0;0;0;0;0;0;0
3530.65;79999913;440675;457753;0;0;10113;0;0;0;0;0;0;0;0;0;0
3532.65;79999914;438847;455710;0;0;10058;0;0;0;0;0;0;0;0;0;0
3534.65;79999914;439997;457063;0;0;10151;0;0;0;0;0;0;0;0;0;0
3536.65;79999914;439795;456550;0;0;10007;0;0;0;0;0;0;0;0;0;0
3538.65;79999914;439537;456232;0;0;10226;0;0;0;0;0;0;0;0;0;0
3540.65;79999914;440081;456646;0;0;10281;0;0;0;0;0;0;0;0;0;0
3542.65;79999913;439020;456579;0;0;10351;0;0;0;0;0;0;0;0;0;0
3544.65;79999913;439847;456029;0;0;10135;0;0;0;0;0;0;0;0;0;0
3546.65;79999913;439538;456688;0;0;10204;0;0;0;0;0;0;0;0;0;0
3548.65;79999913;439549;456281;0;0;10116;0;0;0;0;0;0;0;0;0;0
3550.65;79999913;438922;456629;0;0;9949;0;0;0;0;0;0;0;0;0;0
3552.65;79999913;439000;456430;0;0;10187;0;0;0;0;0;0;0;0;0;0
3554.65;79999913;438893;455707;0;0;10087;0;0;0;0;0;0;0;0;0;0
3556.65;79999914;439471;456542;0;0;10205;0;0;0;0;0;0;0;0;0;0
3558.65;79999914;439529;456010;0;0;10069;0;0;0;0;0;0;0;0;0;0
3560.65;79999913;440334;456708;0;0;10026;0;0;0;0;0;0;0;0;0;0
3562.65;79999914;439556;456433;0;0;10185;0;0;0;0;0;0;0;0;0;0
3564.66;79999913;440358;456642;0;0;10119;0;0;0;0;0;0;0;0;0;0
3566.66;79999913;439145;455864;0;0;10269;0;0;0;0;0;0;0;0;0;0
3568.66;79999914;439714;456411;0;0;10113;0;0;0;0;0;0;0;0;0;0
3570.66;79999914;437661;455501;0;0;9975;0;0;0;0;0;0;0;0;0;0
3572.66;79999913;440583;456900;0;0;10037;0;0;0;0;0;0;0;0;0;0
3574.66;79999913;438072;455192;0;0;10102;0;0;0;0;0;0;0;0;0;0
3576.66;79999913;440179;457096;0;0;10149;0;0;0;0;0;0;0;0;0;0
3578.66;79999914;438272;454865;0;0;10248;0;0;0;0;0;0;0;0;0;0
3580.66;79999913;440782;457326;0;0;10133;0;0;0;0;0;0;0;0;0;0
3582.66;79999914;437748;455221;0;0;10093;0;0;0;0;0;0;0;0;0;0
3584.66;79999914;439999;457404;0;0;10206;0;0;0;0;0;0;0;0;0;0
3586.66;79999913;439074;455351;0;0;10120;0;0;0;0;0;0;0;0;0;0
3588.66;79999913;442147;458556;0;0;10218;0;0;0;0;0;0;0;0;0;0
3590.66;79999913;440051;457120;0;0;10200;0;0;0;0;0;0;0;0;0;0
3592.66;79999913;442544;459004;0;0;10071;0;0;0;0;0;0;0;0;0;0
3594.66;79999913;440605;456962;0;0;10209;0;0;0;0;0;0;0;0;0;0
3596.66;79999914;442558;458353;0;0;10445;0;0;0;0;0;0;0;0;0;0
3598.66;79999914;440404;457147;0;0;10026;0;0;0;0;0;0;0;0;0;0
3600.66;79999913;440821;459677;0;0;10164;0;0;0;0;0;0;0;0;0;0
3602.66;79999913;441235;457893;0;0;10090;0;0;0;0;0;0;0;0;0;0
3604.66;79999914;442607;459223;0;0;10184;0;0;0;0;0;0;0;0;0;0
3606.66;79999913;440592;457544;0;0;10027;0;0;0;0;0;0;0;0;0;0
3608.66;79999913;442758;460107;0;0;10114;0;0;0;0;0;0;0;0;0;0
3610.66;79999914;440591;458257;0;0;9943;0;0;0;0;0;0;0;0;0;0
3612.66;79999913;441603;459088;0;0;10188;0;0;0;0;0;0;0;0;0;0
3614.66;79999913;439846;457489;0;0;10086;0;0;0;0;0;0;0;0;0;0
3616.66;79999913;442009;459085;0;0;10001;0;0;0;0;0;0;0;0;0;0
3618.66;79999913;439784;458041;0;0;10093;0;0;0;0;0;0;0;0;0;0
3620.66;79999914;441758;458778;0;0;10081;0;0;0;0;0;0;0;0;0;0
3622.67;79999913;440261;457302;0;0;10224;0;0;0;0;0;0;0;0;0;0
3624.67;79999913;442092;459132;0;0;9977;0;0;0;0;0;0;0;0;0;0
3626.67;79999913;440138;458609;0;0;10173;0;0;0;0;0;0;0;0;0;0
3628.67;79999913;442867;459580;0;0;10219;0;0;0;0;0;0;0;0;0;0
3630.67;79999914;440727;457710;0;0;10138;0;0;0;0;0;0;0;0;0;0
3632.67;79999914;442128;459544;0;0;10226;0;0;0;0;0;0;0;0;0;0
3634.67;79999913;439642;456294;0;0;10153;0;0;0;0;0;0;0;0;0;0
3636.67;79999914;442320;458779;0;0;10121;0;0;0;0;0;0;0;0;0;0
3638.67;79999914;440361;457100;0;0;9873;0;0;0;0;0;0;0;0;0;0
3640.67;79999914;442347;459005;0;0;10162;0;0;0;0;0;0;0;0;0;0
3642.67;79999913;440000;458138;0;0;10215;0;0;0;0;0;0;0;0;0;0
3644.67;79999914;441815;460155;0;0;10217;0;0;0;0;0;0;0;0;0;0
3646.67;79999914;439285;457503;0;0;10160;0;0;0;0;0;0;0;0;0;0
3648.67;79999914;441176;459918;0;0;10062;0;0;0;0;0;0;0;0;0;0
3650.67;79999914;439493;456892;0;0;10310;0;0;0;0;0;0;0;0;0;0
3652.67;79999913;442301;458973;0;0;10253;0;0;0;0;0;0;0;0;0;0
3654.67;79999913;439700;457086;0;0;10197;0;0;0;0;0;0;0;0;0;0
3656.67;79999913;441785;459611;0;0;10129;0;0;0;0;0;0;0;0;0;0
3658.67;79999913;440127;457483;0;0;9988;0;0;0;0;0;0;0;0;0;0
3660.67;79999913;441491;459724;0;0;10080;0;0;0;0;0;0;0;0;0;0
3662.67;79999913;438762;457616;0;0;9992;0;0;0;0;0;0;0;0;0;0
3664.67;79999914;440552;458550;0;0;10246;0;0;0;0;0;0;0;0;0;0
3666.67;79999914;439735;458021;0;0;9956;0;0;0;0;0;0;0;0;0;0
3668.67;79999914;441089;459431;0;0;10175;0;0;0;0;0;0;0;0;0;0
3670.67;79999914;440351;457764;0;0;10336;0;0;0;0;0;0;0;0;0;0
3672.67;79999914;442269;459266;0;0;10196;0;0;0;0;0;0;0;0;0;0
3674.67;79999913;439803;458173;0;0;10035;0;0;0;0;0;0;0;0;0;0
3676.67;79999913;441993;459465;0;0;10215;0;0;0;0;0;0;0;0;0;0
3678.68;79999913;440109;457690;0;0;10174;0;0;0;0;0;0;0;0;0;0
3680.68;79999913;441539;459038;0;0;10286;0;0;0;0;0;0;0;0;0;0
3682.68;79999913;439682;457272;0;0;9994;0;0;0;0;0;0;0;0;0;0
3684.68;79999914;441089;458586;0;0;10342;0;0;0;0;0;0;0;0;0;0
3686.68;79999913;439461;457559;0;0;10227;0;0;0;0;0;0;0;0;0;0
3688.68;79999913;441965;458815;0;0;10180;0;0;0;0;0;0;0;0;0;0
3690.68;79999914;440361;458547;0;0;10207;0;0;0;0;0;0;0;0;0;0
3692.68;79999914;441505;458949;0;0;10367;0;0;0;0;0;0;0;0;0;0
3694.68;79999914;440933;456936;0;0;10084;0;0;0;0;0;0;0;0;0;0
3696.68;79999913;441301;458653;0;0;10117;0;0;0;0;0;0;0;0;0;0
3698.68;79999914;440767;457517;0;0;10156;0;0;0;0;0;0;0;0;0;0
3700.68;79999913;441996;459841;0;0;10266;0;0;0;0;0;0;0;0;0;0
3702.68;79999914;440333;457488;0;0;10047;0;0;0;0;0;0;0;0;0;0
3704.68;79999913;441983;459104;0;0;10094;0;0;0;0;0;0;0;0;0;0
3706.68;79999913;440907;457848;0;0;10023;0;0;0;0;0;0;0;0;0;0
3708.68;79999913;441392;457740;0;0;10065;0;0;0;0;0;0;0;0;0;0
3710.68;79999913;440563;458103;0;0;10171;0;0;0;0;0;0;0;0;0;0
3712.68;79999913;441319;458597;0;0;9995;0;0;0;0;0;0;0;0;0;0
3714.68;79999914;440692;458117;0;0;10172;0;0;0;0;0;0;0;0;0;0
3716.68;79999914;440807;458393;0;0;10133;0;0;0;0;0;0;0;0;0;0
3718.68;79999913;440686;459012;0;0;9973;0;0;0;0;0;0;0;0;0;0
3720.68;79999914;441726;458215;0;0;10097;0;0;0;0;0;0;0;0;0;0
3722.68;79999913;440648;458270;0;0;10141;0;0;0;0;0;0;0;0;0;0
3724.68;79999914;441155;458401;0;0;10275;0;0;0;0;0;0;0;0;0;0
3726.69;79999914;441622;458728;0;0;10182;0;0;0;0;0;0;0;0;0;0
3728.69;79999913;441068;457696;0;0;10095;0;0;0;0;0;0;0;0;0;0
3730.69;79999913;441359;458572;0;0;10192;0;0;0;0;0;0;0;0;0;0
3732.69;79999913;441474;458279;0;0;10262;0;0;0;0;0;0;0;0;0;0
3734.69;79999914;441046;457921;0;0;10186;0;0;0;0;0;0;0;0;0;0
3736.69;79999914;440711;458962;0;0;10061;0;0;0;0;0;0;0;0;0;0
3738.69;79999914;440791;458248;0;0;10081;0;0;0;0;0;0;0;0;0;0
3740.69;79999914;440236;457820;0;0;10073;0;0;0;0;0;0;0;0;0;0
3742.69;79999914;441496;458005;0;0;10221;0;0;0;0;0;0;0;0;0;0
3744.69;79999914;440429;457532;0;0;10148;0;0;0;0;0;0;0;0;0;0
3746.69;79999914;441701;457825;0;0;10418;0;0;0;0;0;0;0;0;0;0
3748.69;79999914;439858;458068;0;0;9989;0;0;0;0;0;0;0;0;0;0
3750.69;79999913;441373;458183;0;0;10136;0;0;0;0;0;0;0;0;0;0
3752.69;79999914;440490;457670;0;0;10129;0;0;0;0;0;0;0;0;0;0
3754.69;79999913;439983;458888;0;0;10068;0;0;0;0;0;0;0;0;0;0
3756.69;79999913;439904;457077;0;0;10333;0;0;0;0;0;0;0;0;0;0
3758.69;79999913;441768;458384;0;0;10285;0;0;0;0;0;0;0;0;0;0
3760.69;79999913;440078;457234;0;0;10175;0;0;0;0;0;0;0;0;0;0
3762.69;79999914;440936;458195;0;0;10391;0;0;0;0;0;0;0;0;0;0
3764.69;79999914;440100;457297;0;0;10177;0;0;0;0;0;0;0;0;0;0
3766.69;79999914;441040;459015;0;0;10174;0;0;0;0;0;0;0;0;0;0
3768.69;79999914;440074;457103;0;0;10046;0;0;0;0;0;0;0;0;0;0
3770.69;79999913;442786;459123;0;0;10342;0;0;0;0;0;0;0;0;0;0
3772.69;79999913;441875;459254;0;0;10225;0;0;0;0;0;0;0;0;0;0
3774.69;79999913;442867;459692;0;0;10258;0;0;0;0;0;0;0;0;0;0
3776.69;79999913;440967;458348;0;0;10083;0;0;0;0;0;0;0;0;0;0
3778.69;79999913;443179;459570;0;0;10166;0;0;0;0;0;0;0;0;0;0
3780.69;79999913;440830;458138;0;0;10247;0;0;0;0;0;0;0;0;0;0
3782.69;79999913;442269;460093;0;0;10250;0;0;0;0;0;0;0;0;0;0
3784.69;79999913;440931;458957;0;0;10229;0;0;0;0;0;0;0;0;0;0
3786.70;79999914;442115;460206;0;0;10214;0;0;0;0;0;0;0;0;0;0
3788.70;79999913;441534;458842;0;0;10195;0;0;0;0;0;0;0;0;0;0
3790.70;79999914;442037;458892;0;0;10189;0;0;0;0;0;0;0;0;0;0
3792.70;79999914;440722;458468;0;0;10154;0;0;0;0;0;0;0;0;0;0
3794.70;79999914;442489;459939;0;0;10223;0;0;0;0;0;0;0;0;0;0
3796.70;79999913;441373;459094;0;0;10140;0;0;0;0;0;0;0;0;0;0
3798.70;79999913;443238;459569;0;0;10214;0;0;0;0;0;0;0;0;0;0
3800.70;79999914;441040;459159;0;0;10164;0;0;0;0;0;0;0;0;0;0
3802.70;79999914;442598;459799;0;0;10041;0;0;0;0;0;0;0;0;0;0
3804.70;79999913;441572;459405;0;0;10057;0;0;0;0;0;0;0;0;0;0
3806.70;79999913;442503;460200;0;0;10075;0;0;0;0;0;0;0;0;0;0
3808.70;79999914;441686;457608;0;0;10301;0;0;0;0;0;0;0;0;0;0
3810.70;79999913;442534;459808;0;0;10364;0;0;0;0;0;0;0;0;0;0
3812.70;79999914;441624;459261;0;0;10089;0;0;0;0;0;0;0;0;0;0
3814.70;79999913;442601;459136;0;0;10175;0;0;0;0;0;0;0;0;0;0
3816.70;79999913;441357;458180;0;0;10110;0;0;0;0;0;0;0;0;0;0
3818.70;79999914;442692;459411;0;0;10220;0;0;0;0;0;0;0;0;0;0
3820.70;79999914;441103;458255;0;0;10168;0;0;0;0;0;0;0;0;0;0
3822.70;79999913;442705;459200;0;0;10255;0;0;0;0;0;0;0;0;0;0
3824.70;79999913;441299;457942;0;0;10335;0;0;0;0;0;0;0;0;0;0
3826.70;79999914;442818;459326;0;0;10248;0;0;0;0;0;0;0;0;0;0
3828.70;79999914;441736;458448;0;0;10088;0;0;0;0;0;0;0;0;0;0
3830.71;79999913;441372;457858;0;0;10220;0;0;0;0;0;0;0;0;0;0
3832.71;79999914;439243;456648;0;0;10226;0;0;0;0;0;0;0;0;0;0
3834.71;79999913;441454;458828;0;0;10056;0;0;0;0;0;0;0;0;0;0
3836.71;79999914;439730;457028;0;0;10076;0;0;0;0;0;0;0;0;0;0
3838.71;79999914;441516;458237;0;0;10368;0;0;0;0;0;0;0;0;0;0
3840.71;79999914;440392;456244;0;0;10021;0;0;0;0;0;0;0;0;0;0
3842.71;79999913;440985;458427;0;0;9990;0;0;0;0;0;0;0;0;0;0
3844.71;79999913;440088;456391;0;0;10064;0;0;0;0;0;0;0;0;0;0
3846.71;79999913;441492;457855;0;0;10144;0;0;0;0;0;0;0;0;0;0
3848.71;79999913;439634;456672;0;0;10204;0;0;0;0;0;0;0;0;0;0
3850.71;79999913;441328;457760;0;0;10247;0;0;0;0;0;0;0;0;0;0
3852.71;79999913;439195;455774;0;0;10112;0;0;0;0;0;0;0;0;0;0
3854.71;79999913;441813;457734;0;0;9997;0;0;0;0;0;0;0;0;0;0
3856.71;79999913;439844;456459;0;0;10095;0;0;0;0;0;0;0;0;0;0
3858.71;79999914;441024;457879;0;0;10103;0;0;0;0;0;0;0;0;0;0
3860.71;79999914;439224;456278;0;0;10314;0;0;0;0;0;0;0;0;0;0
3862.71;79999913;441060;457172;0;0;10194;0;0;0;0;0;0;0;0;0;0
3864.71;79999913;440403;456397;0;0;10157;0;0;0;0;0;0;0;0;0;0
3866.71;79999913;441210;457570;0;0;10167;0;0;0;0;0;0;0;0;0;0
3868.71;79999914;440539;456645;0;0;10153;0;0;0;0;0;0;0;0;0;0
3870.71;79999914;442141;458327;0;0;10133;0;0;0;0;0;0;0;0;0;0
3872.71;79999913;439441;457028;0;0;10066;0;0;0;0;0;0;0;0;0;0
3874.72;79999914;441618;458195;0;0;10134;0;0;0;0;0;0;0;0;0;0
3876.72;79999914;439458;457375;0;0;10070;0;0;0;0;0;0;0;0;0;0
3878.72;79999914;440577;458469;0;0;9934;0;0;0;0;0;0;0;0;0;0
3880.72;79999914;439768;457650;0;0;10166;0;0;0;0;0;0;0;0;0;0
3882.72;79999914;441190;458311;0;0;10144;0;0;0;0;0;0;0;0;0;0
3884.72;79999914;439514;457630;0;0;10186;0;0;0;0;0;0;0;0;0;0
3886.72;79999913;441342;457978;0;0;10108;0;0;0;0;0;0;0;0;0;0
3888.72;79999913;440116;456518;0;0;10108;0;0;0;0;0;0;0;0;0;0
3890.72;79999913;440798;456514;0;0;10362;0;0;0;0;0;0;0;0;0;0
3892.72;79999913;438878;455497;0;0;10232;0;0;0;0;0;0;0;0;0;0
3894.72;79999913;438584;455654;0;0;10266;0;0;0;0;0;0;0;0;0;0
3896.72;79999914;437705;455368;0;0;10199;0;0;0;0;0;0;0;0;0;0
3898.72;79999914;437969;455238;0;0;10089;0;0;0;0;0;0;0;0;0;0
3900.72;79999913;437502;454187;0;0;10045;0;0;0;0;0;0;0;0;0;0
3902.72;79999913;437967;455732;0;0;9994;0;0;0;0;0;0;0;0;0;0
3904.72;79999913;437023;454870;0;0;10151;0;0;0;0;0;0;0;0;0;0
3906.72;79999914;438653;455748;0;0;10139;0;0;0;0;0;0;0;0;0;0
3908.72;79999913;437511;454775;0;0;10075;0;0;0;0;0;0;0;0;0;0
3910.72;79999914;438116;454788;0;0;10141;0;0;0;0;0;0;0;0;0;0
3912.72;79999913;438318;454159;0;0;10227;0;0;0;0;0;0;0;0;0;0
3914.72;79999913;437741;455037;0;0;10135;0;0;0;0;0;0;0;0;0;0
3916.72;79999914;438807;455285;0;0;10067;0;0;0;0;0;0;0;0;0;0
3918.72;79999913;438120;454951;0;0;9857;0;0;0;0;0;0;0;0;0;0
3920.72;79999913;438374;455282;0;0;10308;0;0;0;0;0;0;0;0;0;0
3922.72;79999913;438584;455379;0;0;10070;0;0;0;0;0;0;0;0;0;0
3924.72;79999913;439472;455522;0;0;10120;0;0;0;0;0;0;0;0;0;0
3926.72;79999913;437059;454644;0;0;9866;0;0;0;0;0;0;0;0;0;0
3928.72;79999914;439428;455948;0;0;10191;0;0;0;0;0;0;0;0;0;0
3930.72;79999914;437198;453963;0;0;10055;0;0;0;0;0;0;0;0;0;0
3932.72;79999914;439249;454514;0;0;10065;0;0;0;0;0;0;0;0;0;0
3934.73;79999913;437826;455098;0;0;10058;0;0;0;0;0;0;0;0;0;0
3936.73;79999914;437945;455067;0;0;10155;0;0;0;0;0;0;0;0;0;0
3938.73;79999914;438190;453764;0;0;9994;0;0;0;0;0;0;0;0;0;0
3940.73;79999914;438328;454266;0;0;10156;0;0;0;0;0;0;0;0;0;0
3942.73;79999914;436995;453475;0;0;10108;0;0;0;0;0;0;0;0;0;0
3944.73;79999913;438715;456184;0;0;10280;0;0;0;0;0;0;0;0;0;0
3946.73;79999913;437397;454074;0;0;9985;0;0;0;0;0;0;0;0;0;0
3948.73;79999913;438831;455091;0;0;10137;0;0;0;0;0;0;0;0;0;0
3950.73;79999913;436874;453966;0;0;10051;0;0;0;0;0;0;0;0;0;0
3952.73;79999914;439962;457732;0;0;10051;0;0;0;0;0;0;0;0;0;0
3954.73;79999913;439371;456620;0;0;10240;0;0;0;0;0;0;0;0;0;0
3956.73;79999913;440911;457667;0;0;10085;0;0;0;0;0;0;0;0;0;0
3958.73;79999913;439660;455778;0;0;10196;0;0;0;0;0;0;0;0;0;0
3960.73;79999913;441413;457766;0;0;10057;0;0;0;0;0;0;0;0;0;0
3962.73;79999913;440241;457188;0;0;10288;0;0;0;0;0;0;0;0;0;0
3964.73;79999913;440443;457607;0;0;10090;0;0;0;0;0;0;0;0;0;0
3966.73;79999914;438743;456876;0;0;10171;0;0;0;0;0;0;0;0;0;0
3968.73;79999913;441068;457398;0;0;10226;0;0;0;0;0;0;0;0;0;0
3970.73;79999913;439001;456488;0;0;10269;0;0;0;0;0;0;0;0;0;0
3972.73;79999913;441680;457533;0;0;10086;0;0;0;0;0;0;0;0;0;0
3974.73;79999913;439300;456571;0;0;9992;0;0;0;0;0;0;0;0;0;0
3976.73;79999913;441520;458317;0;0;10181;0;0;0;0;0;0;0;0;0;0
3978.73;79999913;439335;456766;0;0;10018;0;0;0;0;0;0;0;0;0;0
3980.73;79999913;441321;458362;0;0;10195;0;0;0;0;0;0;0;0;0;0
3982.73;79999913;438625;456264;0;0;10300;0;0;0;0;0;0;0;0;0;0
3984.73;79999913;440692;458368;0;0;10096;0;0;0;0;0;0;0;0;0;0
3986.73;79999913;438915;455450;0;0;10009;0;0;0;0;0;0;0;0;0;0
3988.73;79999913;441802;457590;0;0;9970;0;0;0;0;0;0;0;0;0;0
3990.73;79999913;440075;456265;0;0;10082;0;0;0;0;0;0;0;0;0;0
3992.74;79999914;441292;458017;0;0;10022;0;0;0;0;0;0;0;0;0;0
3994.74;79999913;439416;456060;0;0;10039;0;0;0;0;0;0;0;0;0;0
3996.74;79999913;440063;456671;0;0;10170;0;0;0;0;0;0;0;0;0;0
3998.74;79999914;439409;455587;0;0;10089;0;0;0;0;0;0;0;0;0;0
4000.74;79999913;440748;458598;0;0;10278;0;0;0;0;0;0;0;0;0;0
4002.74;79999913;438890;456676;0;0;10110;0;0;0;0;0;0;0;0;0;0
4004.74;79999914;440939;457890;0;0;10344;0;0;0;0;0;0;0;0;0;0
4006.74;79999913;439376;456342;0;0;10239;0;0;0;0;0;0;0;0;0;0
4008.74;79999914;440401;457590;0;0;10010;0;0;0;0;0;0;0;0;0;0
4010.74;79999913;439241;456551;0;0;10165;0;0;0;0;0;0;0;0;0;0
4012.74;79999913;441259;458168;0;0;10157;0;0;0;0;0;0;0;0;0;0
4014.74;79999913;439453;456077;0;0;10171;0;0;0;0;0;0;0;0;0;0
4016.74;79999913;440901;458115;0;0;10003;0;0;0;0;0;0;0;0;0;0
4018.74;79999914;439845;455735;0;0;10168;0;0;0;0;0;0;0;0;0;0
4020.74;79999914;441605;457679;0;0;10166;0;0;0;0;0;0;0;0;0;0
4022.74;79999914;438787;456475;0;0;10179;0;0;0;0;0;0;0;0;0;0
4024.74;79999913;441616;458496;0;0;10208;0;0;0;0;0;0;0;0;0;0
4026.74;79999913;439086;455523;0;0;10129;0;0;0;0;0;0;0;0;0;0
4028.74;79999913;440675;457810;0;0;10142;0;0;0;0;0;0;0;0;0;0
4030.74;79999913;440221;455712;0;0;10087;0;0;0;0;0;0;0;0;0;0
4032.74;79999913;441535;457278;0;0;10330;0;0;0;0;0;0;0;0;0;0
4034.74;79999913;440438;456126;0;0;10419;0;0;0;0;0;0;0;0;0;0
4036.74;79999913;441731;458286;0;0;10226;0;0;0;0;0;0;0;0;0;0
4038.74;79999913;440216;456642;0;0;10358;0;0;0;0;0;0;0;0;0;0
4040.74;79999913;442061;457489;0;0;10252;0;0;0;0;0;0;0;0;0;0
4042.74;79999913;440086;456128;0;0;10153;0;0;0;0;0;0;0;0;0;0
4044.74;79999913;442242;458590;0;0;10273;0;0;0;0;0;0;0;0;0;0
4046.74;79999914;439334;456464;0;0;10159;0;0;0;0;0;0;0;0;0;0
4048.75;79999913;441718;458645;0;0;10104;0;0;0;0;0;0;0;0;0;0
4050.75;79999914;439882;455997;0;0;10081;0;0;0;0;0;0;0;0;0;0
4052.75;79999913;441464;457902;0;0;10193;0;0;0;0;0;0;0;0;0;0
4054.75;79999914;439495;456521;0;0;10162;0;0;0;0;0;0;0;0;0;0
4056.75;79999914;441231;458591;0;0;10304;0;0;0;0;0;0;0;0;0;0
4058.75;79999914;439890;456605;0;0;10190;0;0;0;0;0;0;0;0;0;0
4060.75;79999914;442071;458038;0;0;10083;0;0;0;0;0;0;0;0;0;0
4062.75;79999913;440284;456071;0;0;10155;0;0;0;0;0;0;0;0;0;0
4064.75;79999914;442144;458099;0;0;10142;0;0;0;0;0;0;0;0;0;0
4066.75;79999914;440728;457262;0;0;10151;0;0;0;0;0;0;0;0;0;0
4068.75;79999913;441618;457384;0;0;10168;0;0;0;0;0;0;0;0;0;0
4070.75;79999914;440764;456967;0;0;10151;0;0;0;0;0;0;0;0;0;0
4072.75;79999913;441624;457789;0;0;10340;0;0;0;0;0;0;0;0;0;0
4074.75;79999914;440351;456659;0;0;10149;0;0;0;0;0;0;0;0;0;0
4076.75;79999914;441820;457837;0;0;10331;0;0;0;0;0;0;0;0;0;0
4078.75;79999913;440866;457213;0;0;10261;0;0;0;0;0;0;0;0;0;0
4080.75;79999913;441601;457010;0;0;10164;0;0;0;0;0;0;0;0;0;0
4082.75;79999913;441006;456802;0;0;10245;0;0;0;0;0;0;0;0;0;0
4084.75;79999913;441162;457864;0;0;10280;0;0;0;0;0;0;0;0;0;0
4086.75;79999913;440671;457845;0;0;10075;0;0;0;0;0;0;0;0;0;0
4088.75;79999913;441522;457987;0;0;10129;0;0;0;0;0;0;0;0;0;0
4090.75;79999914;440617;457452;0;0;10120;0;0;0;0;0;0;0;0;0;0
4092.75;79999914;441474;457265;0;0;10090;0;0;0;0;0;0;0;0;0;0
4094.75;79999913;439897;456796;0;0;10161;0;0;0;0;0;0;0;0;0;0
4096.76;79999913;440109;457516;0;0;10342;0;0;0;0;0;0;0;0;0;0
4098.76;79999914;440295;457097;0;0;10271;0;0;0;0;0;0;0;0;0;0
4100.76;79999913;440535;457174;0;0;10366;0;0;0;0;0;0;0;0;0;0
4102.76;79999913;440959;457755;0;0;10155;0;0;0;0;0;0;0;0;0;0
4104.76;79999913;440702;457712;0;0;10086;0;0;0;0;0;0;0;0;0;0
4106.76;79999913;440759;457326;0;0;10063;0;0;0;0;0;0;0;0;0;0
4108.76;79999913;440668;457549;0;0;10038;0;0;0;0;0;0;0;0;0;0
4110.76;79999913;440162;457091;0;0;10118;0;0;0;0;0;0;0;0;0;0
4112.76;79999914;440262;456589;0;0;10029;0;0;0;0;0;0;0;0;0;0
4114.76;79999913;440747;457455;0;0;10176;0;0;0;0;0;0;0;0;0;0
4116.76;79999913;440163;456955;0;0;10406;0;0;0;0;0;0;0;0;0;0
4118.76;79999914;440906;458006;0;0;10245;0;0;0;0;0;0;0;0;0;0
4120.76;79999913;441072;456491;0;0;10101;0;0;0;0;0;0;0;0;0;0
4122.76;79999913;441105;457345;0;0;10015;0;0;0;0;0;0;0;0;0;0
4124.76;79999913;440856;456768;0;0;10200;0;0;0;0;0;0;0;0;0;0
4126.76;79999913;440829;457921;0;0;10164;0;0;0;0;0;0;0;0;0;0
4128.76;79999914;441127;456895;0;0;10284;0;0;0;0;0;0;0;0;0;0
4130.76;79999913;441298;457756;0;0;10113;0;0;0;0;0;0;0;0;0;0
4132.76;79999913;439383;456155;0;0;10314;0;0;0;0;0;0;0;0;0;0
4134.76;79999913;438790;455378;0;0;10202;0;0;0;0;0;0;0;0;0;0
4136.76;79999914;437915;454766;0;0;10076;0;0;0;0;0;0;0;0;0;0
4138.76;79999913;438673;455590;0;0;10199;0;0;0;0;0;0;0;0;0;0
4140.76;79999913;438167;454480;0;0;10213;0;0;0;0;0;0;0;0;0;0
4142.76;79999914;438295;455380;0;0;10168;0;0;0;0;0;0;0;0;0;0
4144.76;79999914;437833;455218;0;0;10207;0;0;0;0;0;0;0;0;0;0
4146.76;79999913;438818;455531;0;0;10222;0;0;0;0;0;0;0;0;0;0
4148.77;79999913;436985;453723;0;0;10067;0;0;0;0;0;0;0;0;0;0
4150.77;79999913;438973;454706;0;0;9977;0;0;0;0;0;0;0;0;0;0
4152.77;79999913;438113;453766;0;0;9958;0;0;0;0;0;0;0;0;0;0
4154.77;79999913;439452;455905;0;0;10322;0;0;0;0;0;0;0;0;0;0
4156.77;79999913;437244;454071;0;0;10023;0;0;0;0;0;0;0;0;0;0
4158.77;79999914;439077;456813;0;0;10068;0;0;0;0;0;0;0;0;0;0
4160.77;79999914;437055;453853;0;0;9955;0;0;0;0;0;0;0;0;0;0
4162.77;79999914;439705;456330;0;0;10031;0;0;0;0;0;0;0;0;0;0
4164.77;79999914;437498;454764;0;0;10246;0;0;0;0;0;0;0;0;0;0
4166.77;79999914;440449;456265;0;0;10271;0;0;0;0;0;0;0;0;0;0
4168.77;79999914;437289;453791;0;0;10230;0;0;0;0;0;0;0;0;0;0
4170.77;79999914;439872;455879;0;0;10215;0;0;0;0;0;0;0;0;0;0
4172.77;79999914;437025;454429;0;0;10144;0;0;0;0;0;0;0;0;0;0
4174.77;79999914;439126;455809;0;0;9909;0;0;0;0;0;0;0;0;0;0
4176.77;79999914;436901;453922;0;0;10068;0;0;0;0;0;0;0;0;0;0
4178.77;79999913;439269;456358;0;0;10137;0;0;0;0;0;0;0;0;0;0
4180.77;79999914;436375;453858;0;0;10147;0;0;0;0;0;0;0;0;0;0
4182.77;79999913;438506;456149;0;0;10134;0;0;0;0;0;0;0;0;0;0
4184.78;79999913;436618;453490;0;0;10119;0;0;0;0;0;0;0;0;0;0
4186.78;79999913;438566;456220;0;0;10167;0;0;0;0;0;0;0;0;0;0
4188.78;79999913;437035;453826;0;0;9956;0;0;0;0;0;0;0;0;0;0
4190.78;79999914;438580;455705;0;0;9999;0;0;0;0;0;0;0;0;0;0
4192.78;79999913;436747;454285;0;0;9981;0;0;0;0;0;0;0;0;0;0
4194.78;79999913;440579;457876;0;0;10157;0;0;0;0;0;0;0;0;0;0
4196.78;79999914;438932;456353;0;0;10021;0;0;0;0;0;0;0;0;0;0
4198.78;79999914;441022;457586;0;0;10081;0;0;0;0;0;0;0;0;0;0
4200.78;79999914;438295;455681;0;0;10242;0;0;0;0;0;0;0;0;0;0
4202.78;79999914;439894;457017;0;0;10121;0;0;0;0;0;0;0;0;0;0
4204.78;79999914;438395;455835;0;0;9982;0;0;0;0;0;0;0;0;0;0
4206.78;79999914;440168;457331;0;0;10092;0;0;0;0;0;0;0;0;0;0
4208.78;79999914;438616;455386;0;0;9933;0;0;0;0;0;0;0;0;0;0
4210.78;79999914;440444;457205;0;0;10152;0;0;0;0;0;0;0;0;0;0
4212.78;79999914;437577;455454;0;0;10054;0;0;0;0;0;0;0;0;0;0
4214.78;79999914;439646;457540;0;0;10350;0;0;0;0;0;0;0;0;0;0
4216.78;79999913;438241;456575;0;0;10112;0;0;0;0;0;0;0;0;0;0
4218.78;79999913;439471;456802;0;0;9970;0;0;0;0;0;0;0;0;0;0
4220.78;79999913;437863;455215;0;0;10091;0;0;0;0;0;0;0;0;0;0
4222.78;79999913;440052;457215;0;0;10145;0;0;0;0;0;0;0;0;0;0
4224.78;79999914;438261;455058;0;0;10021;0;0;0;0;0;0;0;0;0;0
4226.78;79999914;439368;457150;0;0;10146;0;0;0;0;0;0;0;0;0;0
4228.78;79999914;437802;455773;0;0;9945;0;0;0;0;0;0;0;0;0;0
4230.78;79999914;440133;456598;0;0;10187;0;0;0;0;0;0;0;0;0;0
4232.78;79999914;437263;455512;0;0;10085;0;0;0;0;0;0;0;0;0;0
4234.78;79999914;439777;457757;0;0;10111;0;0;0;0;0;0;0;0;0;0
4236.78;79999913;438225;455496;0;0;10026;0;0;0;0;0;0;0;0;0;0
4238.78;79999914;438852;457774;0;0;10242;0;0;0;0;0;0;0;0;0;0
4240.78;79999913;437801;454320;0;0;10121;0;0;0;0;0;0;0;0;0;0
4242.78;79999914;439696;456829;0;0;10161;0;0;0;0;0;0;0;0;0;0
4244.78;79999914;437413;455676;0;0;10119;0;0;0;0;0;0;0;0;0;0
4246.79;79999913;439545;457148;0;0;10053;0;0;0;0;0;0;0;0;0;0
4248.79;79999913;437842;454856;0;0;10035;0;0;0;0;0;0;0;0;0;0
4250.79;79999914;439991;457366;0;0;10120;0;0;0;0;0;0;0;0;0;0
4252.79;79999913;437634;456420;0;0;9967;0;0;0;0;0;0;0;0;0;0
4254.79;79999914;439656;457405;0;0;10245;0;0;0;0;0;0;0;0;0;0
4256.79;79999914;437680;455893;0;0;10173;0;0;0;0;0;0;0;0;0;0
4258.79;79999914;439780;457244;0;0;10001;0;0;0;0;0;0;0;0;0;0
4260.79;79999914;438415;456466;0;0;10159;0;0;0;0;0;0;0;0;0;0
4262.79;79999914;440190;456378;0;0;10076;0;0;0;0;0;0;0;0;0;0
4264.79;79999914;438476;454491;0;0;9945;0;0;0;0;0;0;0;0;0;0
4266.79;79999914;439418;456242;0;0;10189;0;0;0;0;0;0;0;0;0;0
4268.79;79999913;438755;455978;0;0;10125;0;0;0;0;0;0;0;0;0;0
4270.79;79999913;438926;456528;0;0;10096;0;0;0;0;0;0;0;0;0;0
4272.79;79999914;438320;455699;0;0;10141;0;0;0;0;0;0;0;0;0;0
4274.79;79999914;438695;456362;0;0;10330;0;0;0;0;0;0;0;0;0;0
4276.79;79999914;437889;455424;0;0;10100;0;0;0;0;0;0;0;0;0;0
4278.79;79999914;439770;455810;0;0;10069;0;0;0;0;0;0;0;0;0;0
4280.79;79999914;438366;455290;0;0;10201;0;0;0;0;0;0;0;0;0;0
4282.79;79999914;438585;456893;0;0;10342;0;0;0;0;0;0;0;0;0;0
4284.79;79999914;438822;456071;0;0;10110;0;0;0;0;0;0;0;0;0;0
4286.79;79999913;438729;456200;0;0;10108;0;0;0;0;0;0;0;0;0;0
4288.79;79999913;438322;455900;0;0;10178;0;0;0;0;0;0;0;0;0;0
4290.79;79999913;438398;456642;0;0;10018;0;0;0;0;0;0;0;0;0;0
4292.79;79999914;438229;456172;0;0;10161;0;0;0;0;0;0;0;0;0;0
4294.79;79999914;437253;455298;0;0;10219;0;0;0;0;0;0;0;0;0;0
4296.79;79999913;438388;455293;0;0;10273;0;0;0;0;0;0;0;0;0;0
4298.79;79999914;438215;455564;0;0;10192;0;0;0;0;0;0;0;0;0;0
4300.79;79999913;437668;455931;0;0;10057;0;0;0;0;0;0;0;0;0;0
4302.79;79999913;437476;455355;0;0;9988;0;0;0;0;0;0;0;0;0;0
4304.79;79999914;437731;454911;0;0;10076;0;0;0;0;0;0;0;0;0;0
4306.80;79999914;437977;454527;0;0;10067;0;0;0;0;0;0;0;0;0;0
4308.80;79999913;438125;455420;0;0;10151;0;0;0;0;0;0;0;0;0;0
4310.80;79999913;438132;455401;0;0;9937;0;0;0;0;0;0;0;0;0;0
4312.80;79999913;436753;455429;0;0;10082;0;0;0;0;0;0;0;0;0;0
4314.80;79999913;436510;455104;0;0;10048;0;0;0;0;0;0;0;0;0;0
4316.80;79999914;435720;454342;0;0;10016;0;0;0;0;0;0;0;0;0;0
4318.80;79999913;434620;453043;0;0;10035;0;0;0;0;0;0;0;0;0;0
4320.80;79999913;436282;454081;0;0;10021;0;0;0;0;0;0;0;0;0;0
4322.80;79999913;434766;452684;0;0;10050;0;0;0;0;0;0;0;0;0;0
4324.80;79999913;435827;453536;0;0;10128;0;0;0;0;0;0;0;0;0;0
4326.80;79999913;435336;452554;0;0;10214;0;0;0;0;0;0;0;0;0;0
4328.80;79999913;435639;453772;0;0;10131;0;0;0;0;0;0;0;0;0;0
4330.80;79999913;435242;453628;0;0;10051;0;0;0;0;0;0;0;0;0;0
4332.80;79999913;436373;454598;0;0;9931;0;0;0;0;0;0;0;0;0;0
4334.80;79999913;434433;452164;0;0;10088;0;0;0;0;0;0;0;0;0;0
4336.80;79999913;436791;453670;0;0;10058;0;0;0;0;0;0;0;0;0;0
4338.80;79999913;433845;452940;0;0;9935;0;0;0;0;0;0;0;0;0;0
4340.80;79999913;436470;454042;0;0;10247;0;0;0;0;0;0;0;0;0;0
4342.80;79999913;434882;452424;0;0;10050;0;0;0;0;0;0;0;0;0;0
4344.80;79999913;436475;454004;0;0;10014;0;0;0;0;0;0;0;0;0;0
4346.80;79999914;433959;452153;0;0;10008;0;0;0;0;0;0;0;0;0;0
4348.80;79999913;435743;454624;0;0;10255;0;0;0;0;0;0;0;0;0;0
4350.80;79999913;434003;451799;0;0;9990;0;0;0;0;0;0;0;0;0;0
4352.80;79999914;435926;454743;0;0;9875;0;0;0;0;0;0;0;0;0;0
4354.80;79999914;433747;451793;0;0;10023;0;0;0;0;0;0;0;0;0;0
4356.80;79999914;436550;454063;0;0;10116;0;0;0;0;0;0;0;0;0;0
4358.80;79999914;434906;452316;0;0;9970;0;0;0;0;0;0;0;0;0;0
4360.80;79999914;436219;453554;0;0;10197;0;0;0;0;0;0;0;0;0;0
4362.81;79999913;433698;451801;0;0;9943;0;0;0;0;0;0;0;0;0;0
4364.81;79999913;435888;453555;0;0;10112;0;0;0;0;0;0;0;0;0;0
4366.81;79999914;433377;451872;0;0;9939;0;0;0;0;0;0;0;0;0;0
4368.81;79999914;435635;453617;0;0;9994;0;0;0;0;0;0;0;0;0;0
4370.81;79999914;434028;451233;0;0;9995;0;0;0;0;0;0;0;0;0;0
4372.81;79999913;435601;454324;0;0;10179;0;0;0;0;0;0;0;0;0;0
4374.81;79999913;433866;451740;0;0;10014;0;0;0;0;0;0;0;0;0;0
4376.81;79999914;438561;455809;0;0;9914;0;0;0;0;0;0;0;0;0;0
4378.81;79999913;435424;454435;0;0;10113;0;0;0;0;0;0;0;0;0;0
4380.81;79999914;437606;455465;0;0;10149;0;0;0;0;0;0;0;0;0;0
4382.81;79999914;435459;453815;0;0;10072;0;0;0;0;0;0;0;0;0;0
4384.81;79999914;437957;455227;0;0;9948;0;0;0;0;0;0;0;0;0;0
4386.81;79999914;435886;453719;0;0;10167;0;0;0;0;0;0;0;0;0;0
4388.81;79999914;437013;455217;0;0;10227;0;0;0;0;0;0;0;0;0;0
4390.81;79999913;435145;453240;0;0;10046;0;0;0;0;0;0;0;0;0;0
4392.81;79999914;437450;454786;0;0;10138;0;0;0;0;0;0;0;0;0;0
4394.81;79999913;435917;453877;0;0;9944;0;0;0;0;0;0;0;0;0;0
4396.81;79999913;437022;455405;0;0;9950;0;0;0;0;0;0;0;0;0;0
4398.81;79999913;435202;453328;0;0;9853;0;0;0;0;0;0;0;0;0;0
4400.81;79999913;437587;456154;0;0;10003;0;0;0;0;0;0;0;0;0;0
4402.81;79999913;435687;454311;0;0;9936;0;0;0;0;0;0;0;0;0;0
4404.81;79999913;437607;455733;0;0;9946;0;0;0;0;0;0;0;0;0;0
4406.82;79999914;435253;454707;0;0;9838;0;0;0;0;0;0;0;0;0;0
4408.82;79999914;437848;455283;0;0;10104;0;0;0;0;0;0;0;0;0;0
4410.82;79999913;435373;453737;0;0;9982;0;0;0;0;0;0;0;0;0;0
4412.82;79999913;437487;454174;0;0;10067;0;0;0;0;0;0;0;0;0;0
4414.82;79999914;436113;453778;0;0;9792;0;0;0;0;0;0;0;0;0;0
4416.82;79999913;438284;455667;0;0;10284;0;0;0;0;0;0;0;0;0;0
4418.82;79999914;436798;453613;0;0;10187;0;0;0;0;0;0;0;0;0;0
4420.82;79999914;436968;454918;0;0;10036;0;0;0;0;0;0;0;0;0;0
4422.82;79999914;435526;453776;0;0;9957;0;0;0;0;0;0;0;0;0;0
4424.82;79999914;438277;455271;0;0;9993;0;0;0;0;0;0;0;0;0;0
4426.82;79999914;435733;453269;0;0;10111;0;0;0;0;0;0;0;0;0;0
4428.82;79999914;437373;454991;0;0;10211;0;0;0;0;0;0;0;0;0;0
4430.82;79999914;434709;453042;0;0;10072;0;0;0;0;0;0;0;0;0;0
4432.82;79999913;437185;455107;0;0;10084;0;0;0;0;0;0;0;0;0;0
4434.82;79999913;435540;452928;0;0;9997;0;0;0;0;0;0;0;0;0;0
4436.82;79999913;437900;455540;0;0;10132;0;0;0;0;0;0;0;0;0;0
4438.82;79999913;437612;455490;0;0;10208;0;0;0;0;0;0;0;0;0;0
4440.82;79999914;437662;456414;0;0;9971;0;0;0;0;0;0;0;0;0;0
4442.82;79999914;436857;454675;0;0;10062;0;0;0;0;0;0;0;0;0;0
4444.82;79999913;439099;456469;0;0;10226;0;0;0;0;0;0;0;0;0;0
4446.82;79999914;436908;454934;0;0;10110;0;0;0;0;0;0;0;0;0;0
4448.82;79999913;437562;456081;0;0;10303;0;0;0;0;0;0;0;0;0;0
4450.82;79999913;437879;455503;0;0;9975;0;0;0;0;0;0;0;0;0;0
4452.82;79999913;437224;455675;0;0;10035;0;0;0;0;0;0;0;0;0;0
4454.82;79999914;436268;454616;0;0;10090;0;0;0;0;0;0;0;0;0;0
4456.82;79999914;437337;455281;0;0;9889;0;0;0;0;0;0;0;0;0;0
4458.82;79999913;436884;455129;0;0;10260;0;0;0;0;0;0;0;0;0;0
4460.82;79999914;436973;455034;0;0;10140;0;0;0;0;0;0;0;0;0;0
4462.83;79999913;437680;454594;0;0;10110;0;0;0;0;0;0;0;0;0;0
4464.83;79999913;437893;455369;0;0;10156;0;0;0;0;0;0;0;0;0;0
4466.83;79999913;437190;455022;0;0;9970;0;0;0;0;0;0;0;0;0;0
4468.83;79999913;437075;456253;0;0;10030;0;0;0;0;0;0;0;0;0;0
4470.83;79999913;437101;455179;0;0;10135;0;0;0;0;0;0;0;0;0;0
4472.83;79999913;437570;455100;0;0;9891;0;0;0;0;0;0;0;0;0;0
4474.83;79999913;436566;455224;0;0;10008;0;0;0;0;0;0;0;0;0;0
4476.83;79999913;436758;454850;0;0;10216;0;0;0;0;0;0;0;0;0;0
4478.83;79999913;436491;453688;0;0;10059;0;0;0;0;0;0;0;0;0;0
4480.83;79999913;437217;455486;0;0;10038;0;0;0;0;0;0;0;0;0;0
4482.83;79999913;436411;455032;0;0;10086;0;0;0;0;0;0;0;0;0;0
4484.83;79999913;437132;454333;0;0;10052;0;0;0;0;0;0;0;0;0;0
4486.83;79999913;436950;454563;0;0;10085;0;0;0;0;0;0;0;0;0;0
4488.83;79999914;437113;455203;0;0;10063;0;0;0;0;0;0;0;0;0;0
4490.83;79999914;436813;455392;0;0;10080;0;0;0;0;0;0;0;0;0;0
4492.83;79999913;436622;454765;0;0;9867;0;0;0;0;0;0;0;0;0;0
4494.83;79999913;436723;455124;0;0;10238;0;0;0;0;0;0;0;0;0;0
4496.83;79999914;436579;454634;0;0;10024;0;0;0;0;0;0;0;0;0;0
4498.83;79999914;437363;454594;0;0;10116;0;0;0;0;0;0;0;0;0;0
4500.83;79999913;436656;455214;0;0;10118;0;0;0;0;0;0;0;0;0;0
4502.83;79999914;437890;455118;0;0;10169;0;0;0;0;0;0;0;0;0;0
4504.83;79999914;437310;454460;0;0;10114;0;0;0;0;0;0;0;0;0;0
4506.83;79999913;437128;454913;0;0;10098;0;0;0;0;0;0;0;0;0;0
4508.84;79999913;436593;453873;0;0;10123;0;0;0;0;0;0;0;0;0;0
4510.84;79999913;437571;454674;0;0;10200;0;0;0;0;0;0;0;0;0;0
4512.84;79999914;435929;454929;0;0;10013;0;0;0;0;0;0;0;0;0;0
4514.84;79999914;437001;454099;0;0;10036;0;0;0;0;0;0;0;0;0;0
4516.84;79999914;436392;453682;0;0;9994;0;0;0;0;0;0;0;0;0;0
4518.84;79999913;437537;454859;0;0;10058;0;0;0;0;0;0;0;0;0;0
4520.84;79999913;436794;454374;0;0;9974;0;0;0;0;0;0;0;0;0;0
4522.84;79999913;437127;454721;0;0;10215;0;0;0;0;0;0;0;0;0;0
4524.84;79999913;436735;454278;0;0;9919;0;0;0;0;0;0;0;0;0;0
4526.84;79999913;437532;455736;0;0;10086;0;0;0;0;0;0;0;0;0;0
4528.84;79999913;436556;453933;0;0;10054;0;0;0;0;0;0;0;0;0;0
4530.84;79999914;437643;455124;0;0;10108;0;0;0;0;0;0;0;0;0;0
4532.84;79999913;436926;454514;0;0;10130;0;0;0;0;0;0;0;0;0;0
4534.84;79999913;437250;455499;0;0;10147;0;0;0;0;0;0;0;0;0;0
4536.84;79999914;435645;453839;0;0;10027;0;0;0;0;0;0;0;0;0;0
4538.84;79999914;436677;454918;0;0;10095;0;0;0;0;0;0;0;0;0;0
4540.84;79999913;436351;453310;0;0;10027;0;0;0;0;0;0;0;0;0;0
4542.84;79999913;436808;454600;0;0;10177;0;0;0;0;0;0;0;0;0;0
4544.84;79999913;436563;454706;0;0;9901;0;0;0;0;0;0;0;0;0;0
4546.84;79999913;437829;455928;0;0;10129;0;0;0;0;0;0;0;0;0;0
4548.84;79999913;436161;454644;0;0;10121;0;0;0;0;0;0;0;0;0;0
4550.84;79999913;436883;454203;0;0;10097;0;0;0;0;0;0;0;0;0;0
4552.84;79999913;435579;453914;0;0;10098;0;0;0;0;0;0;0;0;0;0
4554.84;79999913;437284;455236;0;0;10094;0;0;0;0;0;0;0;0;0;0
4556.84;79999914;436640;453723;0;0;10059;0;0;0;0;0;0;0;0;0;0
4558.85;79999913;435858;454464;0;0;10183;0;0;0;0;0;0;0;0;0;0
4560.85;79999914;434057;451660;0;0;9874;0;0;0;0;0;0;0;0;0;0
4562.85;79999913;436294;454091;0;0;10071;0;0;0;0;0;0;0;0;0;0
4564.85;79999914;434363;452541;0;0;9951;0;0;0;0;0;0;0;0;0;0
4566.85;79999914;436404;454059;0;0;10011;0;0;0;0;0;0;0;0;0;0
4568.85;79999914;433693;452499;0;0;9742;0;0;0;0;0;0;0;0;0;0
4570.85;79999914;435326;454945;0;0;10035;0;0;0;0;0;0;0;0;0;0
4572.85;79999913;433994;452190;0;0;10007;0;0;0;0;0;0;0;0;0;0
4574.85;79999914;436237;454047;0;0;10034;0;0;0;0;0;0;0;0;0;0
4576.85;79999914;433612;452357;0;0;9946;0;0;0;0;0;0;0;0;0;0
4578.85;79999913;435182;453704;0;0;9969;0;0;0;0;0;0;0;0;0;0
4580.85;79999913;433498;451748;0;0;9910;0;0;0;0;0;0;0;0;0;0
4582.85;79999913;435128;453789;0;0;9936;0;0;0;0;0;0;0;0;0;0
4584.85;79999913;433537;451804;0;0;10018;0;0;0;0;0;0;0;0;0;0
4586.85;79999913;436688;453328;0;0;9958;0;0;0;0;0;0;0;0;0;0
4588.85;79999913;433182;452133;0;0;9877;0;0;0;0;0;0;0;0;0;0
4590.85;79999914;435421;453080;0;0;10099;0;0;0;0;0;0;0;0;0;0
4592.85;79999914;433265;451617;0;0;9985;0;0;0;0;0;0;0;0;0;0
4594.85;79999914;434566;453835;0;0;9850;0;0;0;0;0;0;0;0;0;0
4596.85;79999914;434024;452230;0;0;9937;0;0;0;0;0;0;0;0;0;0
4598.85;79999913;434442;453346;0;0;10028;0;0;0;0;0;0;0;0;0;0
4600.85;79999913;432496;451177;0;0;10075;0;0;0;0;0;0;0;0;0;0
4602.85;79999913;434694;453013;0;0;9962;0;0;0;0;0;0;0;0;0;0
4604.85;79999913;434347;451654;0;0;10169;0;0;0;0;0;0;0;0;0;0
4606.85;79999913;435728;453097;0;0;9848;0;0;0;0;0;0;0;0;0;0
4608.85;79999914;434202;452958;0;0;9942;0;0;0;0;0;0;0;0;0;0
4610.85;79999914;435245;454201;0;0;10107;0;0;0;0;0;0;0;0;0;0
4612.85;79999914;433251;451925;0;0;9927;0;0;0;0;0;0;0;0;0;0
4614.86;79999913;435642;453661;0;0;10027;0;0;0;0;0;0;0;0;0;0
4616.86;79999914;434238;452874;0;0;10166;0;0;0;0;0;0;0;0;0;0
4618.86;79999914;435593;454389;0;0;10053;0;0;0;0;0;0;0;0;0;0
4620.86;79999914;433309;451470;0;0;10200;0;0;0;0;0;0;0;0;0;0
4622.86;79999913;434854;454334;0;0;9945;0;0;0;0;0;0;0;0;0;0
4624.86;79999914;433084;452322;0;0;9819;0;0;0;0;0;0;0;0;0;0
4626.86;79999914;434030;453226;0;0;9846;0;0;0;0;0;0;0;0;0;0
4628.86;79999914;433336;452863;0;0;10026;0;0;0;0;0;0;0;0;0;0
4630.86;79999913;434904;453944;0;0;10205;0;0;0;0;0;0;0;0;0;0
4632.86;79999913;433875;452322;0;0;10062;0;0;0;0;0;0;0;0;0;0
4634.86;79999913;434340;453877;0;0;10107;0;0;0;0;0;0;0;0;0;0
4636.86;79999913;432557;451283;0;0;9986;0;0;0;0;0;0;0;0;0;0
4638.86;79999913;434402;452231;0;0;10065;0;0;0;0;0;0;0;0;0;0
4640.86;79999913;432907;451834;0;0;10114;0;0;0;0;0;0;0;0;0;0
4642.86;79999914;435694;454126;0;0;10076;0;0;0;0;0;0;0;0;0;0
4644.86;79999914;433809;452721;0;0;10107;0;0;0;0;0;0;0;0;0;0
4646.86;79999913;434758;453890;0;0;10003;0;0;0;0;0;0;0;0;0;0
4648.86;79999914;433340;452225;0;0;10021;0;0;0;0;0;0;0;0;0;0
4650.86;79999914;434364;453649;0;0;10180;0;0;0;0;0;0;0;0;0;0
4652.86;79999914;433809;452226;0;0;9963;0;0;0;0;0;0;0;0;0;0
4654.86;79999913;434761;453717;0;0;10074;0;0;0;0;0;0;0;0;0;0
4656.86;79999913;433938;452422;0;0;9855;0;0;0;0;0;0;0;0;0;0
4658.86;79999913;434230;452487;0;0;9970;0;0;0;0;0;0;0;0;0;0
4660.86;79999913;433752;450934;0;0;10139;0;0;0;0;0;0;0;0;0;0
4662.86;79999913;434526;452953;0;0;10079;0;0;0;0;0;0;0;0;0;0
4664.87;79999913;433864;452323;0;0;10007;0;0;0;0;0;0;0;0;0;0
4666.87;79999913;434315;453019;0;0;10102;0;0;0;0;0;0;0;0;0;0
4668.87;79999913;434004;452678;0;0;10074;0;0;0;0;0;0;0;0;0;0
4670.87;79999913;433795;452176;0;0;9960;0;0;0;0;0;0;0;0;0;0
4672.87;79999914;434027;452647;0;0;9961;0;0;0;0;0;0;0;0;0;0
4674.87;79999914;434252;452066;0;0;10085;0;0;0;0;0;0;0;0;0;0
4676.87;79999914;434652;451994;0;0;10010;0;0;0;0;0;0;0;0;0;0
4678.87;79999914;435176;454377;0;0;10016;0;0;0;0;0;0;0;0;0;0
4680.87;79999913;436162;454322;0;0;10082;0;0;0;0;0;0;0;0;0;0
4682.87;79999913;436061;453867;0;0;10101;0;0;0;0;0;0;0;0;0;0
4684.87;79999913;436548;453983;0;0;9919;0;0;0;0;0;0;0;0;0;0
4686.87;79999913;435827;453497;0;0;9933;0;0;0;0;0;0;0;0;0;0
4688.87;79999914;435781;454218;0;0;9867;0;0;0;0;0;0;0;0;0;0
4690.87;79999914;435704;454174;0;0;10031;0;0;0;0;0;0;0;0;0;0
4692.87;79999913;436852;454033;0;0;10107;0;0;0;0;0;0;0;0;0;0
4694.87;79999914;435495;453511;0;0;10095;0;0;0;0;0;0;0;0;0;0
4696.87;79999914;435988;454449;0;0;9920;0;0;0;0;0;0;0;0;0;0
4698.87;79999914;435200;453568;0;0;10002;0;0;0;0;0;0;0;0;0;0
4700.87;79999914;436283;453923;0;0;10071;0;0;0;0;0;0;0;0;0;0
4702.87;79999913;435868;454577;0;0;10155;0;0;0;0;0;0;0;0;0;0
4704.87;79999914;436420;454092;0;0;10099;0;0;0;0;0;0;0;0;0;0
4706.87;79999914;435205;453840;0;0;9986;0;0;0;0;0;0;0;0;0;0
4708.87;79999913;436247;454633;0;0;9904;0;0;0;0;0;0;0;0;0;0
4710.88;79999914;435382;454061;0;0;9843;0;0;0;0;0;0;0;0;0;0
4712.88;79999913;436243;454623;0;0;9930;0;0;0;0;0;0;0;0;0;0
4714.88;79999913;434732;452984;0;0;10061;0;0;0;0;0;0;0;0;0;0
4716.88;79999914;435812;454168;0;0;9988;0;0;0;0;0;0;0;0;0;0
4718.88;79999913;435955;453720;0;0;10216;0;0;0;0;0;0;0;0;0;0
4720.88;79999914;436495;454575;0;0;10085;0;0;0;0;0;0;0;0;0;0
4722.88;79999914;434838;453929;0;0;9882;0;0;0;0;0;0;0;0;0;0
4724.88;79999913;436344;454255;0;0;9943;0;0;0;0;0;0;0;0;0;0
4726.88;79999914;435263;453538;0;0;9983;0;0;0;0;0;0;0;0;0;0
4728.88;79999914;436573;454736;0;0;10074;0;0;0;0;0;0;0;0;0;0
4730.88;79999913;435987;453837;0;0;10008;0;0;0;0;0;0;0;0;0;0
4732.88;79999914;436633;455567;0;0;10069;0;0;0;0;0;0;0;0;0;0
4734.88;79999913;435602;454409;0;0;10044;0;0;0;0;0;0;0;0;0;0
4736.88;79999913;435764;455087;0;0;9955;0;0;0;0;0;0;0;0;0;0
4738.88;79999913;435468;453230;0;0;10119;0;0;0;0;0;0;0;0;0;0
4740.88;79999914;433949;453089;0;0;10209;0;0;0;0;0;0;0;0;0;0
4742.88;79999913;434432;452020;0;0;10041;0;0;0;0;0;0;0;0;0;0
4744.88;79999913;434111;453615;0;0;10001;0;0;0;0;0;0;0;0;0;0
4746.88;79999913;434791;452048;0;0;9958;0;0;0;0;0;0;0;0;0;0
4748.88;79999914;433339;453942;0;0;10083;0;0;0;0;0;0;0;0;0;0
4750.88;79999914;435299;453310;0;0;9932;0;0;0;0;0;0;0;0;0;0
4752.88;79999914;434188;452891;0;0;10061;0;0;0;0;0;0;0;0;0;0
4754.88;79999913;434461;453512;0;0;10043;0;0;0;0;0;0;0;0;0;0
4756.88;79999913;434538;453557;0;0;10138;0;0;0;0;0;0;0;0;0;0
4758.88;79999913;435046;453458;0;0;10108;0;0;0;0;0;0;0;0;0;0
4760.88;79999913;434880;452760;0;0;10054;0;0;0;0;0;0;0;0;0;0
4762.88;79999913;434607;452102;0;0;10091;0;0;0;0;0;0;0;0;0;0
4764.89;79999914;434437;453217;0;0;10051;0;0;0;0;0;0;0;0;0;0
4766.89;79999914;434679;452483;0;0;9948;0;0;0;0;0;0;0;0;0;0
4768.89;79999914;434189;452946;0;0;9912;0;0;0;0;0;0;0;0;0;0
4770.89;79999913;433988;452880;0;0;9982;0;0;0;0;0;0;0;0;0;0
4772.89;79999913;434045;453181;0;0;10000;0;0;0;0;0;0;0;0;0;0
4774.89;79999914;434602;451595;0;0;10071;0;0;0;0;0;0;0;0;0;0
4776.89;79999914;434576;453182;0;0;9930;0;0;0;0;0;0;0;0;0;0
4778.89;79999914;434516;451933;0;0;9850;0;0;0;0;0;0;0;0;0;0
4780.89;79999914;434918;453117;0;0;10066;0;0;0;0;0;0;0;0;0;0
4782.89;79999914;433049;452465;0;0;10021;0;0;0;0;0;0;0;0;0;0
4784.89;79999914;434442;452802;0;0;9970;0;0;0;0;0;0;0;0;0;0
4786.89;79999913;434292;451730;0;0;10038;0;0;0;0;0;0;0;0;0;0
4788.89;79999913;434230;452639;0;0;9975;0;0;0;0;0;0;0;0;0;0
4790.89;79999913;434214;452055;0;0;9917;0;0;0;0;0;0;0;0;0;0
4792.89;79999914;435108;452856;0;0;9979;0;0;0;0;0;0;0;0;0;0
4794.89;79999914;432676;451037;0;0;10042;0;0;0;0;0;0;0;0;0;0
4796.89;79999914;434343;453017;0;0;10038;0;0;0;0;0;0;0;0;0;0
4798.89;79999914;432940;451244;0;0;10161;0;0;0;0;0;0;0;0;0;0
4800.89;79999914;435117;453722;0;0;10118;0;0;0;0;0;0;0;0;0;0
4802.89;79999913;434566;453273;0;0;10008;0;0;0;0;0;0;0;0;0;0
4804.89;79999913;436140;454569;0;0;10041;0;0;0;0;0;0;0;0;0;0
4806.89;79999913;435448;452790;0;0;9830;0;0;0;0;0;0;0;0;0;0
4808.89;79999914;435519;454135;0;0;9991;0;0;0;0;0;0;0;0;0;0
4810.89;79999914;435130;452539;0;0;9764;0;0;0;0;0;0;0;0;0;0
4812.89;79999914;435907;453989;0;0;10113;0;0;0;0;0;0;0;0;0;0
4814.89;79999914;435477;453031;0;0;10121;0;0;0;0;0;0;0;0;0;0
4816.89;79999914;436302;453217;0;0;9969;0;0;0;0;0;0;0;0;0;0
4818.90;79999913;435218;453015;0;0;10089;0;0;0;0;0;0;0;0;0;0
4820.90;79999913;435734;454070;0;0;10085;0;0;0;0;0;0;0;0;0;0
4822.90;79999914;435613;453020;0;0;10060;0;0;0;0;0;0;0;0;0;0
4824.90;79999914;436808;453772;0;0;10098;0;0;0;0;0;0;0;0;0;0
4826.90;79999914;434965;453239;0;0;9952;0;0;0;0;0;0;0;0;0;0
4828.90;79999913;435976;454071;0;0;10155;0;0;0;0;0;0;0;0;0;0
4830.90;79999914;435569;452545;0;0;9831;0;0;0;0;0;0;0;0;0;0
4832.90;79999914;436456;453989;0;0;9925;0;0;0;0;0;0;0;0;0;0
4834.90;79999913;434892;452314;0;0;10039;0;0;0;0;0;0;0;0;0;0
4836.90;79999913;437251;454206;0;0;10228;0;0;0;0;0;0;0;0;0;0
4838.90;79999913;435128;453176;0;0;10073;0;0;0;0;0;0;0;0;0;0
4840.90;79999913;435497;454807;0;0;10044;0;0;0;0;0;0;0;0;0;0
4842.90;79999914;434919;452805;0;0;9949;0;0;0;0;0;0;0;0;0;0
4844.90;79999914;436610;453392;0;0;10139;0;0;0;0;0;0;0;0;0;0
4846.90;79999914;435225;453145;0;0;10122;0;0;0;0;0;0;0;0;0;0
4848.90;79999914;436002;453684;0;0;10067;0;0;0;0;0;0;0;0;0;0
4850.90;79999914;434905;453596;0;0;10124;0;0;0;0;0;0;0;0;0;0
4852.90;79999913;436672;453398;0;0;10119;0;0;0;0;0;0;0;0;0;0
4854.90;79999914;435184;452548;0;0;10075;0;0;0;0;0;0;0;0;0;0
4856.90;79999914;436506;454370;0;0;10212;0;0;0;0;0;0;0;0;0;0
4858.90;79999914;435270;452724;0;0;10260;0;0;0;0;0;0;0;0;0;0
4860.90;79999914;434595;453721;0;0;10113;0;0;0;0;0;0;0;0;0;0
4862.90;79999914;432606;451391;0;0;9908;0;0;0;0;0;0;0;0;0;0
4864.91;79999913;435206;452850;0;0;10033;0;0;0;0;0;0;0;0;0;0
4866.91;79999913;433376;451590;0;0;10061;0;0;0;0;0;0;0;0;0;0
4868.91;79999913;436085;453131;0;0;9934;0;0;0;0;0;0;0;0;0;0
4870.91;79999913;434020;451862;0;0;10240;0;0;0;0;0;0;0;0;0;0
4872.91;79999913;436712;453499;0;0;10097;0;0;0;0;0;0;0;0;0;0
4874.91;79999913;434589;452212;0;0;9926;0;0;0;0;0;0;0;0;0;0
4876.91;79999913;435927;453237;0;0;9929;0;0;0;0;0;0;0;0;0;0
4878.91;79999914;434151;451141;0;0;9886;0;0;0;0;0;0;0;0;0;0
4880.91;79999914;435912;452911;0;0;10022;0;0;0;0;0;0;0;0;0;0
4882.91;79999914;434661;451607;0;0;10127;0;0;0;0;0;0;0;0;0;0
4884.91;79999914;435895;453773;0;0;9993;0;0;0;0;0;0;0;0;0;0
4886.91;79999913;433254;451048;0;0;9602;0;0;0;0;0;0;0;0;0;0
4888.91;79999913;434743;453232;0;0;9954;0;0;0;0;0;0;0;0;0;0
4890.91;79999913;433210;451355;0;0;10053;0;0;0;0;0;0;0;0;0;0
4892.91;79999913;435385;452864;0;0;10005;0;0;0;0;0;0;0;0;0;0
4894.91;79999913;434278;451346;0;0;10150;0;0;0;0;0;0;0;0;0;0
4896.91;79999913;435672;452764;0;0;9973;0;0;0;0;0;0;0;0;0;0
4898.91;79999913;434200;451249;0;0;10120;0;0;0;0;0;0;0;0;0;0
4900.91;79999914;436295;453432;0;0;10369;0;0;0;0;0;0;0;0;0;0
4902.91;79999914;434437;452179;0;0;10026;0;0;0;0;0;0;0;0;0;0
4904.91;79999914;436361;453743;0;0;10078;0;0;0;0;0;0;0;0;0;0
4906.91;79999913;434942;452163;0;0;9999;0;0;0;0;0;0;0;0;0;0
4908.91;79999913;435863;452660;0;0;10015;0;0;0;0;0;0;0;0;0;0
4910.91;79999913;434315;452036;0;0;9988;0;0;0;0;0;0;0;0;0;0
4912.91;79999913;436305;452717;0;0;9728;0;0;0;0;0;0;0;0;0;0
4914.91;79999913;434092;451375;0;0;9943;0;0;0;0;0;0;0;0;0;0
4916.91;79999913;435032;451479;0;0;9921;0;0;0;0;0;0;0;0;0;0
4918.91;79999913;433779;450643;0;0;10008;0;0;0;0;0;0;0;0;0;0
4920.92;79999914;435528;453262;0;0;10005;0;0;0;0;0;0;0;0;0;0
4922.92;79999913;434689;451777;0;0;10111;0;0;0;0;0;0;0;0;0;0
4924.92;79999914;435332;452415;0;0;10207;0;0;0;0;0;0;0;0;0;0
4926.92;79999914;434341;451894;0;0;9962;0;0;0;0;0;0;0;0;0;0
4928.92;79999913;435251;452794;0;0;10089;0;0;0;0;0;0;0;0;0;0
4930.92;79999913;434655;451670;0;0;9915;0;0;0;0;0;0;0;0;0;0
4932.92;79999914;435263;452334;0;0;10128;0;0;0;0;0;0;0;0;0;0
4934.92;79999913;434406;451486;0;0;9930;0;0;0;0;0;0;0;0;0;0
4936.92;79999913;434659;451970;0;0;10096;0;0;0;0;0;0;0;0;0;0
4938.92;79999913;434158;451799;0;0;9938;0;0;0;0;0;0;0;0;0;0
4940.92;79999913;434460;452489;0;0;10078;0;0;0;0;0;0;0;0;0;0
4942.92;79999913;434224;451639;0;0;9795;0;0;0;0;0;0;0;0;0;0
4944.92;79999914;434985;451426;0;0;9982;0;0;0;0;0;0;0;0;0;0
4946.92;79999913;434538;452004;0;0;10016;0;0;0;0;0;0;0;0;0;0
4948.92;79999914;434366;453036;0;0;10015;0;0;0;0;0;0;0;0;0;0
4950.92;79999914;434343;451865;0;0;10227;0;0;0;0;0;0;0;0;0;0
4952.92;79999913;434291;452763;0;0;10079;0;0;0;0;0;0;0;0;0;0
4954.92;79999913;435426;451996;0;0;10070;0;0;0;0;0;0;0;0;0;0
4956.92;79999914;434260;451722;0;0;10053;0;0;0;0;0;0;0;0;0;0
4958.92;79999914;435187;451854;0;0;10147;0;0;0;0;0;0;0;0;0;0
4960.92;79999914;434053;451415;0;0;10010;0;0;0;0;0;0;0;0;0;0
4962.92;79999914;435457;451809;0;0;10051;0;0;0;0;0;0;0;0;0;0
4964.92;79999913;434769;452232;0;0;10112;0;0;0;0;0;0;0;0;0;0
4966.92;79999914;435197;452420;0;0;10040;0;0;0;0;0;0;0;0;0;0
4968.92;79999913;434613;451461;0;0;9929;0;0;0;0;0;0;0;0;0;0
4970.92;79999914;434341;452578;0;0;9954;0;0;0;0;0;0;0;0;0;0
4972.93;79999914;433408;452015;0;0;10166;0;0;0;0;0;0;0;0;0;0
4974.93;79999914;434286;452284;0;0;10153;0;0;0;0;0;0;0;0;0;0
4976.93;79999914;434341;451992;0;0;9830;0;0;0;0;0;0;0;0;0;0
4978.93;79999913;435396;452410;0;0;10049;0;0;0;0;0;0;0;0;0;0
4980.93;79999913;433163;451101;0;0;9861;0;0;0;0;0;0;0;0;0;0
4982.93;79999913;434094;452042;0;0;10048;0;0;0;0;0;0;0;0;0;0
4984.93;79999913;434560;451510;0;0;9958;0;0;0;0;0;0;0;0;0;0
4986.93;79999914;434824;452442;0;0;10112;0;0;0;0;0;0;0;0;0;0
4988.93;79999913;434139;451526;0;0;10012;0;0;0;0;0;0;0;0;0;0
4990.93;79999914;434989;452649;0;0;10021;0;0;0;0;0;0;0;0;0;0
4992.93;79999914;434164;450889;0;0;9809;0;0;0;0;0;0;0;0;0;0
4994.93;79999913;434856;452512;0;0;9784;0;0;0;0;0;0;0;0;0;0
4996.93;79999914;434155;450724;0;0;10058;0;0;0;0;0;0;0;0;0;0
4998.93;79999913;435752;452080;0;0;10068;0;0;0;0;0;0;0;0;0;0
5000.93;79999913;434304;450644;0;0;9908;0;0;0;0;0;0;0;0;0;0
5002.93;79999913;435623;451963;0;0;10138;0;0;0;0;0;0;0;0;0;0
5004.93;79999913;433850;450777;0;0;10215;0;0;0;0;0;0;0;0;0;0
5006.93;79999913;435351;452522;0;0;10073;0;0;0;0;0;0;0;0;0;0
5008.93;79999913;434451;451142;0;0;9940;0;0;0;0;0;0;0;0;0;0
5010.93;79999913;435318;452446;0;0;9979;0;0;0;0;0;0;0;0;0;0
5012.93;79999913;433815;450195;0;0;10118;0;0;0;0;0;0;0;0;0;0
5014.93;79999913;435282;452804;0;0;9972;0;0;0;0;0;0;0;0;0;0
5016.93;79999914;432982;449742;0;0;9934;0;0;0;0;0;0;0;0;0;0
5018.93;79999914;435391;452091;0;0;10175;0;0;0;0;0;0;0;0;0;0
5020.93;79999913;434070;450954;0;0;10047;0;0;0;0;0;0;0;0;0;0
5022.93;79999913;435470;452741;0;0;10020;0;0;0;0;0;0;0;0;0;0
5024.93;79999914;433839;450464;0;0;9965;0;0;0;0;0;0;0;0;0;0
5026.93;79999914;435763;452496;0;0;9950;0;0;0;0;0;0;0;0;0;0
5028.93;79999914;433980;451013;0;0;9853;0;0;0;0;0;0;0;0;0;0
5030.93;79999914;435883;452713;0;0;10009;0;0;0;0;0;0;0;0;0;0
5032.94;79999914;434109;450408;0;0;9930;0;0;0;0;0;0;0;0;0;0
5034.94;79999914;435409;452767;0;0;9987;0;0;0;0;0;0;0;0;0;0
5036.94;79999913;433518;450934;0;0;10069;0;0;0;0;0;0;0;0;0;0
5038.94;79999914;435826;452365;0;0;10090;0;0;0;0;0;0;0;0;0;0
5040.94;79999913;433373;450543;0;0;9983;0;0;0;0;0;0;0;0;0;0
5042.94;79999913;434110;450775;0;0;9989;0;0;0;0;0;0;0;0;0;0
5044.94;79999913;431048;448498;0;0;9968;0;0;0;0;0;0;0;0;0;0
5046.94;79999913;433875;450495;0;0;10148;0;0;0;0;0;0;0;0;0;0
5048.94;79999914;431571;448522;0;0;10018;0;0;0;0;0;0;0;0;0;0
5050.94;79999914;434044;450349;0;0;9869;0;0;0;0;0;0;0;0;0;0
5052.94;79999914;431804;448709;0;0;10002;0;0;0;0;0;0;0;0;0;0
5054.94;79999914;434371;451117;0;0;9994;0;0;0;0;0;0;0;0;0;0
5056.94;79999913;430877;448368;0;0;9906;0;0;0;0;0;0;0;0;0;0
5058.94;79999913;433430;450988;0;0;10226;0;0;0;0;0;0;0;0;0;0
5060.94;79999913;431856;448708;0;0;10119;0;0;0;0;0;0;0;0;0;0
5062.94;79999914;433053;451387;0;0;10035;0;0;0;0;0;0;0;0;0;0
5064.94;79999913;430943;448132;0;0;9965;0;0;0;0;0;0;0;0;0;0
5066.94;79999914;432946;450499;0;0;10134;0;0;0;0;0;0;0;0;0;0
5068.94;79999913;431079;449058;0;0;10024;0;0;0;0;0;0;0;0;0;0
5070.94;79999913;433790;450907;0;0;9969;0;0;0;0;0;0;0;0;0;0
5072.94;79999913;431727;448207;0;0;10061;0;0;0;0;0;0;0;0;0;0
5074.94;79999914;433659;450999;0;0;9974;0;0;0;0;0;0;0;0;0;0
5076.94;79999914;431356;447508;0;0;9992;0;0;0;0;0;0;0;0;0;0
5078.94;79999914;433606;449746;0;0;10118;0;0;0;0;0;0;0;0;0;0
5080.94;79999913;430971;448278;0;0;9879;0;0;0;0;0;0;0;0;0;0
5082.95;79999913;433910;450644;0;0;10075;0;0;0;0;0;0;0;0;0;0
5084.95;79999913;430785;448011;0;0;9886;0;0;0;0;0;0;0;0;0;0
5086.95;79999913;432678;450529;0;0;10058;0;0;0;0;0;0;0;0;0;0
5088.95;79999913;430663;448864;0;0;10063;0;0;0;0;0;0;0;0;0;0
5090.95;79999913;433232;450445;0;0;10013;0;0;0;0;0;0;0;0;0;0
5092.95;79999913;431213;448349;0;0;9965;0;0;0;0;0;0;0;0;0;0
5094.95;79999913;433119;450649;0;0;10060;0;0;0;0;0;0;0;0;0;0
5096.95;79999914;431198;448474;0;0;9894;0;0;0;0;0;0;0;0;0;0
5098.95;79999913;432439;449508;0;0;10083;0;0;0;0;0;0;0;0;0;0
5100.95;79999914;431337;446995;0;0;9811;0;0;0;0;0;0;0;0;0;0
5102.95;79999914;433402;451469;0;0;10083;0;0;0;0;0;0;0;0;0;0
5104.95;79999914;433884;449970;0;0;10100;0;0;0;0;0;0;0;0;0;0
5106.95;79999914;435308;451213;0;0;10114;0;0;0;0;0;0;0;0;0;0
5108.95;79999913;434120;451259;0;0;9854;0;0;0;0;0;0;0;0;0;0
5110.95;79999913;434043;451237;0;0;9919;0;0;0;0;0;0;0;0;0;0
5112.95;79999913;433882;450501;0;0;10000;0;0;0;0;0;0;0;0;0;0
5114.95;79999913;434196;451313;0;0;10086;0;0;0;0;0;0;0;0;0;0
5116.95;79999913;433977;450431;0;0;10011;0;0;0;0;0;0;0;0;0;0
5118.95;79999913;434815;451103;0;0;10105;0;0;0;0;0;0;0;0;0;0
5120.95;79999913;434278;450275;0;0;10018;0;0;0;0;0;0;0;0;0;0
5122.95;79999914;436212;451408;0;0;10203;0;0;0;0;0;0;0;0;0;0
5124.95;79999913;433553;450530;0;0;9945;0;0;0;0;0;0;0;0;0;0
5126.95;79999913;434533;449817;0;0;10039;0;0;0;0;0;0;0;0;0;0
5128.95;79999913;434943;450606;0;0;10091;0;0;0;0;0;0;0;0;0;0
5130.95;79999913;434334;451124;0;0;9986;0;0;0;0;0;0;0;0;0;0
5132.95;79999913;434366;450400;0;0;10058;0;0;0;0;0;0;0;0;0;0
5134.96;79999913;433524;450979;0;0;9988;0;0;0;0;0;0;0;0;0;0
5136.96;79999913;434071;450387;0;0;10110;0;0;0;0;0;0;0;0;0;0
5138.96;79999913;434535;451110;0;0;10259;0;0;0;0;0;0;0;0;0;0
5140.96;79999914;434064;451226;0;0;10204;0;0;0;0;0;0;0;0;0;0
5142.96;79999913;434138;450535;0;0;9897;0;0;0;0;0;0;0;0;0;0
5144.96;79999913;434705;450060;0;0;10037;0;0;0;0;0;0;0;0;0;0
5146.96;79999913;434124;450429;0;0;10014;0;0;0;0;0;0;0;0;0;0
5148.96;79999913;433686;450413;0;0;10122;0;0;0;0;0;0;0;0;0;0
5150.96;79999913;433797;450627;0;0;9905;0;0;0;0;0;0;0;0;0;0
5152.96;79999914;433176;450331;0;0;10097;0;0;0;0;0;0;0;0;0;0
5154.96;79999913;433502;451036;0;0;10015;0;0;0;0;0;0;0;0;0;0
5156.96;79999913;434150;450348;0;0;9937;0;0;0;0;0;0;0;0;0;0
5158.96;79999914;433697;449611;0;0;10017;0;0;0;0;0;0;0;0;0;0
5160.96;79999913;433772;450523;0;0;10016;0;0;0;0;0;0;0;0;0;0
5162.96;79999914;433713;449102;0;0;9948;0;0;0;0;0;0;0;0;0;0
5164.96;79999914;435164;450732;0;0;10169;0;0;0;0;0;0;0;0;0;0
5166.96;79999913;433438;450578;0;0;10046;0;0;0;0;0;0;0;0;0;0
5168.96;79999913;434201;450897;0;0;10105;0;0;0;0;0;0;0;0;0;0
5170.96;79999913;433569;450212;0;0;9821;0;0;0;0;0;0;0;0;0;0
5172.96;79999913;433956;451075;0;0;10100;0;0;0;0;0;0;0;0;0;0
5174.96;79999913;433112;449531;0;0;9932;0;0;0;0;0;0;0;0;0;0
5176.96;79999913;433943;450699;0;0;10084;0;0;0;0;0;0;0;0;0;0
5178.96;79999914;432121;450210;0;0;9949;0;0;0;0;0;0;0;0;0;0
5180.96;79999914;435185;451969;0;0;10072;0;0;0;0;0;0;0;0;0;0
5182.96;79999914;432704;449774;0;0;10057;0;0;0;0;0;0;0;0;0;0
5184.97;79999913;434091;450851;0;0;10228;0;0;0;0;0;0;0;0;0;0
5186.97;79999913;432524;449736;0;0;9934;0;0;0;0;0;0;0;0;0;0
5188.97;79999913;433950;450728;0;0;10046;0;0;0;0;0;0;0;0;0;0
5190.97;79999913;432775;450230;0;0;10085;0;0;0;0;0;0;0;0;0;0
5192.97;79999913;434126;451116;0;0;10131;0;0;0;0;0;0;0;0;0;0
5194.97;79999913;433080;449526;0;0;9788;0;0;0;0;0;0;0;0;0;0
5196.97;79999913;434005;451271;0;0;10070;0;0;0;0;0;0;0;0;0;0
5198.97;79999913;432785;449160;0;0;10092;0;0;0;0;0;0;0;0;0;0
5200.97;79999913;434904;451142;0;0;10005;0;0;0;0;0;0;0;0;0;0
5202.97;79999913;432547;449658;0;0;10059;0;0;0;0;0;0;0;0;0;0
5204.97;79999913;435378;451455;0;0;10173;0;0;0;0;0;0;0;0;0;0
5206.97;79999913;432869;448150;0;0;10106;0;0;0;0;0;0;0;0;0;0
5208.97;79999913;434522;451722;0;0;10020;0;0;0;0;0;0;0;0;0;0
5210.97;79999913;432829;449376;0;0;10046;0;0;0;0;0;0;0;0;0;0
5212.97;79999914;433940;451272;0;0;10123;0;0;0;0;0;0;0;0;0;0
5214.97;79999914;432605;449970;0;0;10205;0;0;0;0;0;0;0;0;0;0
5216.97;79999914;434613;451460;0;0;10244;0;0;0;0;0;0;0;0;0;0
5218.97;79999914;432377;449149;0;0;10091;0;0;0;0;0;0;0;0;0;0
5220.97;79999913;434743;450526;0;0;10077;0;0;0;0;0;0;0;0;0;0
5222.97;79999914;432830;449221;0;0;9982;0;0;0;0;0;0;0;0;0;0
5224.97;79999914;435126;452382;0;0;9954;0;0;0;0;0;0;0;0;0;0
5226.97;79999914;434316;451111;0;0;10043;0;0;0;0;0;0;0;0;0;0
5228.97;79999913;434700;451353;0;0;10054;0;0;0;0;0;0;0;0;0;0
5230.97;79999913;433833;450920;0;0;10126;0;0;0;0;0;0;0;0;0;0
5232.97;79999914;435116;452677;0;0;10195;0;0;0;0;0;0;0;0;0;0
5234.97;79999914;434077;451088;0;0;10041;0;0;0;0;0;0;0;0;0;0
5236.97;79999913;435369;452517;0;0;9978;0;0;0;0;0;0;0;0;0;0
5238.97;79999913;434249;451632;0;0;10075;0;0;0;0;0;0;0;0;0;0
5240.97;79999914;434592;452101;0;0;10019;0;0;0;0;0;0;0;0;0;0
5242.97;79999914;434294;450891;0;0;10083;0;0;0;0;0;0;0;0;0;0
5244.97;79999914;435379;452357;0;0;10199;0;0;0;0;0;0;0;0;0;0
5246.98;79999913;433056;450230;0;0;9926;0;0;0;0;0;0;0;0;0;0
5248.98;79999913;435834;452500;0;0;10076;0;0;0;0;0;0;0;0;0;0
5250.98;79999913;434876;451228;0;0;10110;0;0;0;0;0;0;0;0;0;0
5252.98;79999913;435071;452150;0;0;10111;0;0;0;0;0;0;0;0;0;0
5254.98;79999913;434122;451181;0;0;9914;0;0;0;0;0;0;0;0;0;0
5256.98;79999913;435378;452372;0;0;10147;0;0;0;0;0;0;0;0;0;0
5258.98;79999913;434072;450597;0;0;9952;0;0;0;0;0;0;0;0;0;0
5260.98;79999914;434860;452665;0;0;9839;0;0;0;0;0;0;0;0;0;0
5262.98;79999913;433753;450938;0;0;10095;0;0;0;0;0;0;0;0;0;0
5264.98;79999913;435414;452235;0;0;10068;0;0;0;0;0;0;0;0;0;0
5266.98;79999913;434068;451188;0;0;9953;0;0;0;0;0;0;0;0;0;0
5268.98;79999913;434842;451704;0;0;10092;0;0;0;0;0;0;0;0;0;0
5270.98;79999913;433308;451422;0;0;10126;0;0;0;0;0;0;0;0;0;0
5272.98;79999913;434861;452532;0;0;10059;0;0;0;0;0;0;0;0;0;0
5274.98;79999914;434892;451895;0;0;9985;0;0;0;0;0;0;0;0;0;0
5276.98;79999913;435381;452621;0;0;10068;0;0;0;0;0;0;0;0;0;0
5278.98;79999913;434123;451027;0;0;10122;0;0;0;0;0;0;0;0;0;0
5280.98;79999913;434569;452086;0;0;9876;0;0;0;0;0;0;0;0;0;0
5282.98;79999913;434401;451940;0;0;10068;0;0;0;0;0;0;0;0;0;0
5284.98;79999913;434573;450642;0;0;9921;0;0;0;0;0;0;0;0;0;0
5286.98;79999913;432256;449180;0;0;10008;0;0;0;0;0;0;0;0;0;0
5288.98;79999914;433215;449869;0;0;10008;0;0;0;0;0;0;0;0;0;0
5290.98;79999914;432007;449037;0;0;10068;0;0;0;0;0;0;0;0;0;0
5292.98;79999914;432657;450114;0;0;9823;0;0;0;0;0;0;0;0;0;0
5294.98;79999913;432021;448856;0;0;10022;0;0;0;0;0;0;0;0;0;0
5296.98;79999914;433077;450041;0;0;10137;0;0;0;0;0;0;0;0;0;0
5298.98;79999913;432281;449394;0;0;10146;0;0;0;0;0;0;0;0;0;0
5300.98;79999913;432636;449951;0;0;9926;0;0;0;0;0;0;0;0;0;0
5302.98;79999913;431520;449850;0;0;10090;0;0;0;0;0;0;0;0;0;0
5304.98;79999914;432472;449378;0;0;10067;0;0;0;0;0;0;0;0;0;0
5306.99;79999914;431717;449186;0;0;9921;0;0;0;0;0;0;0;0;0;0
5308.99;79999914;433722;449690;0;0;9965;0;0;0;0;0;0;0;0;0;0
5310.99;79999914;432240;449776;0;0;10271;0;0;0;0;0;0;0;0;0;0
5312.99;79999914;432977;450371;0;0;9985;0;0;0;0;0;0;0;0;0;0
5314.99;79999913;433449;449736;0;0;9986;0;0;0;0;0;0;0;0;0;0
5316.99;79999913;433175;449938;0;0;9885;0;0;0;0;0;0;0;0;0;0
5318.99;79999913;432838;448939;0;0;10029;0;0;0;0;0;0;0;0;0;0
5320.99;79999913;432926;450551;0;0;10081;0;0;0;0;0;0;0;0;0;0
5322.99;79999913;432118;449026;0;0;10004;0;0;0;0;0;0;0;0;0;0
5324.99;79999914;432720;449757;0;0;9977;0;0;0;0;0;0;0;0;0;0
5326.99;79999914;431952;449237;0;0;10023;0;0;0;0;0;0;0;0;0;0
5328.99;79999913;432716;449615;0;0;10151;0;0;0;0;0;0;0;0;0;0
5330.99;79999913;432072;450219;0;0;9912;0;0;0;0;0;0;0;0;0;0
5332.99;79999914;432958;449404;0;0;10077;0;0;0;0;0;0;0;0;0;0
5334.99;79999914;432046;448628;0;0;10078;0;0;0;0;0;0;0;0;0;0
5336.99;79999914;432169;448745;0;0;10064;0;0;0;0;0;0;0;0;0;0
5338.99;79999913;432661;449399;0;0;10023;0;0;0;0;0;0;0;0;0;0
5340.99;79999913;432513;448707;0;0;10086;0;0;0;0;0;0;0;0;0;0
5342.99;79999914;432705;449334;0;0;10068;0;0;0;0;0;0;0;0;0;0
5344.99;79999914;431750;448745;0;0;10016;0;0;0;0;0;0;0;0;0;0
5346.99;79999914;432740;449134;0;0;10093;0;0;0;0;0;0;0;0;0;0
5348.99;79999913;431632;448589;0;0;10053;0;0;0;0;0;0;0;0;0;0
5350.99;79999914;432673;449445;0;0;10035;0;0;0;0;0;0;0;0;0;0
5352.99;79999913;431854;449427;0;0;10078;0;0;0;0;0;0;0;0;0;0
5354.99;79999913;432135;449176;0;0;10063;0;0;0;0;0;0;0;0;0;0
5356.99;79999914;431223;449244;0;0;9901;0;0;0;0;0;0;0;0;0;0
5358.99;79999914;433413;448850;0;0;10074;0;0;0;0;0;0;0;0;0;0
5360.99;79999914;431608;449234;0;0;10017;0;0;0;0;0;0;0;0;0;0
5362.99;79999913;432795;450411;0;0;10117;0;0;0;0;0;0;0;0;0;0
5365.00;79999913;431677;447832;0;0;10005;0;0;0;0;0;0;0;0;0;0
5367.00;79999913;432367;448709;0;0;10070;0;0;0;0;0;0;0;0;0;0
5369.00;79999913;430884;448336;0;0;10200;0;0;0;0;0;0;0;0;0;0
5371.00;79999913;432965;448931;0;0;9882;0;0;0;0;0;0;0;0;0;0
5373.00;79999914;431036;448424;0;0;9737;0;0;0;0;0;0;0;0;0;0
5375.00;79999914;433272;449750;0;0;10137;0;0;0;0;0;0;0;0;0;0
5377.00;79999913;431417;448248;0;0;10195;0;0;0;0;0;0;0;0;0;0
5379.00;79999913;432717;449687;0;0;10095;0;0;0;0;0;0;0;0;0;0
5381.00;79999914;431104;447366;0;0;10096;0;0;0;0;0;0;0;0;0;0
5383.00;79999913;433604;449802;0;0;10014;0;0;0;0;0;0;0;0;0;0
5385.00;79999914;431454;448715;0;0;9915;0;0;0;0;0;0;0;0;0;0
5387.00;79999914;433217;450467;0;0;10144;0;0;0;0;0;0;0;0;0;0
5389.00;79999914;430927;448281;0;0;9962;0;0;0;0;0;0;0;0;0;0
5391.00;79999913;432319;449460;0;0;10152;0;0;0;0;0;0;0;0;0;0
5393.00;79999913;431669;447753;0;0;9898;0;0;0;0;0;0;0;0;0;0
5395.00;79999914;432265;449498;0;0;10170;0;0;0;0;0;0;0;0;0;0
5397.00;79999914;431783;447805;0;0;9818;0;0;0;0;0;0;0;0;0;0
5399.00;79999913;433312;449614;0;0;10032;0;0;0;0;0;0;0;0;0;0
5401.00;79999914;430774;447615;0;0;9968;0;0;0;0;0;0;0;0;0;0
5403.00;79999913;432770;449653;0;0;10050;0;0;0;0;0;0;0;0;0;0
5405.00;79999913;431488;448067;0;0;10096;0;0;0;0;0;0;0;0;0;0
5407.00;79999914;432628;450210;0;0;9928;0;0;0;0;0;0;0;0;0;0
5409.00;79999914;430964;448056;0;0;10039;0;0;0;0;0;0;0;0;0;0
5411.00;79999914;433136;449026;0;0;10060;0;0;0;0;0;0;0;0;0;0
5413.00;79999914;430148;447407;0;0;9939;0;0;0;0;0;0;0;0;0;0
5415.00;79999913;432643;450063;0;0;10265;0;0;0;0;0;0;0;0;0;0
5417.00;79999914;430843;447597;0;0;10151;0;0;0;0;0;0;0;0;0;0
5419.00;79999913;432261;449496;0;0;9988;0;0;0;0;0;0;0;0;0;0
5421.00;79999914;431065;448403;0;0;9966;0;0;0;0;0;0;0;0;0;0
5423.00;79999914;432912;449248;0;0;10096;0;0;0;0;0;0;0;0;0;0
5425.00;79999913;431264;448315;0;0;10110;0;0;0;0;0;0;0;0;0;0
5427.00;79999913;432389;448937;0;0;10146;0;0;0;0;0;0;0;0;0;0
5429.00;79999913;430188;447551;0;0;9945;0;0;0;0;0;0;0;0;0;0
5431.01;79999914;432825;449723;0;0;10106;0;0;0;0;0;0;0;0;0;0
5433.01;79999913;431009;447802;0;0;10047;0;0;0;0;0;0;0;0;0;0
5435.01;79999913;433128;449119;0;0;9985;0;0;0;0;0;0;0;0;0;0
5437.01;79999913;431249;447781;0;0;9883;0;0;0;0;0;0;0;0;0;0
5439.01;79999914;432293;449888;0;0;9836;0;0;0;0;0;0;0;0;0;0
5441.01;79999913;430971;447857;0;0;9737;0;0;0;0;0;0;0;0;0;0
5443.01;79999913;432832;449664;0;0;10164;0;0;0;0;0;0;0;0;0;0
5445.01;79999913;430168;447165;0;0;9968;0;0;0;0;0;0;0;0;0;0
5447.01;79999913;432252;449075;0;0;9961;0;0;0;0;0;0;0;0;0;0
5449.01;79999913;429878;447209;0;0;9855;0;0;0;0;0;0;0;0;0;0
5451.01;79999913;431972;448486;0;0;10030;0;0;0;0;0;0;0;0;0;0
5453.01;79999913;431166;447157;0;0;9859;0;0;0;0;0;0;0;0;0;0
5455.01;79999914;432176;447827;0;0;10122;0;0;0;0;0;0;0;0;0;0
5457.01;79999914;429894;446866;0;0;10154;0;0;0;0;0;0;0;0;0;0
5459.01;79999913;431657;448451;0;0;10022;0;0;0;0;0;0;0;0;0;0
5461.01;79999913;430440;446998;0;0;10039;0;0;0;0;0;0;0;0;0;0
5463.01;79999914;432583;448276;0;0;9880;0;0;0;0;0;0;0;0;0;0
5465.01;79999914;430676;446884;0;0;9972;0;0;0;0;0;0;0;0;0;0
5467.01;79999914;432130;447948;0;0;10029;0;0;0;0;0;0;0;0;0;0
5469.01;79999914;430247;446020;0;0;9870;0;0;0;0;0;0;0;0;0;0
5471.01;79999913;431042;448128;0;0;10048;0;0;0;0;0;0;0;0;0;0
5473.01;79999914;430630;447607;0;0;10148;0;0;0;0;0;0;0;0;0;0
5475.01;79999913;431686;448396;0;0;10055;0;0;0;0;0;0;0;0;0;0
5477.01;79999914;430244;447259;0;0;10038;0;0;0;0;0;0;0;0;0;0
5479.01;79999914;431723;447899;0;0;10171;0;0;0;0;0;0;0;0;0;0
5481.01;79999914;430331;446240;0;0;9972;0;0;0;0;0;0;0;0;0;0
5483.02;79999914;431487;447800;0;0;10148;0;0;0;0;0;0;0;0;0;0
5485.02;79999914;429909;446309;0;0;9986;0;0;0;0;0;0;0;0;0;0
5487.02;79999914;430965;448892;0;0;10142;0;0;0;0;0;0;0;0;0;0
5489.02;79999913;429566;446567;0;0;10022;0;0;0;0;0;0;0;0;0;0
5491.02;79999913;431026;446868;0;0;9976;0;0;0;0;0;0;0;0;0;0
5493.02;79999913;429487;446980;0;0;10126;0;0;0;0;0;0;0;0;0;0
5495.02;79999913;431131;448058;0;0;9836;0;0;0;0;0;0;0;0;0;0
5497.02;79999913;429593;446989;0;0;9733;0;0;0;0;0;0;0;0;0;0
5499.02;79999914;431375;447815;0;0;10002;0;0;0;0;0;0;0;0;0;0
5501.02;79999914;430988;446914;0;0;9979;0;0;0;0;0;0;0;0;0;0
5503.02;79999914;431250;448296;0;0;10015;0;0;0;0;0;0;0;0;0;0
5505.02;79999914;431045;447059;0;0;9980;0;0;0;0;0;0;0;0;0;0
5507.02;79999914;430748;448585;0;0;9975;0;0;0;0;0;0;0;0;0;0
5509.02;79999913;430283;447142;0;0;9973;0;0;0;0;0;0;0;0;0;0
5511.02;79999913;430793;447878;0;0;9951;0;0;0;0;0;0;0;0;0;0
5513.02;79999914;430199;447419;0;0;10107;0;0;0;0;0;0;0;0;0;0
5515.02;79999914;430700;447530;0;0;10149;0;0;0;0;0;0;0;0;0;0
5517.02;79999913;430063;447647;0;0;9850;0;0;0;0;0;0;0;0;0;0
5519.02;79999913;430793;447816;0;0;9954;0;0;0;0;0;0;0;0;0;0
5521.02;79999913;430519;446592;0;0;9963;0;0;0;0;0;0;0;0;0;0
5523.02;79999913;431184;447738;0;0;10042;0;0;0;0;0;0;0;0;0;0
5525.02;79999914;430391;447993;0;0;10091;0;0;0;0;0;0;0;0;0;0
5527.02;79999913;431288;448576;0;0;10168;0;0;0;0;0;0;0;0;0;0
5529.02;79999913;432584;448403;0;0;9860;0;0;0;0;0;0;0;0;0;0
5531.03;79999914;431353;448839;0;0;10056;0;0;0;0;0;0;0;0;0;0
5533.03;79999914;432250;449151;0;0;10010;0;0;0;0;0;0;0;0;0;0
5535.03;79999914;431574;448776;0;0;10012;0;0;0;0;0;0;0;0;0;0
5537.03;79999913;432512;449301;0;0;10011;0;0;0;0;0;0;0;0;0;0
5539.03;79999914;431983;448066;0;0;9968;0;0;0;0;0;0;0;0;0;0
5541.03;79999914;432372;449219;0;0;10083;0;0;0;0;0;0;0;0;0;0
5543.03;79999913;431225;448447;0;0;9899;0;0;0;0;0;0;0;0;0;0
5545.03;79999914;432741;449403;0;0;9936;0;0;0;0;0;0;0;0;0;0
5547.03;79999914;432273;448341;0;0;10069;0;0;0;0;0;0;0;0;0;0
5549.03;79999914;431763;449299;0;0;10087;0;0;0;0;0;0;0;0;0;0
5551.03;79999914;432019;448323;0;0;9859;0;0;0;0;0;0;0;0;0;0
5553.03;79999914;432358;449539;0;0;10064;0;0;0;0;0;0;0;0;0;0
5555.03;79999913;431047;447904;0;0;9944;0;0;0;0;0;0;0;0;0;0
5557.03;79999913;432921;449013;0;0;10176;0;0;0;0;0;0;0;0;0;0
5559.03;79999913;431668;447870;0;0;9766;0;0;0;0;0;0;0;0;0;0
5561.03;79999913;432337;449128;0;0;10015;0;0;0;0;0;0;0;0;0;0
5563.03;79999913;431781;448769;0;0;10044;0;0;0;0;0;0;0;0;0;0
5565.03;79999914;432842;448492;0;0;10117;0;0;0;0;0;0;0;0;0;0
5567.03;79999914;431625;448162;0;0;10120;0;0;0;0;0;0;0;0;0;0
5569.03;79999914;433068;449495;0;0;9966;0;0;0;0;0;0;0;0;0;0
5571.03;79999914;431960;447639;0;0;9865;0;0;0;0;0;0;0;0;0;0
5573.03;79999913;433291;448769;0;0;10055;0;0;0;0;0;0;0;0;0;0
5575.03;79999913;431711;447920;0;0;9910;0;0;0;0;0;0;0;0;0;0
5577.03;79999913;432678;448563;0;0;9973;0;0;0;0;0;0;0;0;0;0
5579.04;79999913;431818;448138;0;0;10145;0;0;0;0;0;0;0;0;0;0
5581.04;79999913;432908;448418;0;0;10035;0;0;0;0;0;0;0;0;0;0
5583.04;79999913;431009;447527;0;0;9855;0;0;0;0;0;0;0;0;0;0
5585.04;79999914;432548;448882;0;0;10132;0;0;0;0;0;0;0;0;0;0
5587.04;79999914;429890;447084;0;0;9971;0;0;0;0;0;0;0;0;0;0
5589.04;79999914;431103;447909;0;0;9832;0;0;0;0;0;0;0;0;0;0
5591.04;79999914;429351;446001;0;0;9935;0;0;0;0;0;0;0;0;0;0
5593.04;79999913;432027;447995;0;0;10120;0;0;0;0;0;0;0;0;0;0
5595.04;79999913;429214;445481;0;0;10193;0;0;0;0;0;0;0;0;0;0
5597.04;79999913;431717;448861;0;0;9995;0;0;0;0;0;0;0;0;0;0
5599.04;79999913;429506;445701;0;0;10159;0;0;0;0;0;0;0;0;0;0
5601.04;79999913;431051;448222;0;0;10385;0;0;0;0;0;0;0;0;0;0
5603.04;79999913;430013;446206;0;0;9933;0;0;0;0;0;0;0;0;0;0
5605.04;79999913;431886;447569;0;0;9847;0;0;0;0;0;0;0;0;0;0
5607.04;79999913;429946;446898;0;0;9981;0;0;0;0;0;0;0;0;0;0
5609.04;79999913;431721;447267;0;0;10144;0;0;0;0;0;0;0;0;0;0
5611.04;79999913;429477;446331;0;0;10114;0;0;0;0;0;0;0;0;0;0
5613.04;79999914;431632;447948;0;0;10181;0;0;0;0;0;0;0;0;0;0
5615.04;79999913;429548;446008;0;0;9950;0;0;0;0;0;0;0;0;0;0
5617.04;79999914;430453;448222;0;0;10070;0;0;0;0;0;0;0;0;0;0
5619.04;79999913;429308;445756;0;0;10047;0;0;0;0;0;0;0;0;0;0
5621.04;79999913;431464;447024;0;0;10087;0;0;0;0;0;0;0;0;0;0
5623.05;79999914;429160;445235;0;0;10042;0;0;0;0;0;0;0;0;0;0
5625.05;79999913;431539;446688;0;0;10000;0;0;0;0;0;0;0;0;0;0
5627.05;79999913;429589;445259;0;0;9999;0;0;0;0;0;0;0;0;0;0
5629.05;79999913;431181;447611;0;0;9890;0;0;0;0;0;0;0;0;0;0
5631.05;79999914;429406;445824;0;0;9952;0;0;0;0;0;0;0;0;0;0
5633.05;79999914;430552;446935;0;0;10007;0;0;0;0;0;0;0;0;0;0
5635.05;79999914;428873;444958;0;0;10045;0;0;0;0;0;0;0;0;0;0
5637.05;79999914;430823;446964;0;0;10013;0;0;0;0;0;0;0;0;0;0
5639.05;79999913;429463;445160;0;0;10048;0;0;0;0;0;0;0;0;0;0
5641.05;79999913;430876;447013;0;0;10035;0;0;0;0;0;0;0;0;0;0
5643.05;79999913;428850;445701;0;0;10043;0;0;0;0;0;0;0;0;0;0
5645.05;79999913;430787;447014;0;0;9862;0;0;0;0;0;0;0;0;0;0
5647.05;79999913;428749;445838;0;0;9856;0;0;0;0;0;0;0;0;0;0
5649.05;79999914;431387;448182;0;0;10055;0;0;0;0;0;0;0;0;0;0
5651.05;79999913;428920;446308;0;0;10151;0;0;0;0;0;0;0;0;0;0
5653.05;79999913;430201;447356;0;0;9962;0;0;0;0;0;0;0;0;0;0
5655.05;79999913;429198;445947;0;0;9993;0;0;0;0;0;0;0;0;0;0
5657.05;79999913;429433;446961;0;0;9945;0;0;0;0;0;0;0;0;0;0
5659.05;79999914;428388;445291;0;0;9912;0;0;0;0;0;0;0;0;0;0
5661.05;79999913;430535;446977;0;0;10257;0;0;0;0;0;0;0;0;0;0
5663.05;79999913;428953;444726;0;0;9934;0;0;0;0;0;0;0;0;0;0
5665.05;79999913;429891;446762;0;0;9882;0;0;0;0;0;0;0;0;0;0
5667.05;79999913;428542;446080;0;0;10104;0;0;0;0;0;0;0;0;0;0
5669.05;79999913;429973;447489;0;0;9877;0;0;0;0;0;0;0;0;0;0
5671.05;79999913;429252;446058;0;0;10012;0;0;0;0;0;0;0;0;0;0
5673.05;79999913;431287;447194;0;0;10022;0;0;0;0;0;0;0;0;0;0
5675.05;79999914;428651;445809;0;0;10084;0;0;0;0;0;0;0;0;0;0
5677.06;79999913;430402;447374;0;0;9856;0;0;0;0;0;0;0;0;0;0
5679.06;79999913;428895;445996;0;0;10040;0;0;0;0;0;0;0;0;0;0
5681.06;79999913;430529;446752;0;0;9975;0;0;0;0;0;0;0;0;0;0
5683.06;79999913;429500;445524;0;0;9896;0;0;0;0;0;0;0;0;0;0
5685.06;79999913;430087;446904;0;0;9996;0;0;0;0;0;0;0;0;0;0
5687.06;79999913;429882;445922;0;0;9942;0;0;0;0;0;0;0;0;0;0
5689.06;79999913;430255;446527;0;0;9824;0;0;0;0;0;0;0;0;0;0
5691.06;79999913;429426;445603;0;0;10230;0;0;0;0;0;0;0;0;0;0
5693.06;79999914;430590;446131;0;0;10078;0;0;0;0;0;0;0;0;0;0
5695.06;79999913;428896;445087;0;0;9946;0;0;0;0;0;0;0;0;0;0
5697.06;79999913;429932;446353;0;0;10045;0;0;0;0;0;0;0;0;0;0
5699.06;79999913;429031;445336;0;0;9932;0;0;0;0;0;0;0;0;0;0
5701.06;79999913;429917;445218;0;0;9918;0;0;0;0;0;0;0;0;0;0
5703.06;79999914;429505;446007;0;0;10096;0;0;0;0;0;0;0;0;0;0
5705.06;79999914;429851;446197;0;0;10127;0;0;0;0;0;0;0;0;0;0
5707.06;79999914;429465;445738;0;0;10167;0;0;0;0;0;0;0;0;0;0
5709.06;79999914;429273;446604;0;0;9932;0;0;0;0;0;0;0;0;0;0
5711.06;79999914;429540;445420;0;0;10154;0;0;0;0;0;0;0;0;0;0
5713.06;79999913;429699;446035;0;0;10190;0;0;0;0;0;0;0;0;0;0
5715.06;79999913;428562;446062;0;0;10211;0;0;0;0;0;0;0;0;0;0
5717.06;79999914;428109;445213;0;0;9903;0;0;0;0;0;0;0;0;0;0
5719.06;79999913;429381;445288;0;0;9927;0;0;0;0;0;0;0;0;0;0
5721.06;79999913;428801;444822;0;0;9952;0;0;0;0;0;0;0;0;0;0
5723.06;79999913;429753;445557;0;0;9839;0;0;0;0;0;0;0;0;0;0
5725.06;79999914;429222;445938;0;0;10056;0;0;0;0;0;0;0;0;0;0
5727.07;79999913;429964;445370;0;0;9880;0;0;0;0;0;0;0;0;0;0
5729.07;79999913;429112;445616;0;0;9993;0;0;0;0;0;0;0;0;0;0
5731.07;79999913;429363;445436;0;0;10008;0;0;0;0;0;0;0;0;0;0
5733.07;79999914;428907;444343;0;0;9896;0;0;0;0;0;0;0;0;0;0
5735.07;79999914;429452;446457;0;0;10074;0;0;0;0;0;0;0;0;0;0
5737.07;79999913;427171;443977;0;0;9893;0;0;0;0;0;0;0;0;0;0
5739.07;79999913;429578;446292;0;0;9950;0;0;0;0;0;0;0;0;0;0
5741.07;79999913;427506;443855;0;0;9949;0;0;0;0;0;0;0;0;0;0
5743.07;79999913;430037;446178;0;0;9918;0;0;0;0;0;0;0;0;0;0
5745.07;79999913;428020;444598;0;0;9810;0;0;0;0;0;0;0;0;0;0
5747.07;79999913;429165;446171;0;0;10061;0;0;0;0;0;0;0;0;0;0
5749.07;79999913;428107;444910;0;0;9900;0;0;0;0;0;0;0;0;0;0
5751.07;79999912;430242;446176;0;0;10152;0;0;0;0;0;0;0;0;0;0
5753.07;79999913;427456;443933;0;0;9906;0;0;0;0;0;0;0;0;0;0
5755.07;79999913;429905;445681;0;0;9956;0;0;0;0;0;0;0;0;0;0
5757.07;79999913;427810;444402;0;0;9827;0;0;0;0;0;0;0;0;0;0
5759.07;79999913;429828;445680;0;0;9777;0;0;0;0;0;0;0;0;0;0
5761.07;79999913;427040;443871;0;0;9968;0;0;0;0;0;0;0;0;0;0
5763.07;79999914;429784;446614;0;0;10130;0;0;0;0;0;0;0;0;0;0
5765.07;79999914;427441;444462;0;0;9906;0;0;0;0;0;0;0;0;0;0
5767.07;79999913;428694;445946;0;0;9871;0;0;0;0;0;0;0;0;0;0
5769.07;79999913;427527;444138;0;0;10202;0;0;0;0;0;0;0;0;0;0
5771.07;79999913;428878;446114;0;0;9945;0;0;0;0;0;0;0;0;0;0
5773.07;79999914;427830;444130;0;0;9873;0;0;0;0;0;0;0;0;0;0
5775.07;79999913;428886;445407;0;0;9962;0;0;0;0;0;0;0;0;0;0
5777.07;79999914;427323;443595;0;0;9768;0;0;0;0;0;0;0;0;0;0
5779.07;79999913;428394;445497;0;0;9988;0;0;0;0;0;0;0;0;0;0
5781.07;79999913;426412;444207;0;0;10021;0;0;0;0;0;0;0;0;0;0
5783.08;79999914;428754;445215;0;0;10119;0;0;0;0;0;0;0;0;0;0
5785.08;79999914;426791;443576;0;0;9909;0;0;0;0;0;0;0;0;0;0
5787.08;79999914;429028;444838;0;0;9934;0;0;0;0;0;0;0;0;0;0
5789.08;79999913;427067;443141;0;0;9925;0;0;0;0;0;0;0;0;0;0
5791.08;79999913;428562;445770;0;0;9914;0;0;0;0;0;0;0;0;0;0
5793.08;79999913;427356;443792;0;0;10018;0;0;0;0;0;0;0;0;0;0
5795.08;79999913;429654;444826;0;0;10008;0;0;0;0;0;0;0;0;0;0
5797.08;79999914;427180;442500;0;0;9873;0;0;0;0;0;0;0;0;0;0
5799.08;79999914;428038;444608;0;0;9977;0;0;0;0;0;0;0;0;0;0
5801.08;79999914;427033;443114;0;0;9925;0;0;0;0;0;0;0;0;0;0
5803.08;79999914;427909;445112;0;0;9890;0;0;0;0;0;0;0;0;0;0
5805.08;79999914;425341;443165;0;0;9901;0;0;0;0;0;0;0;0;0;0
5807.08;79999914;428008;445400;0;0;10085;0;0;0;0;0;0;0;0;0;0
5809.08;79999913;426747;443747;0;0;9857;0;0;0;0;0;0;0;0;0;0
5811.08;79999913;429102;445148;0;0;9959;0;0;0;0;0;0;0;0;0;0
5813.08;79999913;425530;443565;0;0;9877;0;0;0;0;0;0;0;0;0;0
5815.08;79999914;427701;445819;0;0;10095;0;0;0;0;0;0;0;0;0;0
5817.08;79999914;425253;443320;0;0;9775;0;0;0;0;0;0;0;0;0;0
5819.08;79999914;427301;445866;0;0;9753;0;0;0;0;0;0;0;0;0;0
5821.08;79999914;426450;443343;0;0;9870;0;0;0;0;0;0;0;0;0;0
5823.08;79999914;427265;445206;0;0;10083;0;0;0;0;0;0;0;0;0;0
5825.08;79999914;426553;443834;0;0;9783;0;0;0;0;0;0;0;0;0;0
5827.08;79999913;426767;445201;0;0;9951;0;0;0;0;0;0;0;0;0;0
5829.09;79999913;426311;443611;0;0;9957;0;0;0;0;0;0;0;0;0;0
5831.09;79999913;428488;444347;0;0;9934;0;0;0;0;0;0;0;0;0;0
5833.09;79999914;426092;443070;0;0;9851;0;0;0;0;0;0;0;0;0;0
5835.09;79999913;427960;445004;0;0;9949;0;0;0;0;0;0;0;0;0;0
5837.09;79999913;426693;443182;0;0;9912;0;0;0;0;0;0;0;0;0;0
5839.09;79999914;428033;445107;0;0;10028;0;0;0;0;0;0;0;0;0;0
5841.09;79999913;426103;442462;0;0;9790;0;0;0;0;0;0;0;0;0;0
5843.09;79999913;427561;445115;0;0;10032;0;0;0;0;0;0;0;0;0;0
5845.09;79999913;425610;443744;0;0;10109;0;0;0;0;0;0;0;0;0;0
5847.09;79999914;427340;444602;0;0;9683;0;0;0;0;0;0;0;0;0;0
5849.09;79999914;426978;443304;0;0;10055;0;0;0;0;0;0;0;0;0;0
5851.09;79999913;427127;444492;0;0;9914;0;0;0;0;0;0;0;0;0;0
5853.09;79999914;424940;442736;0;0;9859;0;0;0;0;0;0;0;0;0;0
5855.09;79999914;426658;443975;0;0;9954;0;0;0;0;0;0;0;0;0;0
5857.09;79999914;424973;443177;0;0;9964;0;0;0;0;0;0;0;0;0;0
5859.09;79999913;426932;444608;0;0;9881;0;0;0;0;0;0;0;0;0;0
5861.09;79999914;425023;442860;0;0;9863;0;0;0;0;0;0;0;0;0;0
5863.09;79999913;426925;444164;0;0;9887;0;0;0;0;0;0;0;0;0;0
5865.09;79999913;425332;442217;0;0;9817;0;0;0;0;0;0;0;0;0;0
5867.09;79999913;427135;443940;0;0;9868;0;0;0;0;0;0;0;0;0;0
5869.09;79999913;426157;442982;0;0;9901;0;0;0;0;0;0;0;0;0;0
5871.09;79999913;426585;445002;0;0;9945;0;0;0;0;0;0;0;0;0;0
5873.09;79999913;425682;442719;0;0;9814;0;0;0;0;0;0;0;0;0;0
5875.09;79999913;426675;444583;0;0;9873;0;0;0;0;0;0;0;0;0;0
5877.10;79999913;424461;443127;0;0;9918;0;0;0;0;0;0;0;0;0;0
5879.10;79999913;425908;444001;0;0;9797;0;0;0;0;0;0;0;0;0;0
5881.10;79999914;424791;442440;0;0;10029;0;0;0;0;0;0;0;0;0;0
5883.10;79999913;424567;442604;0;0;9782;0;0;0;0;0;0;0;0;0;0
5885.10;79999914;424112;441920;0;0;9741;0;0;0;0;0;0;0;0;0;0
5887.10;79999914;425389;443179;0;0;9861;0;0;0;0;0;0;0;0;0;0
5889.10;79999914;425518;443861;0;0;10122;0;0;0;0;0;0;0;0;0;0
5891.10;79999913;425829;443602;0;0;9883;0;0;0;0;0;0;0;0;0;0
5893.10;79999913;426949;444348;0;0;9715;0;0;0;0;0;0;0;0;0;0
5895.10;79999913;427001;444835;0;0;9691;0;0;0;0;0;0;0;0;0;0
5897.10;79999913;426873;445008;0;0;9768;0;0;0;0;0;0;0;0;0;0
5899.10;79999913;427317;444027;0;0;9994;0;0;0;0;0;0;0;0;0;0
5901.10;79999914;427558;444844;0;0;10102;0;0;0;0;0;0;0;0;0;0
5903.10;79999913;426921;444447;0;0;9924;0;0;0;0;0;0;0;0;0;0
5905.10;79999914;428051;444788;0;0;9992;0;0;0;0;0;0;0;0;0;0
5907.10;79999913;427023;444125;0;0;9972;0;0;0;0;0;0;0;0;0;0
5909.10;79999913;427447;444023;0;0;9857;0;0;0;0;0;0;0;0;0;0
5911.10;79999913;426069;444562;0;0;10043;0;0;0;0;0;0;0;0;0;0
5913.10;79999913;426450;444876;0;0;9933;0;0;0;0;0;0;0;0;0;0
5915.10;79999914;426562;443736;0;0;9825;0;0;0;0;0;0;0;0;0;0
5917.10;79999914;427077;443444;0;0;9891;0;0;0;0;0;0;0;0;0;0
5919.10;79999914;426118;444264;0;0;9839;0;0;0;0;0;0;0;0;0;0
5921.10;79999914;427679;445151;0;0;9915;0;0;0;0;0;0;0;0;0;0
5923.11;79999914;426390;443711;0;0;9772;0;0;0;0;0;0;0;0;0;0
5925.11;79999913;427316;444671;0;0;10106;0;0;0;0;0;0;0;0;0;0
5927.11;79999914;426884;443663;0;0;9955;0;0;0;0;0;0;0;0;0;0
5929.11;79999913;427380;444158;0;0;9969;0;0;0;0;0;0;0;0;0;0
5931.11;79999913;425765;443258;0;0;9980;0;0;0;0;0;0;0;0;0;0
5933.11;79999913;426471;444738;0;0;10049;0;0;0;0;0;0;0;0;0;0
5935.11;79999913;426318;443934;0;0;9932;0;0;0;0;0;0;0;0;0;0
5937.11;79999913;427189;444693;0;0;9999;0;0;0;0;0;0;0;0;0;0
5939.11;79999914;425703;443091;0;0;9772;0;0;0;0;0;0;0;0;0;0
5941.11;79999913;427073;444032;0;0;9900;0;0;0;0;0;0;0;0;0;0
5943.11;79999913;425761;444430;0;0;9825;0;0;0;0;0;0;0;0;0;0
5945.11;79999913;427138;444731;0;0;10069;0;0;0;0;0;0;0;0;0;0
5947.11;79999914;425727;443685;0;0;9918;0;0;0;0;0;0;0;0;0;0
5949.11;79999913;426203;444956;0;0;9648;0;0;0;0;0;0;0;0;0;0
5951.11;79999914;425208;444293;0;0;9625;0;0;0;0;0;0;0;0;0;0
5953.11;79999913;425385;443627;0;0;10026;0;0;0;0;0;0;0;0;0;0
5955.11;79999913;423818;441565;0;0;9905;0;0;0;0;0;0;0;0;0;0
5957.11;79999913;424478;444410;0;0;9846;0;0;0;0;0;0;0;0;0;0
5959.11;79999914;423379;441419;0;0;9889;0;0;0;0;0;0;0;0;0;0
5961.11;79999914;424782;443095;0;0;9915;0;0;0;0;0;0;0;0;0;0
5963.11;79999914;423120;441434;0;0;9862;0;0;0;0;0;0;0;0;0;0
5965.11;79999914;424305;442292;0;0;9753;0;0;0;0;0;0;0;0;0;0
5967.12;79999914;423438;441471;0;0;9877;0;0;0;0;0;0;0;0;0;0
5969.12;79999914;424565;442915;0;0;9780;0;0;0;0;0;0;0;0;0;0
5971.12;79999914;423008;442059;0;0;9894;0;0;0;0;0;0;0;0;0;0
5973.12;79999914;424676;443027;0;0;9849;0;0;0;0;0;0;0;0;0;0
5975.12;79999913;422351;441378;0;0;9815;0;0;0;0;0;0;0;0;0;0
5977.12;79999913;424451;442946;0;0;9891;0;0;0;0;0;0;0;0;0;0
5979.12;79999913;423415;441394;0;0;9821;0;0;0;0;0;0;0;0;0;0
5981.12;79999913;424366;442761;0;0;9957;0;0;0;0;0;0;0;0;0;0
5983.12;79999914;422883;441274;0;0;9996;0;0;0;0;0;0;0;0;0;0
5985.12;79999914;424462;442827;0;0;10025;0;0;0;0;0;0;0;0;0;0
5987.12;79999914;423248;440463;0;0;9953;0;0;0;0;0;0;0;0;0;0
5989.12;79999914;424268;442857;0;0;9756;0;0;0;0;0;0;0;0;0;0
5991.12;79999914;422337;439837;0;0;9674;0;0;0;0;0;0;0;0;0;0
5993.12;79999913;423906;442063;0;0;9944;0;0;0;0;0;0;0;0;0;0
5995.12;79999913;422906;439903;0;0;9873;0;0;0;0;0;0;0;0;0;0
5997.12;79999914;423779;442786;0;0;9810;0;0;0;0;0;0;0;0;0;0
5999.12;79999914;423255;441200;0;0;9823;0;0;0;0;0;0;0;0;0;0
6001.12;79999914;424547;442877;0;0;9822;0;0;0;0;0;0;0;0;0;0
6003.12;79999913;421971;440906;0;0;9872;0;0;0;0;0;0;0;0;0;0
6005.12;79999913;424220;442604;0;0;9816;0;0;0;0;0;0;0;0;0;0
6007.12;79999913;422324;440380;0;0;9829;0;0;0;0;0;0;0;0;0;0
6009.12;79999913;424864;442673;0;0;9851;0;0;0;0;0;0;0;0;0;0
6011.12;79999913;422936;440414;0;0;9947;0;0;0;0;0;0;0;0;0;0
6013.12;79999913;424407;441433;0;0;9901;0;0;0;0;0;0;0;0;0;0
6015.12;79999913;422409;440923;0;0;9750;0;0;0;0;0;0;0;0;0;0
6017.12;79999914;424152;441953;0;0;9941;0;0;0;0;0;0;0;0;0;0
6019.12;79999913;422558;439768;0;0;9797;0;0;0;0;0;0;0;0;0;0
6021.12;79999914;423972;441451;0;0;9978;0;0;0;0;0;0;0;0;0;0
6023.12;79999914;421750;440186;0;0;9717;0;0;0;0;0;0;0;0;0;0
6025.12;79999913;423750;441625;0;0;9641;0;0;0;0;0;0;0;0;0;0
6027.12;79999914;422391;440379;0;0;9886;0;0;0;0;0;0;0;0;0;0
6029.12;79999914;423709;441616;0;0;9836;0;0;0;0;0;0;0;0;0;0
6031.13;79999914;421466;440423;0;0;9620;0;0;0;0;0;0;0;0;0;0
6033.13;79999914;424437;440920;0;0;9666;0;0;0;0;0;0;0;0;0;0
6035.13;79999914;421149;439959;0;0;9666;0;0;0;0;0;0;0;0;0;0
6037.13;79999913;424100;441303;0;0;9722;0;0;0;0;0;0;0;0;0;0
6039.13;79999913;421472;439638;0;0;9773;0;0;0;0;0;0;0;0;0;0
6041.13;79999913;422773;441281;0;0;9946;0;0;0;0;0;0;0;0;0;0
6043.13;79999914;421486;439800;0;0;9726;0;0;0;0;0;0;0;0;0;0
6045.13;79999913;422309;441704;0;0;9729;0;0;0;0;0;0;0;0;0;0
6047.13;79999913;421610;439752;0;0;9786;0;0;0;0;0;0;0;0;0;0
6049.13;79999913;423435;440896;0;0;9731;0;0;0;0;0;0;0;0;0;0
6051.13;79999913;421620;439712;0;0;9806;0;0;0;0;0;0;0;0;0;0
6053.13;79999913;423264;440976;0;0;9793;0;0;0;0;0;0;0;0;0;0
6055.13;79999913;421558;439784;0;0;9711;0;0;0;0;0;0;0;0;0;0
6057.13;79999913;422885;440346;0;0;9815;0;0;0;0;0;0;0;0;0;0
6059.13;79999913;421950;439858;0;0;9721;0;0;0;0;0;0;0;0;0;0
6061.13;79999914;422469;440886;0;0;9865;0;0;0;0;0;0;0;0;0;0
6063.13;79999914;421461;440909;0;0;9749;0;0;0;0;0;0;0;0;0;0
6065.13;79999913;422132;440770;0;0;9707;0;0;0;0;0;0;0;0;0;0
6067.13;79999913;421472;440480;0;0;9752;0;0;0;0;0;0;0;0;0;0
6069.13;79999914;422361;441037;0;0;9818;0;0;0;0;0;0;0;0;0;0
6071.13;79999914;421915;439801;0;0;9707;0;0;0;0;0;0;0;0;0;0
6073.13;79999914;421875;439882;0;0;9585;0;0;0;0;0;0;0;0;0;0
6075.13;79999914;422256;439947;0;0;9869;0;0;0;0;0;0;0;0;0;0
6077.13;79999914;422686;440453;0;0;9883;0;0;0;0;0;0;0;0;0;0
6079.13;79999914;422283;440424;0;0;9686;0;0;0;0;0;0;0;0;0;0
6081.13;79999913;422016;440237;0;0;9770;0;0;0;0;0;0;0;0;0;0
6083.13;79999913;422490;440125;0;0;9693;0;0;0;0;0;0;0;0;0;0
6085.13;79999914;422391;441104;0;0;9802;0;0;0;0;0;0;0;0;0;0
6087.13;79999914;421833;440072;0;0;9828;0;0;0;0;0;0;0;0;0;0
6089.13;79999914;421476;440230;0;0;9674;0;0;0;0;0;0;0;0;0;0
6091.14;79999914;421583;440123;0;0;9856;0;0;0;0;0;0;0;0;0;0
6093.14;79999913;421946;441610;0;0;9488;0;0;0;0;0;0;0;0;0;0
6095.14;79999913;421768;440603;0;0;9693;0;0;0;0;0;0;0;0;0;0
6097.14;79999913;420856;439146;0;0;9714;0;0;0;0;0;0;0;0;0;0
6099.14;79999914;421346;440257;0;0;9921;0;0;0;0;0;0;0;0;0;0
6101.14;79999913;420733;440082;0;0;9965;0;0;0;0;0;0;0;0;0;0
6103.14;79999914;421383;440006;0;0;9662;0;0;0;0;0;0;0;0;0;0
6105.14;79999913;420513;438589;0;0;9838;0;0;0;0;0;0;0;0;0;0
6107.14;79999913;422184;439388;0;0;9722;0;0;0;0;0;0;0;0;0;0
6109.14;79999913;420429;438889;0;0;9731;0;0;0;0;0;0;0;0;0;0
6111.14;79999913;422498;440603;0;0;9870;0;0;0;0;0;0;0;0;0;0
6113.14;79999913;420405;439162;0;0;9836;0;0;0;0;0;0;0;0;0;0
6115.14;79999913;421224;439995;0;0;9724;0;0;0;0;0;0;0;0;0;0
6117.14;79999913;420734;439035;0;0;9741;0;0;0;0;0;0;0;0;0;0
6119.14;79999914;421673;441454;0;0;9649;0;0;0;0;0;0;0;0;0;0
6121.14;79999913;420337;438732;0;0;9805;0;0;0;0;0;0;0;0;0;0
6123.14;79999914;422584;440481;0;0;9725;0;0;0;0;0;0;0;0;0;0
6125.14;79999913;420446;439265;0;0;9717;0;0;0;0;0;0;0;0;0;0
6127.14;79999913;423114;441626;0;0;9784;0;0;0;0;0;0;0;0;0;0
6129.14;79999914;420719;439888;0;0;9922;0;0;0;0;0;0;0;0;0;0
6131.14;79999913;422550;440996;0;0;9716;0;0;0;0;0;0;0;0;0;0
6133.14;79999913;420851;440211;0;0;9890;0;0;0;0;0;0;0;0;0;0
6135.14;79999913;421774;441246;0;0;9857;0;0;0;0;0;0;0;0;0;0
6137.14;79999914;419658;438674;0;0;9679;0;0;0;0;0;0;0;0;0;0
6139.14;79999913;421890;441407;0;0;9684;0;0;0;0;0;0;0;0;0;0
6141.14;79999914;420568;439338;0;0;9821;0;0;0;0;0;0;0;0;0;0
6143.14;79999914;422203;442260;0;0;9985;0;0;0;0;0;0;0;0;0;0
6145.14;79999914;420115;438310;0;0;9874;0;0;0;0;0;0;0;0;0;0
6147.14;79999914;421373;440352;0;0;9711;0;0;0;0;0;0;0;0;0;0
6149.14;79999913;420005;439138;0;0;9660;0;0;0;0;0;0;0;0;0;0
6151.15;79999913;421518;441254;0;0;9849;0;0;0;0;0;0;0;0;0;0
6153.15;79999913;420932;439505;0;0;9691;0;0;0;0;0;0;0;0;0;0
6155.15;79999913;422644;440886;0;0;9764;0;0;0;0;0;0;0;0;0;0
6157.15;79999913;420526;439682;0;0;9888;0;0;0;0;0;0;0;0;0;0
6159.15;79999913;422565;441326;0;0;9759;0;0;0;0;0;0;0;0;0;0
6161.15;79999914;420443;439299;0;0;9708;0;0;0;0;0;0;0;0;0;0
6163.15;79999914;421716;440532;0;0;9828;0;0;0;0;0;0;0;0;0;0
6165.15;79999914;420461;439399;0;0;9488;0;0;0;0;0;0;0;0;0;0
6167.15;79999914;421888;441228;0;0;9722;0;0;0;0;0;0;0;0;0;0
6169.15;79999914;419282;439268;0;0;9637;0;0;0;0;0;0;0;0;0;0
6171.15;79999913;422023;441090;0;0;9816;0;0;0;0;0;0;0;0;0;0
6173.15;79999914;420211;439596;0;0;9737;0;0;0;0;0;0;0;0;0;0
6175.15;79999914;421965;440885;0;0;9779;0;0;0;0;0;0;0;0;0;0
6177.15;79999913;420404;439482;0;0;9634;0;0;0;0;0;0;0;0;0;0
6179.15;79999913;421969;441375;0;0;9931;0;0;0;0;0;0;0;0;0;0
6181.15;79999913;419784;438466;0;0;9553;0;0;0;0;0;0;0;0;0;0
6183.15;79999913;422372;440409;0;0;9722;0;0;0;0;0;0;0;0;0;0
6185.15;79999913;419325;439174;0;0;9920;0;0;0;0;0;0;0;0;0;0
6187.15;79999913;421249;440249;0;0;9755;0;0;0;0;0;0;0;0;0;0
6189.15;79999913;420090;438356;0;0;9795;0;0;0;0;0;0;0;0;0;0
6191.15;79999913;422170;441136;0;0;9765;0;0;0;0;0;0;0;0;0;0
6193.15;79999914;420463;438630;0;0;9785;0;0;0;0;0;0;0;0;0;0
6195.16;79999913;423424;442397;0;0;9734;0;0;0;0;0;0;0;0;0;0
6197.16;79999913;421235;440285;0;0;9966;0;0;0;0;0;0;0;0;0;0
6199.16;79999914;422945;441149;0;0;9706;0;0;0;0;0;0;0;0;0;0
6201.16;79999914;421745;440976;0;0;9775;0;0;0;0;0;0;0;0;0;0
6203.16;79999914;422522;441028;0;0;9902;0;0;0;0;0;0;0;0;0;0
6205.16;79999913;420670;440474;0;0;9919;0;0;0;0;0;0;0;0;0;0
6207.16;79999913;423268;441592;0;0;9930;0;0;0;0;0;0;0;0;0;0
6209.16;79999914;421276;440492;0;0;9801;0;0;0;0;0;0;0;0;0;0
6211.16;79999914;423018;440959;0;0;9953;0;0;0;0;0;0;0;0;0;0
6213.16;79999914;421611;440470;0;0;9830;0;0;0;0;0;0;0;0;0;0
6215.16;79999913;422969;442191;0;0;9748;0;0;0;0;0;0;0;0;0;0
6217.16;79999913;422158;440613;0;0;9853;0;0;0;0;0;0;0;0;0;0
6219.16;79999913;422124;441653;0;0;9794;0;0;0;0;0;0;0;0;0;0
6221.16;79999914;421554;441550;0;0;9924;0;0;0;0;0;0;0;0;0;0
6223.16;79999914;423058;441207;0;0;9925;0;0;0;0;0;0;0;0;0;0
6225.16;79999914;422330;440997;0;0;9926;0;0;0;0;0;0;0;0;0;0
6227.16;79999914;422440;441161;0;0;9914;0;0;0;0;0;0;0;0;0;0
6229.16;79999914;421557;440294;0;0;9648;0;0;0;0;0;0;0;0;0;0
6231.16;79999914;422310;440776;0;0;9849;0;0;0;0;0;0;0;0;0;0
6233.16;79999914;420557;439878;0;0;9752;0;0;0;0;0;0;0;0;0;0
6235.16;79999914;421714;440974;0;0;9878;0;0;0;0;0;0;0;0;0;0
6237.16;79999913;421199;439651;0;0;9723;0;0;0;0;0;0;0;0;0;0
6239.16;79999913;422491;440755;0;0;9757;0;0;0;0;0;0;0;0;0;0
6241.16;79999914;421231;440275;0;0;9727;0;0;0;0;0;0;0;0;0;0
6243.16;79999914;422554;441703;0;0;9717;0;0;0;0;0;0;0;0;0;0
6245.17;79999914;422231;440577;0;0;9734;0;0;0;0;0;0;0;0;0;0
6247.17;79999914;422711;440475;0;0;9970;0;0;0;0;0;0;0;0;0;0
6249.17;79999914;421702;441168;0;0;9920;0;0;0;0;0;0;0;0;0;0
6251.17;79999914;422543;441042;0;0;9902;0;0;0;0;0;0;0;0;0;0
6253.17;79999914;420982;440421;0;0;9783;0;0;0;0;0;0;0;0;0;0
6255.17;79999914;421147;440079;0;0;9733;0;0;0;0;0;0;0;0;0;0
6257.17;79999913;420056;438997;0;0;9687;0;0;0;0;0;0;0;0;0;0
6259.17;79999913;421297;439427;0;0;9800;0;0;0;0;0;0;0;0;0;0
6261.17;79999914;420459;439220;0;0;9887;0;0;0;0;0;0;0;0;0;0
6263.17;79999914;420609;439289;0;0;9724;0;0;0;0;0;0;0;0;0;0
6265.17;79999914;419879;438511;0;0;9798;0;0;0;0;0;0;0;0;0;0
6267.17;79999914;421143;439307;0;0;9633;0;0;0;0;0;0;0;0;0;0
6269.17;79999914;420609;439180;0;0;9725;0;0;0;0;0;0;0;0;0;0
6271.17;79999914;420615;439298;0;0;9720;0;0;0;0;0;0;0;0;0;0
6273.17;79999913;420430;439165;0;0;9897;0;0;0;0;0;0;0;0;0;0
6275.17;79999914;420286;438564;0;0;9864;0;0;0;0;0;0;0;0;0;0
6277.17;79999913;420514;441118;0;0;9865;0;0;0;0;0;0;0;0;0;0
6279.17;79999913;420225;439976;0;0;9825;0;0;0;0;0;0;0;0;0;0
6281.17;79999914;421098;440089;0;0;9720;0;0;0;0;0;0;0;0;0;0
6283.17;79999914;419930;439740;0;0;9735;0;0;0;0;0;0;0;0;0;0
6285.17;79999913;420873;440467;0;0;9949;0;0;0;0;0;0;0;0;0;0
6287.17;79999914;419775;439555;0;0;9748;0;0;0;0;0;0;0;0;0;0
6289.17;79999913;420795;440149;0;0;9732;0;0;0;0;0;0;0;0;0;0
6291.17;79999913;418396;438295;0;0;9819;0;0;0;0;0;0;0;0;0;0
6293.17;79999914;420744;439879;0;0;9691;0;0;0;0;0;0;0;0;0;0
6295.17;79999914;419336;438702;0;0;9740;0;0;0;0;0;0;0;0;0;0
6297.17;79999914;421060;439668;0;0;9721;0;0;0;0;0;0;0;0;0;0
6299.17;79999914;419135;438463;0;0;9573;0;0;0;0;0;0;0;0;0;0
6301.17;79999913;420594;439620;0;0;9836;0;0;0;0;0;0;0;0;0;0
6303.18;79999914;419210;438462;0;0;9583;0;0;0;0;0;0;0;0;0;0
6305.18;79999914;419793;439141;0;0;9749;0;0;0;0;0;0;0;0;0;0
6307.18;79999914;419220;438019;0;0;9802;0;0;0;0;0;0;0;0;0;0
6309.18;79999914;420364;440051;0;0;9918;0;0;0;0;0;0;0;0;0;0
6311.18;79999914;419009;438202;0;0;9858;0;0;0;0;0;0;0;0;0;0
6313.18;79999913;420817;439858;0;0;9857;0;0;0;0;0;0;0;0;0;0
6315.18;79999914;419446;438634;0;0;9862;0;0;0;0;0;0;0;0;0;0
6317.18;79999913;422824;440309;0;0;9704;0;0;0;0;0;0;0;0;0;0
6319.18;79999913;421180;439530;0;0;9773;0;0;0;0;0;0;0;0;0;0
6321.18;79999913;422815;440958;0;0;10054;0;0;0;0;0;0;0;0;0;0
6323.18;79999913;421320;439797;0;0;9783;0;0;0;0;0;0;0;0;0;0
6325.18;79999914;421946;440806;0;0;9674;0;0;0;0;0;0;0;0;0;0
6327.18;79999914;421394;439938;0;0;9771;0;0;0;0;0;0;0;0;0;0
6329.18;79999914;422829;441490;0;0;9928;0;0;0;0;0;0;0;0;0;0
6331.18;79999914;421414;439807;0;0;9710;0;0;0;0;0;0;0;0;0;0
6333.18;79999913;422153;441790;0;0;9665;0;0;0;0;0;0;0;0;0;0
6335.18;79999914;420253;439133;0;0;9669;0;0;0;0;0;0;0;0;0;0
6337.18;79999914;422021;440677;0;0;9729;0;0;0;0;0;0;0;0;0;0
6339.18;79999913;421407;439966;0;0;9660;0;0;0;0;0;0;0;0;0;0
6341.18;79999913;422299;440862;0;0;9910;0;0;0;0;0;0;0;0;0;0
6343.18;79999913;421456;440215;0;0;9870;0;0;0;0;0;0;0;0;0;0
6345.18;79999913;422573;441720;0;0;9780;0;0;0;0;0;0;0;0;0;0
6347.18;79999914;421512;440141;0;0;9681;0;0;0;0;0;0;0;0;0;0
6349.18;79999914;422901;440994;0;0;9938;0;0;0;0;0;0;0;0;0;0
6351.18;79999914;421583;440073;0;0;9815;0;0;0;0;0;0;0;0;0;0
6353.18;79999914;422748;441486;0;0;9694;0;0;0;0;0;0;0;0;0;0
6355.19;79999913;420836;440576;0;0;9743;0;0;0;0;0;0;0;0;0;0
6357.19;79999913;421872;441364;0;0;9694;0;0;0;0;0;0;0;0;0;0
6359.19;79999913;421306;440153;0;0;9715;0;0;0;0;0;0;0;0;0;0
6361.19;79999913;422873;441393;0;0;9756;0;0;0;0;0;0;0;0;0;0
6363.19;79999913;421433;439902;0;0;9829;0;0;0;0;0;0;0;0;0;0
6365.19;79999913;423685;440500;0;0;9861;0;0;0;0;0;0;0;0;0;0
6367.19;79999913;420948;440651;0;0;9732;0;0;0;0;0;0;0;0;0;0
6369.19;79999914;422837;441666;0;0;10082;0;0;0;0;0;0;0;0;0;0
6371.19;79999914;421035;440117;0;0;9802;0;0;0;0;0;0;0;0;0;0
6373.19;79999914;422128;440737;0;0;9987;0;0;0;0;0;0;0;0;0;0
6375.19;79999914;421081;439958;0;0;9756;0;0;0;0;0;0;0;0;0;0
6377.19;79999914;421329;439160;0;0;9759;0;0;0;0;0;0;0;0;0;0
6379.19;79999914;419955;437869;0;0;9809;0;0;0;0;0;0;0;0;0;0
6381.19;79999914;420782;440199;0;0;9807;0;0;0;0;0;0;0;0;0;0
6383.19;79999913;419272;438288;0;0;9784;0;0;0;0;0;0;0;0;0;0
6385.19;79999913;421975;440160;0;0;9777;0;0;0;0;0;0;0;0;0;0
6387.19;79999913;419947;438719;0;0;9797;0;0;0;0;0;0;0;0;0;0
6389.19;79999913;421024;439952;0;0;9757;0;0;0;0;0;0;0;0;0;0
6391.19;79999913;419933;438118;0;0;9653;0;0;0;0;0;0;0;0;0;0
6393.19;79999913;421605;439615;0;0;9915;0;0;0;0;0;0;0;0;0;0
6395.19;79999914;419939;437499;0;0;9688;0;0;0;0;0;0;0;0;0;0
6397.19;79999913;420853;439644;0;0;9803;0;0;0;0;0;0;0;0;0;0
6399.19;79999914;419242;437785;0;0;9648;0;0;0;0;0;0;0;0;0;0
6401.19;79999914;422665;440001;0;0;9804;0;0;0;0;0;0;0;0;0;0
6403.20;79999914;418812;438016;0;0;9746;0;0;0;0;0;0;0;0;0;0
6405.20;79999913;420445;439885;0;0;9623;0;0;0;0;0;0;0;0;0;0
6407.20;79999913;418364;438206;0;0;9713;0;0;0;0;0;0;0;0;0;0
6409.20;79999913;421379;440007;0;0;9817;0;0;0;0;0;0;0;0;0;0
6411.20;79999914;419470;438349;0;0;9682;0;0;0;0;0;0;0;0;0;0
6413.20;79999914;420914;439689;0;0;9817;0;0;0;0;0;0;0;0;0;0
6415.20;79999913;419650;438186;0;0;9820;0;0;0;0;0;0;0;0;0;0
6417.20;79999913;421307;439686;0;0;9784;0;0;0;0;0;0;0;0;0;0
6419.20;79999913;419571;437601;0;0;9586;0;0;0;0;0;0;0;0;0;0
6421.20;79999913;421526;439418;0;0;9719;0;0;0;0;0;0;0;0;0;0
6423.20;79999914;419743;437674;0;0;9549;0;0;0;0;0;0;0;0;0;0
6425.20;79999914;420269;439767;0;0;9799;0;0;0;0;0;0;0;0;0;0
6427.20;79999914;420352;438201;0;0;9785;0;0;0;0;0;0;0;0;0;0
6429.20;79999913;420104;439400;0;0;9595;0;0;0;0;0;0;0;0;0;0
6431.20;79999913;419844;437834;0;0;9879;0;0;0;0;0;0;0;0;0;0
6433.20;79999913;421103;439225;0;0;9709;0;0;0;0;0;0;0;0;0;0
6435.20;79999913;419637;438268;0;0;9780;0;0;0;0;0;0;0;0;0;0
6437.20;79999913;419905;439966;0;0;9633;0;0;0;0;0;0;0;0;0;0
6439.20;79999914;419174;438816;0;0;9800;0;0;0;0;0;0;0;0;0;0
6441.20;79999914;420712;439696;0;0;9916;0;0;0;0;0;0;0;0;0;0
6443.20;79999914;420139;438447;0;0;9749;0;0;0;0;0;0;0;0;0;0
6445.20;79999913;419582;439448;0;0;9759;0;0;0;0;0;0;0;0;0;0
6447.20;79999913;420726;440171;0;0;9710;0;0;0;0;0;0;0;0;0;0
6449.20;79999913;420925;439632;0;0;9745;0;0;0;0;0;0;0;0;0;0
6451.20;79999913;421144;439549;0;0;9804;0;0;0;0;0;0;0;0;0;0
6453.20;79999913;420247;439567;0;0;9658;0;0;0;0;0;0;0;0;0;0
6455.21;79999913;420673;440076;0;0;9998;0;0;0;0;0;0;0;0;0;0
6457.21;79999913;421392;439414;0;0;9860;0;0;0;0;0;0;0;0;0;0
6459.21;79999914;421259;438941;0;0;9703;0;0;0;0;0;0;0;0;0;0
6461.21;79999914;421286;439600;0;0;9885;0;0;0;0;0;0;0;0;0;0
6463.21;79999913;421514;439866;0;0;9725;0;0;0;0;0;0;0;0;0;0
6465.21;79999913;420793;438349;0;0;9823;0;0;0;0;0;0;0;0;0;0
6467.21;79999913;420317;439684;0;0;9890;0;0;0;0;0;0;0;0;0;0
6469.21;79999913;420508;439094;0;0;9725;0;0;0;0;0;0;0;0;0;0
6471.21;79999913;421212;439546;0;0;9752;0;0;0;0;0;0;0;0;0;0
6473.21;79999913;419612;439036;0;0;9900;0;0;0;0;0;0;0;0;0;0
6475.21;79999913;421640;439349;0;0;9671;0;0;0;0;0;0;0;0;0;0
6477.21;79999913;419644;438358;0;0;9766;0;0;0;0;0;0;0;0;0;0
6479.21;79999914;421367;440014;0;0;9941;0;0;0;0;0;0;0;0;0;0
6481.21;79999913;419602;438484;0;0;9735;0;0;0;0;0;0;0;0;0;0
6483.21;79999913;421934;439673;0;0;9898;0;0;0;0;0;0;0;0;0;0
6485.21;79999913;418872;439709;0;0;9694;0;0;0;0;0;0;0;0;0;0
6487.21;79999914;421128;441417;0;0;9767;0;0;0;0;0;0;0;0;0;0
6489.21;79999914;419939;439018;0;0;9740;0;0;0;0;0;0;0;0;0;0
6491.21;79999914;421565;440160;0;0;9670;0;0;0;0;0;0;0;0;0;0
6493.21;79999914;419407;438160;0;0;9851;0;0;0;0;0;0;0;0;0;0
6495.21;79999914;420957;441060;0;0;9850;0;0;0;0;0;0;0;0;0;0
6497.21;79999914;419858;439287;0;0;9750;0;0;0;0;0;0;0;0;0;0
6499.21;79999914;422596;441101;0;0;9938;0;0;0;0;0;0;0;0;0;0
6501.21;79999914;420851;440322;0;0;9794;0;0;0;0;0;0;0;0;0;0
6503.21;79999914;422763;441271;0;0;9919;0;0;0;0;0;0;0;0;0;0
6505.21;79999913;421712;439506;0;0;9646;0;0;0;0;0;0;0;0;0;0
6507.21;79999913;423004;442089;0;0;9686;0;0;0;0;0;0;0;0;0;0
6509.21;79999913;421309;440119;0;0;9771;0;0;0;0;0;0;0;0;0;0
6511.21;79999914;423151;441189;0;0;9784;0;0;0;0;0;0;0;0;0;0
6513.22;79999914;421582;440128;0;0;9819;0;0;0;0;0;0;0;0;0;0
6515.22;79999914;423013;442136;0;0;9825;0;0;0;0;0;0;0;0;0;0
6517.22;79999913;421674;439933;0;0;9663;0;0;0;0;0;0;0;0;0;0
6519.22;79999913;423503;442109;0;0;9757;0;0;0;0;0;0;0;0;0;0
6521.22;79999913;421324;440442;0;0;9797;0;0;0;0;0;0;0;0;0;0
6523.22;79999913;422678;442113;0;0;9848;0;0;0;0;0;0;0;0;0;0
6512.30;79999913;421417;440328;0;0;9814;0;0;0;0;0;0;0;0;0;0
6514.30;79999913;423320;440889;0;0;9723;0;0;0;0;0;0;0;0;0;0
6516.30;79999914;422187;440725;0;0;9887;0;0;0;0;0;0;0;0;0;0
6518.30;79999914;422979;441626;0;0;9806;0;0;0;0;0;0;0;0;0;0
6520.30;79999914;421719;440265;0;0;9820;0;0;0;0;0;0;0;0;0;0
6522.30;79999914;423984;442354;0;0;9670;0;0;0;0;0;0;0;0;0;0
6524.30;79999914;422072;440851;0;0;9854;0;0;0;0;0;0;0;0;0;0
6526.30;79999914;423344;442023;0;0;9875;0;0;0;0;0;0;0;0;0;0
6528.30;79999913;421898;440700;0;0;9778;0;0;0;0;0;0;0;0;0;0
6530.30;79999914;423067;441202;0;0;9829;0;0;0;0;0;0;0;0;0;0
6532.30;79999914;422317;440910;0;0;9804;0;0;0;0;0;0;0;0;0;0
6534.30;79999914;423551;442488;0;0;9939;0;0;0;0;0;0;0;0;0;0
6536.30;79999913;422377;440787;0;0;9707;0;0;0;0;0;0;0;0;0;0
6538.30;79999913;424453;441783;0;0;9900;0;0;0;0;0;0;0;0;0;0
6540.30;79999913;422808;438948;0;0;9948;0;0;0;0;0;0;0;0;0;0
6542.30;79999913;423684;442116;0;0;9786;0;0;0;0;0;0;0;0;0;0
6544.30;79999913;423189;440446;0;0;9739;0;0;0;0;0;0;0;0;0;0
6546.30;79999913;422925;440159;0;0;9701;0;0;0;0;0;0;0;0;0;0
6548.31;79999914;421054;439222;0;0;9646;0;0;0;0;0;0;0;0;0;0
6550.31;79999913;421526;439763;0;0;9846;0;0;0;0;0;0;0;0;0;0
6552.31;79999913;420482;437842;0;0;9693;0;0;0;0;0;0;0;0;0;0
6554.31;79999913;421572;440006;0;0;9753;0;0;0;0;0;0;0;0;0;0
6556.31;79999913;420291;438277;0;0;9757;0;0;0;0;0;0;0;0;0;0
6558.31;79999913;422254;440682;0;0;9597;0;0;0;0;0;0;0;0;0;0
6560.31;79999913;420118;438979;0;0;9839;0;0;0;0;0;0;0;0;0;0
6562.31;79999913;422062;439688;0;0;9910;0;0;0;0;0;0;0;0;0;0
6564.31;79999914;420713;437754;0;0;9725;0;0;0;0;0;0;0;0;0;0
6566.31;79999914;421862;439790;0;0;10014;0;0;0;0;0;0;0;0;0;0
6568.31;79999914;420362;438245;0;0;9988;0;0;0;0;0;0;0;0;0;0
6570.31;79999913;422079;439860;0;0;9725;0;0;0;0;0;0;0;0;0;0
6572.31;79999914;421150;438557;0;0;9624;0;0;0;0;0;0;0;0;0;0
6574.31;79999914;421890;440363;0;0;9904;0;0;0;0;0;0;0;0;0;0
6576.31;79999913;420373;438801;0;0;9778;0;0;0;0;0;0;0;0;0;0
6578.31;79999913;422471;439694;0;0;9863;0;0;0;0;0;0;0;0;0;0
6580.31;79999913;420111;438196;0;0;9756;0;0;0;0;0;0;0;0;0;0
6582.31;79999913;422312;440507;0;0;9972;0;0;0;0;0;0;0;0;0;0
6584.31;79999913;421324;439015;0;0;9747;0;0;0;0;0;0;0;0;0;0
6586.31;79999913;421826;440417;0;0;9880;0;0;0;0;0;0;0;0;0;0
6588.31;79999913;422110;438178;0;0;9687;0;0;0;0;0;0;0;0;0;0
6590.31;79999913;422743;439794;0;0;9978;0;0;0;0;0;0;0;0;0;0
6592.31;79999913;421367;438675;0;0;9821;0;0;0;0;0;0;0;0;0;0
6594.31;79999913;422735;440412;0;0;9862;0;0;0;0;0;0;0;0;0;0
6596.31;79999913;421369;439437;0;0;9943;0;0;0;0;0;0;0;0;0;0
6598.31;79999913;423374;440142;0;0;9817;0;0;0;0;0;0;0;0;0;0
6600.31;79999913;421827;439870;0;0;9656;0;0;0;0;0;0;0;0;0;0
6602.31;79999914;422163;439894;0;0;9657;0;0;0;0;0;0;0;0;0;0
6604.32;79999914;420717;439222;0;0;9746;0;0;0;0;0;0;0;0;0;0
6606.32;79999913;421846;439936;0;0;9775;0;0;0;0;0;0;0;0;0;0
6608.32;79999914;421334;439697;0;0;9827;0;0;0;0;0;0;0;0;0;0
6610.32;79999914;421886;439899;0;0;9743;0;0;0;0;0;0;0;0;0;0
6612.32;79999914;422717;439433;0;0;9810;0;0;0;0;0;0;0;0;0;0
6614.32;79999912;423083;439982;0;0;9821;0;0;0;0;0;0;0;0;0;0
6616.32;79999914;421193;439531;0;0;9713;0;0;0;0;0;0;0;0;0;0
6618.32;79999913;422111;439124;0;0;9764;0;0;0;0;0;0;0;0;0;0
6620.32;79999913;420772;439234;0;0;9859;0;0;0;0;0;0;0;0;0;0
6622.32;79999913;422081;440181;0;0;9941;0;0;0;0;0;0;0;0;0;0
6624.32;79999914;422257;439727;0;0;9773;0;0;0;0;0;0;0;0;0;0
6626.32;79999913;421247;439493;0;0;9724;0;0;0;0;0;0;0;0;0;0
6628.32;79999913;421039;439381;0;0;9636;0;0;0;0;0;0;0;0;0;0
6630.32;79999913;422614;440235;0;0;9639;0;0;0;0;0;0;0;0;0;0
6632.32;79999913;421853;439602;0;0;9760;0;0;0;0;0;0;0;0;0;0
6634.32;79999913;422125;439759;0;0;9835;0;0;0;0;0;0;0;0;0;0
6636.32;79999913;423370;439926;0;0;9834;0;0;0;0;0;0;0;0;0;0
6638.32;79999913;421649;439489;0;0;9818;0;0;0;0;0;0;0;0;0;0
6640.32;79999914;421993;440721;0;0;9741;0;0;0;0;0;0;0;0;0;0
6642.32;79999913;422827;440025;0;0;9726;0;0;0;0;0;0;0;0;0;0
6644.32;79999914;422579;440008;0;0;9824;0;0;0;0;0;0;0;0;0;0
6646.32;79999913;421703;439145;0;0;9923;0;0;0;0;0;0;0;0;0;0
6648.32;79999913;423016;440454;0;0;9700;0;0;0;0;0;0;0;0;0;0
6650.32;79999914;422703;439309;0;0;9791;0;0;0;0;0;0;0;0;0;0
6652.32;79999914;423007;440044;0;0;9880;0;0;0;0;0;0;0;0;0;0
6654.32;79999914;421242;440476;0;0;9964;0;0;0;0;0;0;0;0;0;0
6656.33;79999914;422368;441086;0;0;9789;0;0;0;0;0;0;0;0;0;0
6658.33;79999914;422556;440393;0;0;9694;0;0;0;0;0;0;0;0;0;0
6660.33;79999914;423434;441221;0;0;10062;0;0;0;0;0;0;0;0;0;0
6662.33;79999914;422293;440555;0;0;9926;0;0;0;0;0;0;0;0;0;0
6664.33;79999914;423104;441153;0;0;9808;0;0;0;0;0;0;0;0;0;0
6666.33;79999914;421431;440101;0;0;9883;0;0;0;0;0;0;0;0;0;0
6668.33;79999914;422913;441152;0;0;9792;0;0;0;0;0;0;0;0;0;0
6670.33;79999914;422398;440014;0;0;9842;0;0;0;0;0;0;0;0;0;0
6672.33;79999914;423212;441274;0;0;9805;0;0;0;0;0;0;0;0;0;0
6674.33;79999914;421825;440110;0;0;9804;0;0;0;0;0;0;0;0;0;0
6676.33;79999913;423153;440154;0;0;9696;0;0;0;0;0;0;0;0;0;0
6678.33;79999914;421846;440501;0;0;9729;0;0;0;0;0;0;0;0;0;0
6680.33;79999913;423388;441129;0;0;9809;0;0;0;0;0;0;0;0;0;0
6682.33;79999913;421969;439977;0;0;10073;0;0;0;0;0;0;0;0;0;0
6684.33;79999913;422917;441406;0;0;9909;0;0;0;0;0;0;0;0;0;0
6686.33;79999913;421836;439883;0;0;9858;0;0;0;0;0;0;0;0;0;0
6688.33;79999913;423648;440900;0;0;9663;0;0;0;0;0;0;0;0;0;0
6690.33;79999913;422246;440535;0;0;9854;0;0;0;0;0;0;0;0;0;0
6692.33;79999913;424192;441284;0;0;9903;0;0;0;0;0;0;0;0;0;0
6694.33;79999913;422787;440048;0;0;9823;0;0;0;0;0;0;0;0;0;0
6696.33;79999914;423951;442233;0;0;9821;0;0;0;0;0;0;0;0;0;0
6698.33;79999914;422862;439151;0;0;9702;0;0;0;0;0;0;0;0;0;0
6700.33;79999914;423043;441747;0;0;9877;0;0;0;0;0;0;0;0;0;0
6702.33;79999913;421380;440049;0;0;9821;0;0;0;0;0;0;0;0;0;0
6704.33;79999914;424042;441324;0;0;9773;0;0;0;0;0;0;0;0;0;0
6706.33;79999914;422205;439033;0;0;9923;0;0;0;0;0;0;0;0;0;0
6708.33;79999913;423560;441033;0;0;9708;0;0;0;0;0;0;0;0;0;0
6710.33;79999914;422530;440277;0;0;9757;0;0;0;0;0;0;0;0;0;0
6712.33;79999914;424239;441303;0;0;9699;0;0;0;0;0;0;0;0;0;0
6714.33;79999914;421274;439269;0;0;9821;0;0;0;0;0;0;0;0;0;0
6716.33;79999914;424162;441762;0;0;9747;0;0;0;0;0;0;0;0;0;0
6718.34;79999913;422179;440270;0;0;9696;0;0;0;0;0;0;0;0;0;0
6720.34;79999913;424397;440812;0;0;9947;0;0;0;0;0;0;0;0;0;0
6722.34;79999913;421353;439904;0;0;9695;0;0;0;0;0;0;0;0;0;0
6724.34;79999913;422945;441775;0;0;9780;0;0;0;0;0;0;0;0;0;0
6726.34;79999914;421649;439868;0;0;9748;0;0;0;0;0;0;0;0;0;0
6728.34;79999914;425054;442628;0;0;9836;0;0;0;0;0;0;0;0;0;0
6730.34;79999913;423065;441498;0;0;9815;0;0;0;0;0;0;0;0;0;0
6732.34;79999914;424559;441997;0;0;9902;0;0;0;0;0;0;0;0;0;0
6734.34;79999914;423690;441608;0;0;9686;0;0;0;0;0;0;0;0;0;0
6736.34;79999913;425129;443201;0;0;9842;0;0;0;0;0;0;0;0;0;0
6738.34;79999913;423738;441276;0;0;9816;0;0;0;0;0;0;0;0;0;0
6740.34;79999913;424600;442300;0;0;9736;0;0;0;0;0;0;0;0;0;0
6742.34;79999913;423635;440945;0;0;9766;0;0;0;0;0;0;0;0;0;0
6744.34;79999914;424670;442137;0;0;9991;0;0;0;0;0;0;0;0;0;0
6746.34;79999913;422888;441461;0;0;9930;0;0;0;0;0;0;0;0;0;0
6748.34;79999913;425452;442292;0;0;9911;0;0;0;0;0;0;0;0;0;0
6750.34;79999913;423464;440962;0;0;9849;0;0;0;0;0;0;0;0;0;0
6752.34;79999913;424453;441911;0;0;9842;0;0;0;0;0;0;0;0;0;0
6754.34;79999913;423743;441407;0;0;9969;0;0;0;0;0;0;0;0;0;0
6756.34;79999914;424818;442313;0;0;9800;0;0;0;0;0;0;0;0;0;0
6758.34;79999913;423806;441643;0;0;9745;0;0;0;0;0;0;0;0;0;0
6760.34;79999914;424177;442640;0;0;9968;0;0;0;0;0;0;0;0;0;0
6762.34;79999914;423033;440448;0;0;9791;0;0;0;0;0;0;0;0;0;0
6764.34;79999914;424459;442491;0;0;9822;0;0;0;0;0;0;0;0;0;0
6766.34;79999913;423907;440655;0;0;10028;0;0;0;0;0;0;0;0;0;0
6768.34;79999913;425286;442868;0;0;9829;0;0;0;0;0;0;0;0;0;0
6770.35;79999914;423317;441642;0;0;9811;0;0;0;0;0;0;0;0;0;0
6772.35;79999914;425461;442312;0;0;9845;0;0;0;0;0;0;0;0;0;0
6774.35;79999913;424031;441321;0;0;9629;0;0;0;0;0;0;0;0;0;0
6776.35;79999913;424530;442874;0;0;9884;0;0;0;0;0;0;0;0;0;0
6778.35;79999914;424346;441559;0;0;9958;0;0;0;0;0;0;0;0;0;0
6780.35;79999913;425660;441204;0;0;9881;0;0;0;0;0;0;0;0;0;0
6782.35;79999913;423578;442170;0;0;9909;0;0;0;0;0;0;0;0;0;0
6784.35;79999913;424617;442520;0;0;9985;0;0;0;0;0;0;0;0;0;0
6786.35;79999913;424498;441484;0;0;9804;0;0;0;0;0;0;0;0;0;0
6788.35;79999913;424746;441824;0;0;10005;0;0;0;0;0;0;0;0;0;0
6790.35;79999914;425115;441795;0;0;9766;0;0;0;0;0;0;0;0;0;0
6792.35;79999914;424812;442211;0;0;10017;0;0;0;0;0;0;0;0;0;0
6794.35;79999914;424737;442804;0;0;9986;0;0;0;0;0;0;0;0;0;0
6796.35;79999914;425116;442365;0;0;9880;0;0;0;0;0;0;0;0;0;0
6798.35;79999914;425694;442041;0;0;9833;0;0;0;0;0;0;0;0;0;0
6800.35;79999913;424667;442529;0;0;9899;0;0;0;0;0;0;0;0;0;0
6802.35;79999913;424398;442238;0;0;9894;0;0;0;0;0;0;0;0;0;0
6804.35;79999914;425108;441777;0;0;9841;0;0;0;0;0;0;0;0;0;0
6806.35;79999913;425120;442033;0;0;9889;0;0;0;0;0;0;0;0;0;0
6808.35;79999914;425703;441982;0;0;10090;0;0;0;0;0;0;0;0;0;0
6810.35;79999913;425332;442101;0;0;9875;0;0;0;0;0;0;0;0;0;0
6812.35;79999914;424972;442776;0;0;9917;0;0;0;0;0;0;0;0;0;0
6814.35;79999913;425824;442623;0;0;9976;0;0;0;0;0;0;0;0;0;0
6816.35;79999913;425326;441884;0;0;9821;0;0;0;0;0;0;0;0;0;0
6818.35;79999913;425018;441953;0;0;9899;0;0;0;0;0;0;0;0;0;0
6820.35;79999913;424969;443031;0;0;9700;0;0;0;0;0;0;0;0;0;0
6822.36;79999914;424317;441969;0;0;9755;0;0;0;0;0;0;0;0;0;0
6824.36;79999914;425009;442150;0;0;9836;0;0;0;0;0;0;0;0;0;0
6826.36;79999913;424838;441533;0;0;9800;0;0;0;0;0;0;0;0;0;0
6828.36;79999914;425037;441811;0;0;9914;0;0;0;0;0;0;0;0;0;0
6830.36;79999913;424413;443304;0;0;9769;0;0;0;0;0;0;0;0;0;0
6832.36;79999914;424375;441683;0;0;9863;0;0;0;0;0;0;0;0;0;0
6834.36;79999914;425209;442403;0;0;9882;0;0;0;0;0;0;0;0;0;0
6836.36;79999914;424761;441614;0;0;9849;0;0;0;0;0;0;0;0;0;0
6838.36;79999914;424926;442689;0;0;9974;0;0;0;0;0;0;0;0;0;0
6840.36;79999914;424208;442153;0;0;10014;0;0;0;0;0;0;0;0;0;0
6842.36;79999914;425118;442079;0;0;9932;0;0;0;0;0;0;0;0;0;0
6844.36;79999914;424694;441476;0;0;9859;0;0;0;0;0;0;0;0;0;0
6846.36;79999914;425141;442427;0;0;9830;0;0;0;0;0;0;0;0;0;0
6848.36;79999913;424327;441002;0;0;10031;0;0;0;0;0;0;0;0;0;0
6850.36;79999914;424566;440762;0;0;10118;0;0;0;0;0;0;0;0;0;0
6852.36;79999914;423751;440649;0;0;9795;0;0;0;0;0;0;0;0;0;0
6854.36;79999914;425098;441262;0;0;9955;0;0;0;0;0;0;0;0;0;0
6856.36;79999914;422862;440888;0;0;9760;0;0;0;0;0;0;0;0;0;0
6858.36;79999914;423467;441650;0;0;9921;0;0;0;0;0;0;0;0;0;0
6860.36;79999913;422387;440127;0;0;9783;0;0;0;0;0;0;0;0;0;0
6862.36;79999913;424220;440646;0;0;9807;0;0;0;0;0;0;0;0;0;0
6864.36;79999913;422670;439316;0;0;9958;0;0;0;0;0;0;0;0;0;0
6866.36;79999913;424491;441525;0;0;9737;0;0;0;0;0;0;0;0;0;0
6868.36;79999913;422198;439649;0;0;9902;0;0;0;0;0;0;0;0;0;0
6870.36;79999913;424130;441256;0;0;9648;0;0;0;0;0;0;0;0;0;0
6872.36;79999913;422810;439900;0;0;9905;0;0;0;0;0;0;0;0;0;0
6874.36;79999913;423864;441139;0;0;9978;0;0;0;0;0;0;0;0;0;0
6876.36;79999913;422088;439276;0;0;9835;0;0;0;0;0;0;0;0;0;0
6878.37;79999913;424370;440261;0;0;9872;0;0;0;0;0;0;0;0;0;0
6880.37;79999913;422517;439291;0;0;9942;0;0;0;0;0;0;0;0;0;0
6882.37;79999914;424239;441420;0;0;10075;0;0;0;0;0;0;0;0;0;0
6884.37;79999914;422250;439867;0;0;9700;0;0;0;0;0;0;0;0;0;0
6886.37;79999913;424763;440816;0;0;9878;0;0;0;0;0;0;0;0;0;0
6888.37;79999914;421787;439428;0;0;9787;0;0;0;0;0;0;0;0;0;0
6890.37;79999914;424200;440926;0;0;9782;0;0;0;0;0;0;0;0;0;0
6892.37;79999913;421955;439376;0;0;9679;0;0;0;0;0;0;0;0;0;0
6894.37;79999913;423931;440949;0;0;9874;0;0;0;0;0;0;0;0;0;0
6896.37;79999914;422540;439358;0;0;9871;0;0;0;0;0;0;0;0;0;0
6898.37;79999913;424275;440985;0;0;9839;0;0;0;0;0;0;0;0;0;0
6900.37;79999913;421909;439751;0;0;9775;0;0;0;0;0;0;0;0;0;0
6902.37;79999913;424582;441510;0;0;9914;0;0;0;0;0;0;0;0;0;0
6904.37;79999914;421605;439056;0;0;9674;0;0;0;0;0;0;0;0;0;0
6906.37;79999914;423898;440817;0;0;9816;0;0;0;0;0;0;0;0;0;0
6908.37;79999914;421653;439282;0;0;9811;0;0;0;0;0;0;0;0;0;0
6910.37;79999913;423529;441273;0;0;9816;0;0;0;0;0;0;0;0;0;0
6912.37;79999913;422626;440089;0;0;9806;0;0;0;0;0;0;0;0;0;0
6914.37;79999913;423373;441070;0;0;9974;0;0;0;0;0;0;0;0;0;0
6916.37;79999914;422042;439803;0;0;9698;0;0;0;0;0;0;0;0;0;0
6918.37;79999914;424619;441389;0;0;9865;0;0;0;0;0;0;0;0;0;0
6920.37;79999914;422332;439948;0;0;9834;0;0;0;0;0;0;0;0;0;0
6922.37;79999913;424628;441449;0;0;9928;0;0;0;0;0;0;0;0;0;0
6924.37;79999913;422495;440694;0;0;9811;0;0;0;0;0;0;0;0;0;0
6926.37;79999912;424298;441968;0;0;9831;0;0;0;0;0;0;0;0;0;0
6928.37;79999913;422445;439693;0;0;9781;0;0;0;0;0;0;0;0;0;0
6930.37;79999913;424148;441244;0;0;9920;0;0;0;0;0;0;0;0;0;0
6932.37;79999914;422395;439684;0;0;9950;0;0;0;0;0;0;0;0;0;0
6934.37;79999914;423932;441171;0;0;9847;0;0;0;0;0;0;0;0;0;0
6936.37;79999913;422766;439787;0;0;9740;0;0;0;0;0;0;0;0;0;0
6938.38;79999914;424402;441419;0;0;9826;0;0;0;0;0;0;0;0;0;0
6940.38;79999914;421816;440374;0;0;9712;0;0;0;0;0;0;0;0;0;0
6942.38;79999914;424113;440845;0;0;9855;0;0;0;0;0;0;0;0;0;0
6944.38;79999914;423053;440040;0;0;9947;0;0;0;0;0;0;0;0;0;0
6946.38;79999913;423570;440931;0;0;9850;0;0;0;0;0;0;0;0;0;0
6948.38;79999913;421892;440213;0;0;9890;0;0;0;0;0;0;0;0;0;0
6950.38;79999914;424535;441155;0;0;9783;0;0;0;0;0;0;0;0;0;0
6952.38;79999914;422849;440323;0;0;9735;0;0;0;0;0;0;0;0;0;0
6954.38;79999913;423523;441761;0;0;9924;0;0;0;0;0;0;0;0;0;0
6956.38;79999913;422041;440423;0;0;9779;0;0;0;0;0;0;0;0;0;0
6958.38;79999914;423841;440985;0;0;9757;0;0;0;0;0;0;0;0;0;0
6960.38;79999914;421683;439522;0;0;9914;0;0;0;0;0;0;0;0;0;0
6962.38;79999914;423757;441653;0;0;9898;0;0;0;0;0;0;0;0;0;0
6964.38;79999913;422603;439863;0;0;9677;0;0;0;0;0;0;0;0;0;0
6966.38;79999913;423613;442047;0;0;9841;0;0;0;0;0;0;0;0;0;0
6968.38;79999914;421901;440279;0;0;9761;0;0;0;0;0;0;0;0;0;0
6970.38;79999913;421715;440207;0;0;10187;0;0;0;0;0;0;0;0;0;0
6972.38;79999914;421470;438852;0;0;9721;0;0;0;0;0;0;0;0;0;0
6974.38;79999913;422533;439388;0;0;10028;0;0;0;0;0;0;0;0;0;0
6976.38;79999914;420901;438465;0;0;9845;0;0;0;0;0;0;0;0;0;0
6978.38;79999913;420754;440341;0;0;9861;0;0;0;0;0;0;0;0;0;0
6980.38;79999913;420336;438528;0;0;9706;0;0;0;0;0;0;0;0;0;0
6982.38;79999914;421774;439696;0;0;9877;0;0;0;0;0;0;0;0;0;0
6984.38;79999914;421254;438214;0;0;9901;0;0;0;0;0;0;0;0;0;0
6986.38;79999913;421738;439741;0;0;9758;0;0;0;0;0;0;0;0;0;0
6988.38;79999914;420097;438873;0;0;9718;0;0;0;0;0;0;0;0;0;0
6990.38;79999914;420903;439672;0;0;10005;0;0;0;0;0;0;0;0;0;0
6992.39;79999913;421133;437449;0;0;9781;0;0;0;0;0;0;0;0;0;0
6994.39;79999913;422132;439244;0;0;9669;0;0;0;0;0;0;0;0;0;0
6996.39;79999913;420550;437788;0;0;9632;0;0;0;0;0;0;0;0;0;0
6998.39;79999913;421486;439654;0;0;9932;0;0;0;0;0;0;0;0;0;0
7000.39;79999913;420734;437813;0;0;9766;0;0;0;0;0;0;0;0;0;0
7002.39;79999913;422192;438802;0;0;9994;0;0;0;0;0;0;0;0;0;0
7004.39;79999914;420581;438601;0;0;9838;0;0;0;0;0;0;0;0;0;0
7006.39;79999914;420607;438441;0;0;9859;0;0;0;0;0;0;0;0;0;0
7008.39;79999914;420973;439594;0;0;9954;0;0;0;0;0;0;0;0;0;0
7010.39;79999914;421322;438971;0;0;9887;0;0;0;0;0;0;0;0;0;0
7012.39;79999914;420813;439356;0;0;9753;0;0;0;0;0;0;0;0;0;0
7014.39;79999913;420880;439150;0;0;9698;0;0;0;0;0;0;0;0;0;0
7016.39;79999913;420156;439161;0;0;9724;0;0;0;0;0;0;0;0;0;0
7018.39;79999912;420969;439067;0;0;9910;0;0;0;0;0;0;0;0;0;0
7020.39;79999914;420735;438836;0;0;9795;0;0;0;0;0;0;0;0;0;0
7022.39;79999914;420165;438644;0;0;9950;0;0;0;0;0;0;0;0;0;0
7024.39;79999914;421741;439272;0;0;9892;0;0;0;0;0;0;0;0;0;0
7026.39;79999914;420529;438184;0;0;9883;0;0;0;0;0;0;0;0;0;0
7028.39;79999913;422552;439112;0;0;9708;0;0;0;0;0;0;0;0;0;0
7030.39;79999913;420691;438629;0;0;9941;0;0;0;0;0;0;0;0;0;0
7032.39;79999913;422500;440351;0;0;9817;0;0;0;0;0;0;0;0;0;0
7034.39;79999913;423544;440909;0;0;9902;0;0;0;0;0;0;0;0;0;0
7036.39;79999913;423918;442101;0;0;9605;0;0;0;0;0;0;0;0;0;0
7038.39;79999914;422573;440689;0;0;9901;0;0;0;0;0;0;0;0;0;0
7040.39;79999913;423757;441105;0;0;9762;0;0;0;0;0;0;0;0;0;0
7042.39;79999913;422017;440616;0;0;9787;0;0;0;0;0;0;0;0;0;0
7044.39;79999913;424678;441730;0;0;9871;0;0;0;0;0;0;0;0;0;0
7046.39;79999913;422437;440365;0;0;9955;0;0;0;0;0;0;0;0;0;0
7048.39;79999913;424603;442353;0;0;9848;0;0;0;0;0;0;0;0;0;0
7050.39;79999913;423716;440097;0;0;9962;0;0;0;0;0;0;0;0;0;0
7052.39;79999914;423574;442004;0;0;9724;0;0;0;0;0;0;0;0;0;0
7054.39;79999914;422350;439986;0;0;10044;0;0;0;0;0;0;0;0;0;0
7056.39;79999913;424248;441463;0;0;9855;0;0;0;0;0;0;0;0;0;0
7058.40;79999913;422484;441108;0;0;9593;0;0;0;0;0;0;0;0;0;0
7060.40;79999913;424185;441984;0;0;9805;0;0;0;0;0;0;0;0;0;0
7062.40;79999913;422779;439635;0;0;9731;0;0;0;0;0;0;0;0;0;0
7064.40;79999913;424351;442530;0;0;9956;0;0;0;0;0;0;0;0;0;0
7066.40;79999913;423056;440249;0;0;9830;0;0;0;0;0;0;0;0;0;0
7068.40;79999913;424839;441953;0;0;9800;0;0;0;0;0;0;0;0;0;0
7070.40;79999914;422570;440360;0;0;9846;0;0;0;0;0;0;0;0;0;0
7072.40;79999913;424767;442423;0;0;9867;0;0;0;0;0;0;0;0;0;0
7074.40;79999913;422185;440836;0;0;10003;0;0;0;0;0;0;0;0;0;0
7076.40;79999913;423728;442159;0;0;9902;0;0;0;0;0;0;0;0;0;0
7078.40;79999913;422851;440432;0;0;9934;0;0;0;0;0;0;0;0;0;0
7080.40;79999913;425021;441143;0;0;9794;0;0;0;0;0;0;0;0;0;0
7082.40;79999914;422969;439247;0;0;9918;0;0;0;0;0;0;0;0;0;0
7084.40;79999913;424477;441867;0;0;9851;0;0;0;0;0;0;0;0;0;0
7086.40;79999913;422726;440314;0;0;9838;0;0;0;0;0;0;0;0;0;0
7088.40;79999913;424809;440823;0;0;9987;0;0;0;0;0;0;0;0;0;0
7090.40;79999913;423206;441497;0;0;10039;0;0;0;0;0;0;0;0;0;0
7092.40;79999913;424585;441689;0;0;9770;0;0;0;0;0;0;0;0;0;0
7094.40;79999914;423828;439914;0;0;9826;0;0;0;0;0;0;0;0;0;0
7096.40;79999914;425395;442585;0;0;9896;0;0;0;0;0;0;0;0;0;0
7098.40;79999914;423066;440386;0;0;9972;0;0;0;0;0;0;0;0;0;0
7100.40;79999914;425014;441105;0;0;10079;0;0;0;0;0;0;0;0;0;0
7102.40;79999913;423377;439959;0;0;9907;0;0;0;0;0;0;0;0;0;0
7104.40;79999914;424794;441472;0;0;9845;0;0;0;0;0;0;0;0;0;0
7106.40;79999913;422118;440202;0;0;9857;0;0;0;0;0;0;0;0;0;0
7108.40;79999913;424633;441775;0;0;9743;0;0;0;0;0;0;0;0;0;0
7110.41;79999913;423260;439970;0;0;9966;0;0;0;0;0;0;0;0;0;0
7112.41;79999914;424975;442374;0;0;9991;0;0;0;0;0;0;0;0;0;0
7114.41;79999914;423282;440425;0;0;10014;0;0;0;0;0;0;0;0;0;0
7116.41;79999914;425322;442022;0;0;9949;0;0;0;0;0;0;0;0;0;0
7118.41;79999914;423301;440869;0;0;9871;0;0;0;0;0;0;0;0;0;0
7120.41;79999913;424920;441089;0;0;10028;0;0;0;0;0;0;0;0;0;0
7122.41;79999914;422814;440048;0;0;9965;0;0;0;0;0;0;0;0;0;0
7124.41;79999913;424378;441153;0;0;9783;0;0;0;0;0;0;0;0;0;0
7126.41;79999913;423750;440332;0;0;9926;0;0;0;0;0;0;0;0;0;0
7128.41;79999913;425789;442542;0;0;9835;0;0;0;0;0;0;0;0;0;0
7130.41;79999914;424347;440181;0;0;9876;0;0;0;0;0;0;0;0;0;0
7132.41;79999914;425469;442348;0;0;9854;0;0;0;0;0;0;0;0;0;0
7134.41;79999913;423894;440849;0;0;9872;0;0;0;0;0;0;0;0;0;0
7136.41;79999914;425907;442761;0;0;9867;0;0;0;0;0;0;0;0;0;0
7138.41;79999914;424407;440838;0;0;9847;0;0;0;0;0;0;0;0;0;0
7140.41;79999914;426133;442231;0;0;9902;0;0;0;0;0;0;0;0;0;0
7142.41;79999913;423695;440411;0;0;10015;0;0;0;0;0;0;0;0;0;0
7144.41;79999913;425301;442282;0;0;9830;0;0;0;0;0;0;0;0;0;0
7146.41;79999914;424921;440755;0;0;9883;0;0;0;0;0;0;0;0;0;0
7148.41;79999913;425280;442287;0;0;9925;0;0;0;0;0;0;0;0;0;0
7150.41;79999914;423691;440904;0;0;9864;0;0;0;0;0;0;0;0;0;0
7152.42;79999914;425359;442243;0;0;10109;0;0;0;0;0;0;0;0;0;0
7154.42;79999914;423752;441654;0;0;9809;0;0;0;0;0;0;0;0;0;0
7156.42;79999914;425252;442542;0;0;10028;0;0;0;0;0;0;0;0;0;0
7158.42;79999913;424642;440967;0;0;9824;0;0;0;0;0;0;0;0;0;0
7160.42;79999913;426090;441854;0;0;9796;0;0;0;0;0;0;0;0;0;0
7162.42;79999913;423260;440514;0;0;9969;0;0;0;0;0;0;0;0;0;0
7164.42;79999913;424870;441517;0;0;9920;0;0;0;0;0;0;0;0;0;0
7166.42;79999913;424212;440204;0;0;9738;0;0;0;0;0;0;0;0;0;0
7168.42;79999914;425664;441551;0;0;9902;0;0;0;0;0;0;0;0;0;0
7170.42;79999914;423254;441525;0;0;9750;0;0;0;0;0;0;0;0;0;0
7172.42;79999914;424525;442853;0;0;9910;0;0;0;0;0;0;0;0;0;0
7174.42;79999914;423685;441100;0;0;9852;0;0;0;0;0;0;0;0;0;0
7176.42;79999914;424657;442603;0;0;10000;0;0;0;0;0;0;0;0;0;0
7178.42;79999914;424102;441619;0;0;9938;0;0;0;0;0;0;0;0;0;0
7180.42;79999914;424870;442430;0;0;9884;0;0;0;0;0;0;0;0;0;0
7182.42;79999914;423892;440956;0;0;9932;0;0;0;0;0;0;0;0;0;0
7184.42;79999914;424647;442961;0;0;9714;0;0;0;0;0;0;0;0;0;0
7186.42;79999913;424643;441066;0;0;9922;0;0;0;0;0;0;0;0;0;0
7188.42;79999914;424702;441613;0;0;10005;0;0;0;0;0;0;0;0;0;0
7190.42;79999914;423919;440875;0;0;9969;0;0;0;0;0;0;0;0;0;0
7192.42;79999913;424359;441151;0;0;9863;0;0;0;0;0;0;0;0;0;0
7194.42;79999913;424499;441485;0;0;9842;0;0;0;0;0;0;0;0;0;0
7196.42;79999913;424408;441617;0;0;9718;0;0;0;0;0;0;0;0;0;0
7198.42;79999913;424838;442018;0;0;10079;0;0;0;0;0;0;0;0;0;0
7200.42;79999914;424920;441798;0;0;10012;0;0;0;0;0;0;0;0;0;0
7202.42;79999913;425433;442251;0;0;9838;0;0;0;0;0;0;0;0;0;0
7204.42;79999913;425592;442482;0;0;9715;0;0;0;0;0;0;0;0;0;0
7206.43;79999913;425119;441616;0;0;10006;0;0;0;0;0;0;0;0;0;0
7208.43;79999914;424215;441682;0;0;9850;0;0;0;0;0;0;0;0;0;0
7210.43;79999914;424346;442775;0;0;9848;0;0;0;0;0;0;0;0;0;0
7212.43;79999914;424788;441924;0;0;9829;0;0;0;0;0;0;0;0;0;0
7214.43;79999914;426473;443673;0;0;10139;0;0;0;0;0;0;0;0;0;0
7216.43;79999914;425150;444253;0;0;9888;0;0;0;0;0;0;0;0;0;0
7218.43;79999913;426306;444339;0;0;9858;0;0;0;0;0;0;0;0;0;0
7220.43;79999913;426317;443599;0;0;9806;0;0;0;0;0;0;0;0;0;0
7222.43;79999913;426429;443109;0;0;9798;0;0;0;0;0;0;0;0;0;0
7224.43;79999914;426525;443205;0;0;9879;0;0;0;0;0;0;0;0;0;0
7226.43;79999914;426485;443145;0;0;10004;0;0;0;0;0;0;0;0;0;0
7228.43;79999914;425719;442936;0;0;9928;0;0;0;0;0;0;0;0;0;0
7230.43;79999913;426601;443231;0;0;9849;0;0;0;0;0;0;0;0;0;0
7232.43;79999914;425970;442289;0;0;9874;0;0;0;0;0;0;0;0;0;0
7234.43;79999913;426602;443244;0;0;9951;0;0;0;0;0;0;0;0;0;0
7236.43;79999913;425218;442587;0;0;10000;0;0;0;0;0;0;0;0;0;0
7238.43;79999913;426436;444210;0;0;9895;0;0;0;0;0;0;0;0;0;0
7240.43;79999913;425467;442463;0;0;9850;0;0;0;0;0;0;0;0;0;0
7242.43;79999913;426530;443862;0;0;9883;0;0;0;0;0;0;0;0;0;0
7244.43;79999914;425272;442180;0;0;9672;0;0;0;0;0;0;0;0;0;0
7246.43;79999913;426211;443384;0;0;9761;0;0;0;0;0;0;0;0;0;0
7248.43;79999913;425104;442773;0;0;9863;0;0;0;0;0;0;0;0;0;0
7250.43;79999913;427364;444437;0;0;10059;0;0;0;0;0;0;0;0;0;0
7252.43;79999913;424841;443049;0;0;9934;0;0;0;0;0;0;0;0;0;0
7254.43;79999914;426745;444216;0;0;10113;0;0;0;0;0;0;0;0;0;0
7256.43;79999913;425084;442290;0;0;9748;0;0;0;0;0;0;0;0;0;0
7258.43;79999914;427153;443600;0;0;9750;0;0;0;0;0;0;0;0;0;0
7260.43;79999913;425773;442711;0;0;9866;0;0;0;0;0;0;0;0;0;0
7262.43;79999914;426973;443581;0;0;9712;0;0;0;0;0;0;0;0;0;0
7264.43;79999914;426562;442018;0;0;9848;0;0;0;0;0;0;0;0;0;0
7266.44;79999913;426162;443742;0;0;9895;0;0;0;0;0;0;0;0;0;0
7268.44;79999913;425758;443098;0;0;9757;0;0;0;0;0;0;0;0;0;0
7270.44;79999913;426941;443531;0;0;9874;0;0;0;0;0;0;0;0;0;0
7272.44;79999913;425555;442189;0;0;9856;0;0;0;0;0;0;0;0;0;0
7274.44;79999914;426960;444019;0;0;10065;0;0;0;0;0;0;0;0;0;0
7276.44;79999913;425956;443183;0;0;9841;0;0;0;0;0;0;0;0;0;0
7278.44;79999913;427224;443232;0;0;9844;0;0;0;0;0;0;0;0;0;0
7280.44;79999913;425347;442678;0;0;10076;0;0;0;0;0;0;0;0;0;0
7282.44;79999913;426956;443597;0;0;9695;0;0;0;0;0;0;0;0;0;0
7284.44;79999914;425381;442855;0;0;9829;0;0;0;0;0;0;0;0;0;0
7286.44;79999914;427302;444132;0;0;9850;0;0;0;0;0;0;0;0;0;0
7288.44;79999914;425479;443085;0;0;9877;0;0;0;0;0;0;0;0;0;0
7290.44;79999913;426584;443679;0;0;10064;0;0;0;0;0;0;0;0;0;0
7292.44;79999913;425759;442754;0;0;9699;0;0;0;0;0;0;0;0;0;0
7294.44;79999913;427592;443409;0;0;9903;0;0;0;0;0;0;0;0;0;0
7296.44;79999913;425882;442523;0;0;9711;0;0;0;0;0;0;0;0;0;0
7298.44;79999913;427417;443443;0;0;9704;0;0;0;0;0;0;0;0;0;0
7300.44;79999914;425869;442459;0;0;9930;0;0;0;0;0;0;0;0;0;0
7302.44;79999914;426656;444297;0;0;10067;0;0;0;0;0;0;0;0;0;0
7304.44;79999913;425888;442561;0;0;9991;0;0;0;0;0;0;0;0;0;0
7306.44;79999913;426525;443661;0;0;10018;0;0;0;0;0;0;0;0;0;0
7308.44;79999913;426177;443342;0;0;9862;0;0;0;0;0;0;0;0;0;0
7310.44;79999913;427920;443758;0;0;9901;0;0;0;0;0;0;0;0;0;0
7312.44;79999913;425342;442400;0;0;9962;0;0;0;0;0;0;0;0;0;0
7314.44;79999914;427004;443607;0;0;9778;0;0;0;0;0;0;0;0;0;0
7316.44;79999914;426435;442476;0;0;9980;0;0;0;0;0;0;0;0;0;0
7318.44;79999914;427393;443566;0;0;9998;0;0;0;0;0;0;0;0;0;0
7320.44;79999913;425884;443037;0;0;10019;0;0;0;0;0;0;0;0;0;0
7322.44;79999913;427290;444854;0;0;9884;0;0;0;0;0;0;0;0;0;0
7324.44;79999913;425538;443326;0;0;9829;0;0;0;0;0;0;0;0;0;0
7326.44;79999914;427673;444546;0;0;9979;0;0;0;0;0;0;0;0;0;0
7328.44;79999914;425801;442771;0;0;9745;0;0;0;0;0;0;0;0;0;0
7330.45;79999913;427388;444291;0;0;9778;0;0;0;0;0;0;0;0;0;0
7332.45;79999913;425874;443851;0;0;9890;0;0;0;0;0;0;0;0;0;0
7334.45;79999913;426422;442938;0;0;9850;0;0;0;0;0;0;0;0;0;0
7336.45;79999914;425513;441219;0;0;10011;0;0;0;0;0;0;0;0;0;0
7338.45;79999913;426619;443192;0;0;9869;0;0;0;0;0;0;0;0;0;0
7340.45;79999913;424934;441647;0;0;9855;0;0;0;0;0;0;0;0;0;0
7342.45;79999913;426256;442841;0;0;9846;0;0;0;0;0;0;0;0;0;0
7344.45;79999914;424479;441695;0;0;10004;0;0;0;0;0;0;0;0;0;0
7346.45;79999913;425767;443041;0;0;9962;0;0;0;0;0;0;0;0;0;0
7348.45;79999914;425085;440947;0;0;9758;0;0;0;0;0;0;0;0;0;0
7350.45;79999913;426109;442675;0;0;9821;0;0;0;0;0;0;0;0;0;0
7352.45;79999913;425584;441320;0;0;9891;0;0;0;0;0;0;0;0;0;0
7354.45;79999914;426954;443263;0;0;9890;0;0;0;0;0;0;0;0;0;0
7356.45;79999914;425494;442456;0;0;9930;0;0;0;0;0;0;0;0;0;0
7358.45;79999914;426122;442882;0;0;10036;0;0;0;0;0;0;0;0;0;0
7360.45;79999914;426075;441931;0;0;10050;0;0;0;0;0;0;0;0;0;0
7362.45;79999914;426434;442756;0;0;9887;0;0;0;0;0;0;0;0;0;0
7364.45;79999913;426541;442270;0;0;9811;0;0;0;0;0;0;0;0;0;0
7366.45;79999913;425096;442153;0;0;9919;0;0;0;0;0;0;0;0;0;0
7368.45;79999913;425763;441651;0;0;10039;0;0;0;0;0;0;0;0;0;0
7370.45;79999913;425602;442724;0;0;10055;0;0;0;0;0;0;0;0;0;0
7372.45;79999913;424764;442463;0;0;9888;0;0;0;0;0;0;0;0;0;0
7374.45;79999914;426455;442329;0;0;9819;0;0;0;0;0;0;0;0;0;0
7376.45;79999913;424258;442239;0;0;9768;0;0;0;0;0;0;0;0;0;0
7378.46;79999913;425811;442523;0;0;9966;0;0;0;0;0;0;0;0;0;0
7380.46;79999914;426591;442134;0;0;9823;0;0;0;0;0;0;0;0;0;0
7382.46;79999913;426091;443121;0;0;10026;0;0;0;0;0;0;0;0;0;0
7384.46;79999914;424498;442632;0;0;10069;0;0;0;0;0;0;0;0;0;0
7386.46;79999914;425663;442289;0;0;9944;0;0;0;0;0;0;0;0;0;0
7388.46;79999914;425493;442657;0;0;9882;0;0;0;0;0;0;0;0;0;0
7390.46;79999914;425339;442588;0;0;9953;0;0;0;0;0;0;0;0;0;0
7392.46;79999913;425859;442458;0;0;9977;0;0;0;0;0;0;0;0;0;0
7394.46;79999914;424276;442380;0;0;10175;0;0;0;0;0;0;0;0;0;0
7396.46;79999913;426105;442303;0;0;9787;0;0;0;0;0;0;0;0;0;0
7398.46;79999913;425160;441235;0;0;9889;0;0;0;0;0;0;0;0;0;0
7400.46;79999913;426008;442681;0;0;10011;0;0;0;0;0;0;0;0;0;0
7402.46;79999914;424988;440920;0;0;9867;0;0;0;0;0;0;0;0;0;0
7404.46;79999913;425695;442458;0;0;9809;0;0;0;0;0;0;0;0;0;0
7406.46;79999913;425182;441770;0;0;9943;0;0;0;0;0;0;0;0;0;0
7408.46;79999913;426092;443211;0;0;9921;0;0;0;0;0;0;0;0;0;0
7410.46;79999913;424938;441728;0;0;9780;0;0;0;0;0;0;0;0;0;0
7412.46;79999913;425518;442826;0;0;10024;0;0;0;0;0;0;0;0;0;0
7414.46;79999913;425429;441327;0;0;9962;0;0;0;0;0;0;0;0;0;0
7416.46;79999913;426496;443466;0;0;9881;0;0;0;0;0;0;0;0;0;0
7418.46;79999914;425080;441737;0;0;9937;0;0;0;0;0;0;0;0;0;0
7420.47;79999914;426406;443673;0;0;9862;0;0;0;0;0;0;0;0;0;0
7422.47;79999914;424666;441590;0;0;10042;0;0;0;0;0;0;0;0;0;0
7424.47;79999914;426614;443240;0;0;9844;0;0;0;0;0;0;0;0;0;0
7426.47;79999914;425625;442229;0;0;10026;0;0;0;0;0;0;0;0;0;0
7428.47;79999914;426746;443483;0;0;9981;0;0;0;0;0;0;0;0;0;0
7430.47;79999913;424349;441770;0;0;9805;0;0;0;0;0;0;0;0;0;0
7432.47;79999913;426844;442924;0;0;10172;0;0;0;0;0;0;0;0;0;0
7434.47;79999914;424790;441732;0;0;9661;0;0;0;0;0;0;0;0;0;0
7436.47;79999914;426097;443450;0;0;10012;0;0;0;0;0;0;0;0;0;0
7438.47;79999914;425448;441717;0;0;9818;0;0;0;0;0;0;0;0;0;0
7440.47;79999913;427398;443935;0;0;9765;0;0;0;0;0;0;0;0;0;0
7442.47;79999914;425376;442902;0;0;9985;0;0;0;0;0;0;0;0;0;0
7444.47;79999913;427157;443564;0;0;10051;0;0;0;0;0;0;0;0;0;0
7446.47;79999913;424770;442039;0;0;9918;0;0;0;0;0;0;0;0;0;0
7448.48;79999913;426387;443516;0;0;9653;0;0;0;0;0;0;0;0;0;0
7450.48;79999913;425199;441293;0;0;9863;0;0;0;0;0;0;0;0;0;0
7452.48;79999913;426951;443959;0;0;10076;0;0;0;0;0;0;0;0;0;0
7454.48;79999913;425196;441932;0;0;9767;0;0;0;0;0;0;0;0;0;0
7456.48;79999913;426252;443402;0;0;10179;0;0;0;0;0;0;0;0;0;0
7458.48;79999913;424713;441149;0;0;9769;0;0;0;0;0;0;0;0;0;0
7460.48;79999913;426329;443912;0;0;9924;0;0;0;0;0;0;0;0;0;0
7462.48;79999913;425625;442236;0;0;9840;0;0;0;0;0;0;0;0;0;0
7464.48;79999913;427042;443951;0;0;9831;0;0;0;0;0;0;0;0;0;0
7466.48;79999913;425308;442121;0;0;10023;0;0;0;0;0;0;0;0;0;0
7468.48;79999913;426568;443899;0;0;9920;0;0;0;0;0;0;0;0;0;0
7470.48;79999913;425038;441917;0;0;10004;0;0;0;0;0;0;0;0;0;0
7472.48;79999913;426597;443675;0;0;9921;0;0;0;0;0;0;0;0;0;0
7474.48;79999913;424588;441908;0;0;9910;0;0;0;0;0;0;0;0;0;0
7476.48;79999913;426806;443421;0;0;9777;0;0;0;0;0;0;0;0;0;0
7478.48;79999913;425420;442135;0;0;9929;0;0;0;0;0;0;0;0;0;0
7480.48;79999914;427310;444179;0;0;9923;0;0;0;0;0;0;0;0;0;0
7482.48;79999914;424737;441642;0;0;9722;0;0;0;0;0;0;0;0;0;0
7484.48;79999914;426310;443177;0;0;9848;0;0;0;0;0;0;0;0;0;0
7486.48;79999914;424670;441942;0;0;9791;0;0;0;0;0;0;0;0;0;0
7488.48;79999914;426016;443591;0;0;9877;0;0;0;0;0;0;0;0;0;0
7490.48;79999913;425258;441718;0;0;9803;0;0;0;0;0;0;0;0;0;0
7492.48;79999914;427382;444903;0;0;9947;0;0;0;0;0;0;0;0;0;0
7494.48;79999913;424817;441901;0;0;9807;0;0;0;0;0;0;0;0;0;0
7496.48;79999913;426552;444338;0;0;9971;0;0;0;0;0;0;0;0;0;0
7498.49;79999913;425549;442305;0;0;9734;0;0;0;0;0;0;0;0;0;0
7500.49;79999913;427139;443383;0;0;10028;0;0;0;0;0;0;0;0;0;0
7502.49;79999914;424829;441458;0;0;9886;0;0;0;0;0;0;0;0;0;0
7504.49;79999913;426113;444715;0;0;9661;0;0;0;0;0;0;0;0;0;0
7506.49;79999913;425110;442924;0;0;9757;0;0;0;0;0;0;0;0;0;0
7508.49;79999914;426815;443926;0;0;9958;0;0;0;0;0;0;0;0;0;0
7510.49;79999914;423630;441916;0;0;9924;0;0;0;0;0;0;0;0;0;0
7512.49;79999913;426394;444204;0;0;9904;0;0;0;0;0;0;0;0;0;0
7514.49;79999913;426223;442316;0;0;9728;0;0;0;0;0;0;0;0;0;0
7516.49;79999914;425327;442650;0;0;9851;0;0;0;0;0;0;0;0;0;0
7518.49;79999913;422735;439966;0;0;9788;0;0;0;0;0;0;0;0;0;0
7520.49;79999913;424555;442642;0;0;9884;0;0;0;0;0;0;0;0;0;0
7522.49;79999914;422579;439982;0;0;9941;0;0;0;0;0;0;0;0;0;0
7524.49;79999913;423887;442511;0;0;9849;0;0;0;0;0;0;0;0;0;0
7526.49;79999913;422390;440033;0;0;9842;0;0;0;0;0;0;0;0;0;0
7528.49;79999914;424377;442424;0;0;9786;0;0;0;0;0;0;0;0;0;0
7530.49;79999914;422681;440780;0;0;9798;0;0;0;0;0;0;0;0;0;0
7532.49;79999914;424404;441289;0;0;9834;0;0;0;0;0;0;0;0;0;0
7534.49;79999914;422527;439049;0;0;9877;0;0;0;0;0;0;0;0;0;0
7536.49;79999914;423824;441901;0;0;9835;0;0;0;0;0;0;0;0;0;0
7538.49;79999914;422920;439964;0;0;9854;0;0;0;0;0;0;0;0;0;0
7540.49;79999914;424471;441949;0;0;9822;0;0;0;0;0;0;0;0;0;0
7542.49;79999914;422745;439366;0;0;9735;0;0;0;0;0;0;0;0;0;0
7544.49;79999914;424387;442280;0;0;9807;0;0;0;0;0;0;0;0;0;0
7546.49;79999914;423349;440996;0;0;9893;0;0;0;0;0;0;0;0;0;0
7548.49;79999914;425578;441600;0;0;10000;0;0;0;0;0;0;0;0;0;0
7550.49;79999914;422827;440654;0;0;9895;0;0;0;0;0;0;0;0;0;0
7552.49;79999914;423821;441837;0;0;9942;0;0;0;0;0;0;0;0;0;0
7554.49;79999913;422667;439628;0;0;9796;0;0;0;0;0;0;0;0;0;0
7556.49;79999914;424287;440205;0;0;9871;0;0;0;0;0;0;0;0;0;0
7558.49;79999913;422638;440294;0;0;9702;0;0;0;0;0;0;0;0;0;0
7560.49;79999914;423511;441282;0;0;9759;0;0;0;0;0;0;0;0;0;0
7562.49;79999914;422794;440183;0;0;9830;0;0;0;0;0;0;0;0;0;0
7564.49;79999913;423142;441668;0;0;9714;0;0;0;0;0;0;0;0;0;0
7566.50;79999913;423430;440252;0;0;9769;0;0;0;0;0;0;0;0;0;0
7568.50;79999913;424136;440942;0;0;9660;0;0;0;0;0;0;0;0;0;0
7570.50;79999914;423278;440833;0;0;9852;0;0;0;0;0;0;0;0;0;0
7572.50;79999914;422585;440823;0;0;9888;0;0;0;0;0;0;0;0;0;0
7574.50;79999913;423376;440690;0;0;9706;0;0;0;0;0;0;0;0;0;0
7576.50;79999913;424266;440776;0;0;9666;0;0;0;0;0;0;0;0;0;0
7578.50;79999913;425758;442807;0;0;9933;0;0;0;0;0;0;0;0;0;0
7580.50;79999913;425119;441922;0;0;9996;0;0;0;0;0;0;0;0;0;0
7582.50;79999913;425845;442952;0;0;9759;0;0;0;0;0;0;0;0;0;0
7584.50;79999913;424496;442337;0;0;9849;0;0;0;0;0;0;0;0;0;0
7586.50;79999913;425440;442569;0;0;9845;0;0;0;0;0;0;0;0;0;0
7588.50;79999913;424785;442373;0;0;9855;0;0;0;0;0;0;0;0;0;0
7590.50;79999914;425654;442601;0;0;9838;0;0;0;0;0;0;0;0;0;0
7592.50;79999914;424406;442366;0;0;9955;0;0;0;0;0;0;0;0;0;0
7594.50;79999914;425324;443290;0;0;9817;0;0;0;0;0;0;0;0;0;0
7596.50;79999913;424404;442625;0;0;9831;0;0;0;0;0;0;0;0;0;0
7598.50;79999914;425994;443159;0;0;9978;0;0;0;0;0;0;0;0;0;0
7600.50;79999914;423842;442070;0;0;9776;0;0;0;0;0;0;0;0;0;0
7602.50;79999913;425543;443411;0;0;9893;0;0;0;0;0;0;0;0;0;0
7604.50;79999913;424929;441615;0;0;9720;0;0;0;0;0;0;0;0;0;0
7606.50;79999913;425914;443107;0;0;9825;0;0;0;0;0;0;0;0;0;0
7608.50;79999913;424885;441366;0;0;9875;0;0;0;0;0;0;0;0;0;0
7610.50;79999913;425668;443469;0;0;9781;0;0;0;0;0;0;0;0;0;0
7612.51;79999914;424331;441849;0;0;9955;0;0;0;0;0;0;0;0;0;0
7614.51;79999914;425905;443139;0;0;9862;0;0;0;0;0;0;0;0;0;0
7616.51;79999914;425055;441194;0;0;9921;0;0;0;0;0;0;0;0;0;0
7618.51;79999914;426122;443647;0;0;9773;0;0;0;0;0;0;0;0;0;0
7620.51;79999913;424209;442154;0;0;9897;0;0;0;0;0;0;0;0;0;0
7622.51;79999914;426121;443474;0;0;9918;0;0;0;0;0;0;0;0;0;0
7624.51;79999914;423531;442227;0;0;10036;0;0;0;0;0;0;0;0;0;0
7626.51;79999913;425659;443329;0;0;9734;0;0;0;0;0;0;0;0;0;0
7628.51;79999914;423876;442045;0;0;9776;0;0;0;0;0;0;0;0;0;0
7630.51;79999914;426292;443247;0;0;9808;0;0;0;0;0;0;0;0;0;0
7632.51;79999914;424526;442235;0;0;10000;0;0;0;0;0;0;0;0;0;0
7634.51;79999913;426011;443722;0;0;9697;0;0;0;0;0;0;0;0;0;0
7636.51;79999914;425000;441927;0;0;9964;0;0;0;0;0;0;0;0;0;0
7638.51;79999914;427497;444887;0;0;9915;0;0;0;0;0;0;0;0;0;0
7640.51;79999913;426120;443020;0;0;9935;0;0;0;0;0;0;0;0;0;0
7642.51;79999913;426516;444808;0;0;9909;0;0;0;0;0;0;0;0;0;0
7644.51;79999914;426464;443580;0;0;9741;0;0;0;0;0;0;0;0;0;0
7646.51;79999914;427545;443807;0;0;9805;0;0;0;0;0;0;0;0;0;0
7648.51;79999914;426286;443532;0;0;9734;0;0;0;0;0;0;0;0;0;0
7650.51;79999914;427362;445266;0;0;10059;0;0;0;0;0;0;0;0;0;0
7652.51;79999914;425698;443473;0;0;10160;0;0;0;0;0;0;0;0;0;0
7654.51;79999913;426701;445093;0;0;9915;0;0;0;0;0;0;0;0;0;0
7656.52;79999913;425312;444160;0;0;9838;0;0;0;0;0;0;0;0;0;0
7658.52;79999914;426657;444964;0;0;9812;0;0;0;0;0;0;0;0;0;0
7660.52;79999913;426151;443586;0;0;9832;0;0;0;0;0;0;0;0;0;0
7662.52;79999914;426743;445000;0;0;9835;0;0;0;0;0;0;0;0;0;0
7664.52;79999914;425071;443931;0;0;9740;0;0;0;0;0;0;0;0;0;0
7666.52;79999913;427053;444437;0;0;9852;0;0;0;0;0;0;0;0;0;0
7668.52;79999914;425328;443208;0;0;9846;0;0;0;0;0;0;0;0;0;0
7670.52;79999913;426826;443861;0;0;9847;0;0;0;0;0;0;0;0;0;0
7672.52;79999913;425603;442377;0;0;9785;0;0;0;0;0;0;0;0;0;0
7674.52;79999914;426240;444437;0;0;9870;0;0;0;0;0;0;0;0;0;0
7676.52;79999914;425458;443415;0;0;9846;0;0;0;0;0;0;0;0;0;0
7678.52;79999913;426913;444658;0;0;9944;0;0;0;0;0;0;0;0;0;0
7680.52;79999913;425805;443007;0;0;10152;0;0;0;0;0;0;0;0;0;0
7682.52;79999913;426661;444724;0;0;9730;0;0;0;0;0;0;0;0;0;0
7684.52;79999913;425831;442853;0;0;9927;0;0;0;0;0;0;0;0;0;0
7686.52;79999913;427418;444276;0;0;9932;0;0;0;0;0;0;0;0;0;0
7688.52;79999913;425764;443340;0;0;9904;0;0;0;0;0;0;0;0;0;0
7690.52;79999913;427657;445301;0;0;9816;0;0;0;0;0;0;0;0;0;0
7692.52;79999913;426022;443590;0;0;9740;0;0;0;0;0;0;0;0;0;0
7694.53;79999913;427250;444926;0;0;10043;0;0;0;0;0;0;0;0;0;0
7696.53;79999913;426107;443397;0;0;10008;0;0;0;0;0;0;0;0;0;0
7698.53;79999913;426119;443269;0;0;9879;0;0;0;0;0;0;0;0;0;0
7700.53;79999913;424729;442115;0;0;9834;0;0;0;0;0;0;0;0;0;0
7702.53;79999913;425140;443607;0;0;9977;0;0;0;0;0;0;0;0;0;0
7704.53;79999914;424166;441651;0;0;9806;0;0;0;0;0;0;0;0;0;0
7706.53;79999913;426154;442963;0;0;9908;0;0;0;0;0;0;0;0;0;0
7708.53;79999914;423894;441367;0;0;9690;0;0;0;0;0;0;0;0;0;0
7710.53;79999914;426345;442992;0;0;9881;0;0;0;0;0;0;0;0;0;0
7712.53;79999914;423620;441430;0;0;9629;0;0;0;0;0;0;0;0;0;0
7714.53;79999913;425045;443260;0;0;9882;0;0;0;0;0;0;0;0;0;0
7716.53;79999914;423950;441745;0;0;9790;0;0;0;0;0;0;0;0;0;0
7718.53;79999913;425041;443109;0;0;10152;0;0;0;0;0;0;0;0;0;0
7720.53;79999914;423976;441248;0;0;9770;0;0;0;0;0;0;0;0;0;0
7722.53;79999914;425787;443199;0;0;9929;0;0;0;0;0;0;0;0;0;0
7724.53;79999913;424824;441570;0;0;9840;0;0;0;0;0;0;0;0;0;0
7726.53;79999914;425463;443224;0;0;9800;0;0;0;0;0;0;0;0;0;0
7728.53;79999913;423739;441559;0;0;9816;0;0;0;0;0;0;0;0;0;0
7730.53;79999913;426119;443701;0;0;9827;0;0;0;0;0;0;0;0;0;0
7732.53;79999913;424719;441605;0;0;9889;0;0;0;0;0;0;0;0;0;0
7734.53;79999914;425105;442635;0;0;9972;0;0;0;0;0;0;0;0;0;0
7736.53;79999914;423946;441523;0;0;9852;0;0;0;0;0;0;0;0;0;0
7738.53;79999913;424883;441774;0;0;9761;0;0;0;0;0;0;0;0;0;0
7740.53;79999913;424300;441794;0;0;9850;0;0;0;0;0;0;0;0;0;0
7742.53;79999914;424246;442485;0;0;9872;0;0;0;0;0;0;0;0;0;0
7744.53;79999914;423871;442313;0;0;9815;0;0;0;0;0;0;0;0;0;0
7746.53;79999914;425418;443024;0;0;9994;0;0;0;0;0;0;0;0;0;0
7748.53;79999913;423550;441167;0;0;9867;0;0;0;0;0;0;0;0;0;0
7750.54;79999913;424741;442643;0;0;9933;0;0;0;0;0;0;0;0;0;0
7752.54;79999913;424250;441579;0;0;9984;0;0;0;0;0;0;0;0;0;0
7754.54;79999913;424593;442022;0;0;9795;0;0;0;0;0;0;0;0;0;0
7756.54;79999914;425227;443065;0;0;9934;0;0;0;0;0;0;0;0;0;0
7758.54;79999914;424889;441791;0;0;9647;0;0;0;0;0;0;0;0;0;0
7760.54;79999914;424803;442504;0;0;9844;0;0;0;0;0;0;0;0;0;0
7762.54;79999913;424651;442552;0;0;9943;0;0;0;0;0;0;0;0;0;0
7764.54;79999914;425168;442097;0;0;9689;0;0;0;0;0;0;0;0;0;0
7766.54;79999914;424230;441725;0;0;9728;0;0;0;0;0;0;0;0;0;0
7768.54;79999914;426172;443079;0;0;10014;0;0;0;0;0;0;0;0;0;0
7770.54;79999914;424132;442112;0;0;9829;0;0;0;0;0;0;0;0;0;0
7772.54;79999914;425237;442725;0;0;9802;0;0;0;0;0;0;0;0;0;0
7774.54;79999914;424274;441916;0;0;9985;0;0;0;0;0;0;0;0;0;0
7776.54;79999913;424935;443616;0;0;9834;0;0;0;0;0;0;0;0;0;0
7778.54;79999914;424202;441757;0;0;9922;0;0;0;0;0;0;0;0;0;0
7780.54;79999914;424636;442385;0;0;10092;0;0;0;0;0;0;0;0;0;0
7782.54;79999913;423534;441831;0;0;9812;0;0;0;0;0;0;0;0;0;0
7784.54;79999913;425360;443045;0;0;9745;0;0;0;0;0;0;0;0;0;0
7786.54;79999913;423610;442222;0;0;9835;0;0;0;0;0;0;0;0;0;0
7788.54;79999913;425551;443180;0;0;9776;0;0;0;0;0;0;0;0;0;0
7790.54;79999913;424358;441897;0;0;9747;0;0;0;0;0;0;0;0;0;0
7792.54;79999913;425316;442681;0;0;9766;0;0;0;0;0;0;0;0;0;0
7794.54;79999913;424124;440768;0;0;9730;0;0;0;0;0;0;0;0;0;0
7796.55;79999914;425162;441869;0;0;10075;0;0;0;0;0;0;0;0;0;0
7798.55;79999914;424313;441458;0;0;9689;0;0;0;0;0;0;0;0;0;0
7800.55;79999913;426013;442684;0;0;9908;0;0;0;0;0;0;0;0;0;0
7802.55;79999913;423340;440971;0;0;9723;0;0;0;0;0;0;0;0;0;0
7804.55;79999914;425841;442658;0;0;9978;0;0;0;0;0;0;0;0;0;0
7806.55;79999914;423202;441498;0;0;9811;0;0;0;0;0;0;0;0;0;0
7808.55;79999914;424724;442774;0;0;9848;0;0;0;0;0;0;0;0;0;0
7810.55;79999913;423652;441128;0;0;9769;0;0;0;0;0;0;0;0;0;0
7812.55;79999913;425272;441906;0;0;9827;0;0;0;0;0;0;0;0;0;0
7814.55;79999913;423018;440940;0;0;9826;0;0;0;0;0;0;0;0;0;0
7816.55;79999913;424144;442710;0;0;9755;0;0;0;0;0;0;0;0;0;0
7818.55;79999913;424371;441163;0;0;9854;0;0;0;0;0;0;0;0;0;0
7820.55;79999914;424660;442212;0;0;9857;0;0;0;0;0;0;0;0;0;0
7822.55;79999914;423467;440821;0;0;10085;0;0;0;0;0;0;0;0;0;0
7824.55;79999914;425054;442259;0;0;10004;0;0;0;0;0;0;0;0;0;0
7826.55;79999914;423308;440780;0;0;9639;0;0;0;0;0;0;0;0;0;0
7828.55;79999914;425861;442365;0;0;9943;0;0;0;0;0;0;0;0;0;0
7830.55;79999913;423680;440883;0;0;9834;0;0;0;0;0;0;0;0;0;0
7832.55;79999913;425762;442681;0;0;9916;0;0;0;0;0;0;0;0;0;0
7834.55;79999913;422905;441381;0;0;9802;0;0;0;0;0;0;0;0;0;0
7836.55;79999913;424200;442965;0;0;9848;0;0;0;0;0;0;0;0;0;0
7838.55;79999913;422970;439969;0;0;9860;0;0;0;0;0;0;0;0;0;0
7840.55;79999914;424020;443018;0;0;9830;0;0;0;0;0;0;0;0;0;0
7842.55;79999913;423009;441395;0;0;9733;0;0;0;0;0;0;0;0;0;0
7844.55;79999913;424601;442512;0;0;9629;0;0;0;0;0;0;0;0;0;0
7846.55;79999913;423686;440715;0;0;9717;0;0;0;0;0;0;0;0;0;0
7848.56;79999913;425190;442459;0;0;9816;0;0;0;0;0;0;0;0;0;0
7850.56;79999913;423407;441469;0;0;9846;0;0;0;0;0;0;0;0;0;0
7852.56;79999913;424889;443089;0;0;9821;0;0;0;0;0;0;0;0;0;0
7854.56;79999913;423158;441893;0;0;9974;0;0;0;0;0;0;0;0;0;0
7856.56;79999914;425110;443329;0;0;9992;0;0;0;0;0;0;0;0;0;0
7858.56;79999913;422418;439989;0;0;9696;0;0;0;0;0;0;0;0;0;0
7860.56;79999913;424471;442950;0;0;9945;0;0;0;0;0;0;0;0;0;0
7862.56;79999913;422901;440515;0;0;9864;0;0;0;0;0;0;0;0;0;0
7864.56;79999914;424535;443179;0;0;9817;0;0;0;0;0;0;0;0;0;0
7866.56;79999913;422158;440260;0;0;9726;0;0;0;0;0;0;0;0;0;0
7868.56;79999913;424757;442608;0;0;9806;0;0;0;0;0;0;0;0;0;0
7870.56;79999913;422272;441185;0;0;9751;0;0;0;0;0;0;0;0;0;0
7872.56;79999913;423900;443363;0;0;9997;0;0;0;0;0;0;0;0;0;0
7874.56;79999913;422445;441997;0;0;9879;0;0;0;0;0;0;0;0;0;0
7876.56;79999913;424971;443278;0;0;9869;0;0;0;0;0;0;0;0;0;0
7878.56;79999914;423065;441529;0;0;9951;0;0;0;0;0;0;0;0;0;0
7880.56;79999914;425305;442128;0;0;9821;0;0;0;0;0;0;0;0;0;0
7882.56;79999914;423469;440443;0;0;9942;0;0;0;0;0;0;0;0;0;0
7884.56;79999913;425121;442851;0;0;9843;0;0;0;0;0;0;0;0;0;0
7886.56;79999914;422731;440762;0;0;9658;0;0;0;0;0;0;0;0;0;0
7888.56;79999914;424351;441753;0;0;10060;0;0;0;0;0;0;0;0;0;0
7890.56;79999914;423150;440840;0;0;9923;0;0;0;0;0;0;0;0;0;0
7892.56;79999913;424350;442731;0;0;9848;0;0;0;0;0;0;0;0;0;0
7894.56;79999913;422690;441641;0;0;9689;0;0;0;0;0;0;0;0;0;0
7896.56;79999913;424456;442968;0;0;9786;0;0;0;0;0;0;0;0;0;0
7898.56;79999913;423244;440742;0;0;10021;0;0;0;0;0;0;0;0;0;0
7900.57;79999914;424874;442353;0;0;9883;0;0;0;0;0;0;0;0;0;0
7902.57;79999913;423042;440994;0;0;9740;0;0;0;0;0;0;0;0;0;0
7904.57;79999913;423856;442278;0;0;9742;0;0;0;0;0;0;0;0;0;0
7906.57;79999914;423313;440976;0;0;9907;0;0;0;0;0;0;0;0;0;0
7908.57;79999914;424616;441189;0;0;9727;0;0;0;0;0;0;0;0;0;0
7910.57;79999913;422043;440155;0;0;9671;0;0;0;0;0;0;0;0;0;0
7912.57;79999913;424219;441940;0;0;9910;0;0;0;0;0;0;0;0;0;0
7914.57;79999914;422234;439999;0;0;9703;0;0;0;0;0;0;0;0;0;0
7916.57;79999914;423893;441686;0;0;9887;0;0;0;0;0;0;0;0;0;0
7918.57;79999913;423156;440906;0;0;9918;0;0;0;0;0;0;0;0;0;0
7920.57;79999913;422801;441487;0;0;9765;0;0;0;0;0;0;0;0;0;0
7922.57;79999913;422478;441113;0;0;9762;0;0;0;0;0;0;0;0;0;0
7924.57;79999913;422527;441340;0;0;9858;0;0;0;0;0;0;0;0;0;0
7926.57;79999914;422445;441414;0;0;9802;0;0;0;0;0;0;0;0;0;0
7928.57;79999914;423225;441088;0;0;9914;0;0;0;0;0;0;0;0;0;0
7930.57;79999913;422712;440661;0;0;9753;0;0;0;0;0;0;0;0;0;0
7932.57;79999914;423661;441148;0;0;9897;0;0;0;0;0;0;0;0;0;0
7934.57;79999914;422024;441636;0;0;9850;0;0;0;0;0;0;0;0;0;0
7936.57;79999914;423326;441482;0;0;9880;0;0;0;0;0;0;0;0;0;0
7938.57;79999913;423807;441573;0;0;9855;0;0;0;0;0;0;0;0;0;0
7940.57;79999914;422810;441164;0;0;9883;0;0;0;0;0;0;0;0;0;0
7942.58;79999914;422397;441189;0;0;9648;0;0;0;0;0;0;0;0;0;0
7944.58;79999914;423002;441005;0;0;9784;0;0;0;0;0;0;0;0;0;0
7946.58;79999913;422788;442056;0;0;9799;0;0;0;0;0;0;0;0;0;0
7948.58;79999914;423317;440814;0;0;9791;0;0;0;0;0;0;0;0;0;0
7950.58;79999913;422485;441655;0;0;9873;0;0;0;0;0;0;0;0;0;0
7952.58;79999914;422329;440938;0;0;9769;0;0;0;0;0;0;0;0;0;0
7954.58;79999914;422971;441523;0;0;9597;0;0;0;0;0;0;0;0;0;0
7956.58;79999913;422285;440610;0;0;9854;0;0;0;0;0;0;0;0;0;0
7958.58;79999913;423434;441734;0;0;9821;0;0;0;0;0;0;0;0;0;0
7960.58;79999914;422310;440615;0;0;9891;0;0;0;0;0;0;0;0;0;0
7962.58;79999913;422261;441004;0;0;9848;0;0;0;0;0;0;0;0;0;0
7964.58;79999913;422754;440922;0;0;9778;0;0;0;0;0;0;0;0;0;0
7966.58;79999913;423409;440847;0;0;9698;0;0;0;0;0;0;0;0;0;0
7968.58;79999914;421756;440563;0;0;9800;0;0;0;0;0;0;0;0;0;0
7970.58;79999913;423751;441990;0;0;9822;0;0;0;0;0;0;0;0;0;0
7972.58;79999914;421461;439927;0;0;9840;0;0;0;0;0;0;0;0;0;0
7974.58;79999914;422531;441739;0;0;9698;0;0;0;0;0;0;0;0;0;0
7976.58;79999914;421408;441188;0;0;9847;0;0;0;0;0;0;0;0;0;0
7978.58;79999913;423232;441683;0;0;9766;0;0;0;0;0;0;0;0;0;0
7980.58;79999913;422105;441096;0;0;9711;0;0;0;0;0;0;0;0;0;0
7982.58;79999914;424467;441645;0;0;9730;0;0;0;0;0;0;0;0;0;0
7984.58;79999914;421359;440869;0;0;9757;0;0;0;0;0;0;0;0;0;0
7986.58;79999913;423292;441520;0;0;9718;0;0;0;0;0;0;0;0;0;0
7988.58;79999914;421946;439362;0;0;9794;0;0;0;0;0;0;0;0;0;0
7990.58;79999914;423310;441520;0;0;9824;0;0;0;0;0;0;0;0;0;0
7992.59;79999913;421124;440000;0;0;9699;0;0;0;0;0;0;0;0;0;0
7994.59;79999914;423771;441913;0;0;9840;0;0;0;0;0;0;0;0;0;0
7996.59;79999914;421980;439794;0;0;9553;0;0;0;0;0;0;0;0;0;0
7998.59;79999914;422821;440932;0;0;9878;0;0;0;0;0;0;0;0;0;0
8000.59;79999913;421702;440039;0;0;9893;0;0;0;0;0;0;0;0;0;0
8002.59;79999913;422875;441444;0;0;9633;0;0;0;0;0;0;0;0;0;0
8004.59;79999913;421580;439528;0;0;9967;0;0;0;0;0;0;0;0;0;0
8006.59;79999913;423980;441299;0;0;9726;0;0;0;0;0;0;0;0;0;0
8008.59;79999913;422094;440417;0;0;9981;0;0;0;0;0;0;0;0;0;0
8010.59;79999914;422335;441850;0;0;9787;0;0;0;0;0;0;0;0;0;0
8012.59;79999914;421956;440212;0;0;9874;0;0;0;0;0;0;0;0;0;0
8014.59;79999914;423562;442154;0;0;9877;0;0;0;0;0;0;0;0;0;0
8016.59;79999913;421374;439393;0;0;9836;0;0;0;0;0;0;0;0;0;0
8018.59;79999913;423069;440978;0;0;9977;0;0;0;0;0;0;0;0;0;0
8020.59;79999913;422162;438832;0;0;9675;0;0;0;0;0;0;0;0;0;0
8022.59;79999913;422752;441898;0;0;9741;0;0;0;0;0;0;0;0;0;0
8024.59;79999913;420580;440122;0;0;9759;0;0;0;0;0;0;0;0;0;0
8026.59;79999914;422795;441323;0;0;9833;0;0;0;0;0;0;0;0;0;0
8028.59;79999914;420598;439402;0;0;9907;0;0;0;0;0;0;0;0;0;0
8030.59;79999914;422021;441133;0;0;9837;0;0;0;0;0;0;0;0;0;0
8032.59;79999914;421001;439896;0;0;9612;0;0;0;0;0;0;0;0;0;0
8034.59;79999913;422065;440993;0;0;9724;0;0;0;0;0;0;0;0;0;0
8036.59;79999913;420758;440316;0;0;9774;0;0;0;0;0;0;0;0;0;0
8038.59;79999913;422645;442553;0;0;9921;0;0;0;0;0;0;0;0;0;0
8040.59;79999913;421121;439980;0;0;9725;0;0;0;0;0;0;0;0;0;0
8042.59;79999914;422334;441775;0;0;9578;0;0;0;0;0;0;0;0;0;0
8044.60;79999914;420970;440032;0;0;9766;0;0;0;0;0;0;0;0;0;0
8046.60;79999914;421516;441323;0;0;9682;0;0;0;0;0;0;0;0;0;0
8048.60;79999914;421032;439904;0;0;9861;0;0;0;0;0;0;0;0;0;0
8050.60;79999914;422864;441612;0;0;9858;0;0;0;0;0;0;0;0;0;0
8052.60;79999913;420809;440209;0;0;9619;0;0;0;0;0;0;0;0;0;0
8054.60;79999914;422715;441016;0;0;9788;0;0;0;0;0;0;0;0;0;0
8056.60;79999914;420999;439752;0;0;9738;0;0;0;0;0;0;0;0;0;0
8058.60;79999913;422238;440996;0;0;9714;0;0;0;0;0;0;0;0;0;0
8060.60;79999913;419958;438735;0;0;9760;0;0;0;0;0;0;0;0;0;0
8062.60;79999913;421714;441017;0;0;9736;0;0;0;0;0;0;0;0;0;0
8064.60;79999914;420602;439444;0;0;9614;0;0;0;0;0;0;0;0;0;0
8066.60;79999914;422284;440887;0;0;9774;0;0;0;0;0;0;0;0;0;0
8068.60;79999914;419704;438915;0;0;9721;0;0;0;0;0;0;0;0;0;0
8070.60;79999914;422172;440529;0;0;9713;0;0;0;0;0;0;0;0;0;0
8072.60;79999913;420425;439196;0;0;9547;0;0;0;0;0;0;0;0;0;0
8074.60;79999913;421515;440726;0;0;9768;0;0;0;0;0;0;0;0;0;0
8076.60;79999914;419937;439279;0;0;9702;0;0;0;0;0;0;0;0;0;0
8078.60;79999914;422337;440694;0;0;9831;0;0;0;0;0;0;0;0;0;0
8080.60;79999912;419645;438759;0;0;9618;0;0;0;0;0;0;0;0;0;0
8082.60;79999914;420844;441147;0;0;9851;0;0;0;0;0;0;0;0;0;0
8084.60;79999914;419828;438800;0;0;9759;0;0;0;0;0;0;0;0;0;0
8086.60;79999914;421497;440349;0;0;9864;0;0;0;0;0;0;0;0;0;0
8088.60;79999914;419482;439364;0;0;9830;0;0;0;0;0;0;0;0;0;0
8090.61;79999914;420962;440583;0;0;9530;0;0;0;0;0;0;0;0;0;0
8092.61;79999913;419967;439437;0;0;9590;0;0;0;0;0;0;0;0;0;0
8094.61;79999913;420717;440220;0;0;9836;0;0;0;0;0;0;0;0;0;0
8096.61;79999914;420675;439561;0;0;9583;0;0;0;0;0;0;0;0;0;0
8098.61;79999913;421824;440674;0;0;9908;0;0;0;0;0;0;0;0;0;0
8100.61;79999914;419903;439262;0;0;9670;0;0;0;0;0;0;0;0;0;0
8102.61;79999914;421110;441629;0;0;9949;0;0;0;0;0;0;0;0;0;0
8104.61;79999913;420113;440456;0;0;9711;0;0;0;0;0;0;0;0;0;0
8106.61;79999914;420557;440492;0;0;9579;0;0;0;0;0;0;0;0;0;0
8108.61;79999913;420452;439531;0;0;9745;0;0;0;0;0;0;0;0;0;0
8110.61;79999913;421174;440951;0;0;9858;0;0;0;0;0;0;0;0;0;0
8112.61;79999914;419229;439627;0;0;9851;0;0;0;0;0;0;0;0;0;0
8114.61;79999913;421160;439754;0;0;9551;0;0;0;0;0;0;0;0;0;0
8116.61;79999913;420868;438973;0;0;9703;0;0;0;0;0;0;0;0;0;0
8118.61;79999913;420977;441497;0;0;9683;0;0;0;0;0;0;0;0;0;0
8120.61;79999913;420301;439448;0;0;9844;0;0;0;0;0;0;0;0;0;0
8122.61;79999913;419678;439543;0;0;9815;0;0;0;0;0;0;0;0;0;0
8124.61;79999914;420521;439426;0;0;9760;0;0;0;0;0;0;0;0;0;0
8126.61;79999914;420169;439540;0;0;9744;0;0;0;0;0;0;0;0;0;0
8128.61;79999914;420191;439562;0;0;9412;0;0;0;0;0;0;0;0;0;0
8130.61;79999914;420096;438952;0;0;9686;0;0;0;0;0;0;0;0;0;0
8132.61;79999913;420916;440833;0;0;9750;0;0;0;0;0;0;0;0;0;0
8134.61;79999913;421272;440180;0;0;9705;0;0;0;0;0;0;0;0;0;0
8136.61;79999913;419912;439411;0;0;9732;0;0;0;0;0;0;0;0;0;0
8138.61;79999913;420206;439006;0;0;9801;0;0;0;0;0;0;0;0;0;0
8140.62;79999914;420035;440078;0;0;9586;0;0;0;0;0;0;0;0;0;0
8142.62;79999913;419587;438690;0;0;9776;0;0;0;0;0;0;0;0;0;0
8144.62;79999913;420726;439779;0;0;9704;0;0;0;0;0;0;0;0;0;0
8146.62;79999913;419439;439070;0;0;9804;0;0;0;0;0;0;0;0;0;0
8148.62;79999913;420335;439690;0;0;9567;0;0;0;0;0;0;0;0;0;0
8150.62;79999914;419782;439868;0;0;9756;0;0;0;0;0;0;0;0;0;0
8152.62;79999914;420982;439417;0;0;9701;0;0;0;0;0;0;0;0;0;0
8154.62;79999914;419560;438534;0;0;9675;0;0;0;0;0;0;0;0;0;0
8156.62;79999914;421131;440315;0;0;9696;0;0;0;0;0;0;0;0;0;0
8158.62;79999914;418562;439075;0;0;9776;0;0;0;0;0;0;0;0;0;0
8160.62;79999913;420407;440523;0;0;9768;0;0;0;0;0;0;0;0;0;0
8162.62;79999913;419699;438058;0;0;9747;0;0;0;0;0;0;0;0;0;0
8164.62;79999913;421434;439961;0;0;9581;0;0;0;0;0;0;0;0;0;0
8166.62;79999914;418860;439223;0;0;9637;0;0;0;0;0;0;0;0;0;0
8168.62;79999914;420843;439840;0;0;9560;0;0;0;0;0;0;0;0;0;0
8170.62;79999913;419254;438918;0;0;9587;0;0;0;0;0;0;0;0;0;0
8172.62;79999914;420117;439559;0;0;9670;0;0;0;0;0;0;0;0;0;0
8174.62;79999914;419128;439140;0;0;9692;0;0;0;0;0;0;0;0;0;0
8176.62;79999913;420677;440567;0;0;9599;0;0;0;0;0;0;0;0;0;0
8178.62;79999914;419027;438101;0;0;9714;0;0;0;0;0;0;0;0;0;0
8180.62;79999913;421288;439847;0;0;9790;0;0;0;0;0;0;0;0;0;0
8182.62;79999913;419667;438697;0;0;9651;0;0;0;0;0;0;0;0;0;0
8184.62;79999913;420788;440236;0;0;9756;0;0;0;0;0;0;0;0;0;0
8186.62;79999913;419461;438439;0;0;9587;0;0;0;0;0;0;0;0;0;0
8188.62;79999913;421434;440619;0;0;9678;0;0;0;0;0;0;0;0;0;0
8190.62;79999914;419316;438279;0;0;9504;0;0;0;0;0;0;0;0;0;0
8192.62;79999913;420544;439841;0;0;9709;0;0;0;0;0;0;0;0;0;0
8194.62;79999913;419229;438914;0;0;9704;0;0;0;0;0;0;0;0;0;0
8196.62;79999913;421175;440199;0;0;9733;0;0;0;0;0;0;0;0;0;0
8198.62;79999914;419200;438203;0;0;9719;0;0;0;0;0;0;0;0;0;0
8200.63;79999913;421119;440646;0;0;9832;0;0;0;0;0;0;0;0;0;0
8202.63;79999914;419276;438459;0;0;9394;0;0;0;0;0;0;0;0;0;0
8204.63;79999914;419899;440350;0;0;9592;0;0;0;0;0;0;0;0;0;0
8206.63;79999914;418303;438787;0;0;9775;0;0;0;0;0;0;0;0;0;0
8208.63;79999914;419182;439497;0;0;9886;0;0;0;0;0;0;0;0;0;0
8210.63;79999914;418865;439338;0;0;9653;0;0;0;0;0;0;0;0;0;0
8212.63;79999914;421355;440923;0;0;9742;0;0;0;0;0;0;0;0;0;0
8214.63;79999914;419172;438408;0;0;9830;0;0;0;0;0;0;0;0;0;0
8216.63;79999914;419722;439357;0;0;9740;0;0;0;0;0;0;0;0;0;0
8218.63;79999914;419116;437855;0;0;9750;0;0;0;0;0;0;0;0;0;0
8220.63;79999914;420066;438864;0;0;9800;0;0;0;0;0;0;0;0;0;0
8222.63;79999914;417995;437895;0;0;9713;0;0;0;0;0;0;0;0;0;0
8224.63;79999913;420632;440876;0;0;9938;0;0;0;0;0;0;0;0;0;0
8226.63;79999913;419000;438984;0;0;9543;0;0;0;0;0;0;0;0;0;0
8228.63;79999913;420170;439999;0;0;9776;0;0;0;0;0;0;0;0;0;0
8230.63;79999912;418825;438092;0;0;9518;0;0;0;0;0;0;0;0;0;0
8232.63;79999914;421072;440095;0;0;9789;0;0;0;0;0;0;0;0;0;0
8234.63;79999914;418848;438344;0;0;9695;0;0;0;0;0;0;0;0;0;0
8236.63;79999914;420585;440241;0;0;9786;0;0;0;0;0;0;0;0;0;0
8238.63;79999914;419214;437841;0;0;9599;0;0;0;0;0;0;0;0;0;0
8240.63;79999914;421379;440000;0;0;9732;0;0;0;0;0;0;0;0;0;0
8242.63;79999913;418869;438583;0;0;9722;0;0;0;0;0;0;0;0;0;0
8244.63;79999914;420594;439774;0;0;9807;0;0;0;0;0;0;0;0;0;0
8246.63;79999913;418653;439196;0;0;9911;0;0;0;0;0;0;0;0;0;0
8248.63;79999914;419907;440069;0;0;9885;0;0;0;0;0;0;0;0;0;0
8250.63;79999914;418129;438945;0;0;9844;0;0;0;0;0;0;0;0;0;0
8252.63;79999913;420730;438905;0;0;9576;0;0;0;0;0;0;0;0;0;0
8254.64;79999914;418862;437273;0;0;9732;0;0;0;0;0;0;0;0;0;0
8256.64;79999913;419755;439491;0;0;9765;0;0;0;0;0;0;0;0;0;0
8258.64;79999914;418079;437734;0;0;9672;0;0;0;0;0;0;0;0;0;0
8260.64;79999913;419836;440509;0;0;9907;0;0;0;0;0;0;0;0;0;0
8262.64;79999913;418447;438607;0;0;9813;0;0;0;0;0;0;0;0;0;0
8264.64;79999913;420321;440064;0;0;9815;0;0;0;0;0;0;0;0;0;0
8266.64;79999913;418797;438074;0;0;9602;0;0;0;0;0;0;0;0;0;0
8268.64;79999913;420480;439876;0;0;9703;0;0;0;0;0;0;0;0;0;0
8270.64;79999913;419122;438612;0;0;9706;0;0;0;0;0;0;0;0;0;0
8272.64;79999914;420272;440122;0;0;9843;0;0;0;0;0;0;0;0;0;0
8274.64;79999914;418744;439118;0;0;9766;0;0;0;0;0;0;0;0;0;0
8276.64;79999914;420412;440189;0;0;9809;0;0;0;0;0;0;0;0;0;0
8278.64;79999914;419170;438405;0;0;9576;0;0;0;0;0;0;0;0;0;0
8280.64;79999914;420516;440308;0;0;9797;0;0;0;0;0;0;0;0;0;0
8282.64;79999914;419532;438676;0;0;9704;0;0;0;0;0;0;0;0;0;0
8284.64;79999913;420876;439880;0;0;9675;0;0;0;0;0;0;0;0;0;0
8286.64;79999914;418845;439516;0;0;9639;0;0;0;0;0;0;0;0;0;0
8288.64;79999913;420991;440380;0;0;9739;0;0;0;0;0;0;0;0;0;0
8290.64;79999913;420199;439233;0;0;9669;0;0;0;0;0;0;0;0;0;0
8292.64;79999912;419860;440026;0;0;9792;0;0;0;0;0;0;0;0;0;0
8294.64;79999913;418714;439363;0;0;9784;0;0;0;0;0;0;0;0;0;0
8296.64;79999913;419647;439279;0;0;9532;0;0;0;0;0;0;0;0;0;0
8298.64;79999913;418755;439622;0;0;9704;0;0;0;0;0;0;0;0;0;0
8300.64;79999913;420493;439623;0;0;9520;0;0;0;0;0;0;0;0;0;0
8302.64;79999914;419299;439326;0;0;9784;0;0;0;0;0;0;0;0;0;0
8304.64;79999914;418653;438567;0;0;9557;0;0;0;0;0;0;0;0;0;0
8306.65;79999914;416690;436657;0;0;9628;0;0;0;0;0;0;0;0;0;0
8308.65;79999913;416556;436333;0;0;9558;0;0;0;0;0;0;0;0;0;0
8310.65;79999914;417371;437361;0;0;9448;0;0;0;0;0;0;0;0;0;0
8312.65;79999913;416949;438454;0;0;9794;0;0;0;0;0;0;0;0;0;0
8314.65;79999913;417686;437579;0;0;9599;0;0;0;0;0;0;0;0;0;0
8316.65;79999914;418173;437902;0;0;9688;0;0;0;0;0;0;0;0;0;0
8318.65;79999913;417394;437680;0;0;9700;0;0;0;0;0;0;0;0;0;0
8320.65;79999913;418606;437624;0;0;9587;0;0;0;0;0;0;0;0;0;0
8322.65;79999914;417431;437871;0;0;9607;0;0;0;0;0;0;0;0;0;0
8324.65;79999913;417327;437336;0;0;9547;0;0;0;0;0;0;0;0;0;0
8326.65;79999913;419020;438271;0;0;9686;0;0;0;0;0;0;0;0;0;0
8328.65;79999913;416735;437249;0;0;9580;0;0;0;0;0;0;0;0;0;0
8330.65;79999913;418464;438058;0;0;9670;0;0;0;0;0;0;0;0;0;0
8332.65;79999914;416862;435597;0;0;9618;0;0;0;0;0;0;0;0;0;0
8334.65;79999914;417973;438109;0;0;9684;0;0;0;0;0;0;0;0;0;0
8336.65;79999914;416748;436152;0;0;9589;0;0;0;0;0;0;0;0;0;0
8338.65;79999914;417606;437476;0;0;9608;0;0;0;0;0;0;0;0;0;0
8340.65;79999913;417309;437088;0;0;9659;0;0;0;0;0;0;0;0;0;0
8342.65;79999914;417855;438022;0;0;9455;0;0;0;0;0;0;0;0;0;0
8344.65;79999914;416724;438107;0;0;9695;0;0;0;0;0;0;0;0;0;0
8346.65;79999914;417882;437513;0;0;9673;0;0;0;0;0;0;0;0;0;0
8348.65;79999914;417152;437210;0;0;9435;0;0;0;0;0;0;0;0;0;0
8350.65;79999914;417883;438053;0;0;9632;0;0;0;0;0;0;0;0;0;0
8352.65;79999913;417531;437384;0;0;9639;0;0;0;0;0;0;0;0;0;0
8354.65;79999913;417622;437559;0;0;9658;0;0;0;0;0;0;0;0;0;0
8356.65;79999913;417382;437198;0;0;9659;0;0;0;0;0;0;0;0;0;0
8358.66;79999913;418724;438810;0;0;9385;0;0;0;0;0;0;0;0;0;0
8360.66;79999914;416848;437282;0;0;9408;0;0;0;0;0;0;0;0;0;0
8362.66;79999914;418963;438320;0;0;9787;0;0;0;0;0;0;0;0;0;0
8364.66;79999913;417636;436788;0;0;9725;0;0;0;0;0;0;0;0;0;0
8366.66;79999914;420297;440184;0;0;9809;0;0;0;0;0;0;0;0;0;0
8368.66;79999914;419369;438817;0;0;9593;0;0;0;0;0;0;0;0;0;0
8370.66;79999914;420204;440444;0;0;9831;0;0;0;0;0;0;0;0;0;0
8372.66;79999914;418564;439034;0;0;9607;0;0;0;0;0;0;0;0;0;0
8374.66;79999914;420235;439815;0;0;9739;0;0;0;0;0;0;0;0;0;0
8376.66;79999914;417944;437723;0;0;9764;0;0;0;0;0;0;0;0;0;0
8378.66;79999914;421420;440202;0;0;9602;0;0;0;0;0;0;0;0;0;0
8380.66;79999913;417446;438427;0;0;9616;0;0;0;0;0;0;0;0;0;0
8382.66;79999913;420154;440703;0;0;9831;0;0;0;0;0;0;0;0;0;0
8384.66;79999913;418544;439059;0;0;9745;0;0;0;0;0;0;0;0;0;0
8386.66;79999914;420285;441200;0;0;9736;0;0;0;0;0;0;0;0;0;0
8388.66;79999914;419331;439059;0;0;9669;0;0;0;0;0;0;0;0;0;0
8390.66;79999914;420773;440964;0;0;9747;0;0;0;0;0;0;0;0;0;0
8392.66;79999913;418452;439040;0;0;9752;0;0;0;0;0;0;0;0;0;0
8394.66;79999913;421228;441409;0;0;9743;0;0;0;0;0;0;0;0;0;0
8396.66;79999913;419031;438828;0;0;9657;0;0;0;0;0;0;0;0;0;0
8398.66;79999913;421163;440641;0;0;9755;0;0;0;0;0;0;0;0;0;0
8400.66;79999914;419661;439800;0;0;9769;0;0;0;0;0;0;0;0;0;0
8402.66;79999914;420992;441526;0;0;9696;0;0;0;0;0;0;0;0;0;0
8404.66;79999914;419000;439576;0;0;9751;0;0;0;0;0;0;0;0;0;0
8406.67;79999914;420887;441273;0;0;9789;0;0;0;0;0;0;0;0;0;0
8408.67;79999914;419348;439471;0;0;9851;0;0;0;0;0;0;0;0;0;0
8410.67;79999913;420806;440477;0;0;9666;0;0;0;0;0;0;0;0;0;0
8412.67;79999913;419946;438886;0;0;9700;0;0;0;0;0;0;0;0;0;0
8414.67;79999913;420768;441700;0;0;9621;0;0;0;0;0;0;0;0;0;0
8416.67;79999914;418508;439039;0;0;9648;0;0;0;0;0;0;0;0;0;0
8418.67;79999913;420950;440873;0;0;9700;0;0;0;0;0;0;0;0;0;0
8420.67;79999914;418830;440327;0;0;9581;0;0;0;0;0;0;0;0;0;0
8422.67;79999913;421069;441153;0;0;9705;0;0;0;0;0;0;0;0;0;0
8424.67;79999913;418911;439030;0;0;9662;0;0;0;0;0;0;0;0;0;0
8426.67;79999914;421240;440571;0;0;9624;0;0;0;0;0;0;0;0;0;0
8428.67;79999913;419474;439391;0;0;9599;0;0;0;0;0;0;0;0;0;0
8430.67;79999913;420825;440052;0;0;9713;0;0;0;0;0;0;0;0;0;0
8432.67;79999913;418774;438595;0;0;9692;0;0;0;0;0;0;0;0;0;0
8434.67;79999913;422015;440722;0;0;9658;0;0;0;0;0;0;0;0;0;0
8436.67;79999913;419331;439051;0;0;9645;0;0;0;0;0;0;0;0;0;0
8438.67;79999914;421342;440664;0;0;9686;0;0;0;0;0;0;0;0;0;0
8440.67;79999914;419737;438325;0;0;9717;0;0;0;0;0;0;0;0;0;0
8442.67;79999914;421614;440967;0;0;9758;0;0;0;0;0;0;0;0;0;0
8444.67;79999914;418650;438761;0;0;9570;0;0;0;0;0;0;0;0;0;0
8446.67;79999913;420672;439955;0;0;9636;0;0;0;0;0;0;0;0;0;0
8448.67;79999914;418547;438656;0;0;9715;0;0;0;0;0;0;0;0;0;0
8450.67;79999913;420896;440540;0;0;9521;0;0;0;0;0;0;0;0;0;0
8452.68;79999913;419059;438649;0;0;9782;0;0;0;0;0;0;0;0;0;0
8454.68;79999913;420484;440324;0;0;9655;0;0;0;0;0;0;0;0;0;0
8456.68;79999913;418664;439744;0;0;9874;0;0;0;0;0;0;0;0;0;0
8458.68;79999914;420421;441094;0;0;9851;0;0;0;0;0;0;0;0;0;0
8460.68;79999914;419548;439099;0;0;9702;0;0;0;0;0;0;0;0;0;0
8462.68;79999913;421026;440687;0;0;9441;0;0;0;0;0;0;0;0;0;0
8464.68;79999913;419695;439323;0;0;9679;0;0;0;0;0;0;0;0;0;0
8466.68;79999913;420905;440991;0;0;9642;0;0;0;0;0;0;0;0;0;0
8468.68;79999914;419791;439227;0;0;9689;0;0;0;0;0;0;0;0;0;0
8470.68;79999912;421641;441289;0;0;9713;0;0;0;0;0;0;0;0;0;0
8472.68;79999913;420129;438843;0;0;9734;0;0;0;0;0;0;0;0;0;0
8474.68;79999913;421572;441046;0;0;9799;0;0;0;0;0;0;0;0;0;0
8476.68;79999914;421057;439746;0;0;9618;0;0;0;0;0;0;0;0;0;0
8478.68;79999914;420766;440487;0;0;9800;0;0;0;0;0;0;0;0;0;0
8480.68;79999914;420224;440506;0;0;9870;0;0;0;0;0;0;0;0;0;0
8482.68;79999913;421189;440523;0;0;9662;0;0;0;0;0;0;0;0;0;0
8484.68;79999914;421665;440780;0;0;9627;0;0;0;0;0;0;0;0;0;0
8486.68;79999913;421747;441284;0;0;9671;0;0;0;0;0;0;0;0;0;0
8488.68;79999914;420456;440789;0;0;9813;0;0;0;0;0;0;0;0;0;0
8490.68;79999914;421974;441175;0;0;9670;0;0;0;0;0;0;0;0;0;0
8492.69;79999914;420274;440710;0;0;9716;0;0;0;0;0;0;0;0;0;0
8494.69;79999914;420168;439683;0;0;9790;0;0;0;0;0;0;0;0;0;0
8496.69;79999914;420904;440331;0;0;9718;0;0;0;0;0;0;0;0;0;0
8498.69;79999914;421880;441481;0;0;9776;0;0;0;0;0;0;0;0;0;0
8500.69;79999914;421680;440689;0;0;9653;0;0;0;0;0;0;0;0;0;0
8502.69;79999913;421340;440366;0;0;9545;0;0;0;0;0;0;0;0;0;0
8504.69;79999913;420431;439798;0;0;9494;0;0;0;0;0;0;0;0;0;0
8506.69;79999914;420783;440582;0;0;9706;0;0;0;0;0;0;0;0;0;0
8508.69;79999913;420863;439207;0;0;9780;0;0;0;0;0;0;0;0;0;0
8510.69;79999913;420632;439759;0;0;9771;0;0;0;0;0;0;0;0;0;0
8512.69;79999913;421091;440370;0;0;9690;0;0;0;0;0;0;0;0;0;0
8514.69;79999913;421093;440863;0;0;9701;0;0;0;0;0;0;0;0;0;0
8516.69;79999913;420437;440127;0;0;9775;0;0;0;0;0;0;0;0;0;0
8518.69;79999914;421137;440225;0;0;9747;0;0;0;0;0;0;0;0;0;0
8520.69;79999913;420454;441082;0;0;9817;0;0;0;0;0;0;0;0;0;0
8522.69;79999913;421256;440230;0;0;9672;0;0;0;0;0;0;0;0;0;0
8524.69;79999913;420828;440101;0;0;9781;0;0;0;0;0;0;0;0;0;0
8526.69;79999913;421091;439238;0;0;9752;0;0;0;0;0;0;0;0;0;0
8528.69;79999913;421617;440439;0;0;9680;0;0;0;0;0;0;0;0;0;0
8530.69;79999913;419858;439390;0;0;9666;0;0;0;0;0;0;0;0;0;0
8532.69;79999914;421192;440488;0;0;9810;0;0;0;0;0;0;0;0;0;0
8534.69;79999913;420581;440241;0;0;9637;0;0;0;0;0;0;0;0;0;0
8536.69;79999913;421886;441385;0;0;9724;0;0;0;0;0;0;0;0;0;0
8538.69;79999913;421063;440014;0;0;9819;0;0;0;0;0;0;0;0;0;0
8540.70;79999913;421198;441053;0;0;9863;0;0;0;0;0;0;0;0;0;0
8542.70;79999913;421371;440472;0;0;9745;0;0;0;0;0;0;0;0;0;0
8544.70;79999913;422284;441570;0;0;9726;0;0;0;0;0;0;0;0;0;0
8546.70;79999913;420693;439335;0;0;9682;0;0;0;0;0;0;0;0;0;0
8548.70;79999913;420477;438976;0;0;9790;0;0;0;0;0;0;0;0;0;0
8550.70;79999914;417969;437809;0;0;9582;0;0;0;0;0;0;0;0;0;0
8552.70;79999914;419961;439357;0;0;9701;0;0;0;0;0;0;0;0;0;0
8554.70;79999914;418596;437319;0;0;9651;0;0;0;0;0;0;0;0;0;0
8556.70;79999914;420134;438959;0;0;9803;0;0;0;0;0;0;0;0;0;0
8558.70;79999913;418485;437181;0;0;9600;0;0;0;0;0;0;0;0;0;0
8560.70;79999913;420502;439634;0;0;9675;0;0;0;0;0;0;0;0;0;0
8562.70;79999913;417712;437204;0;0;9568;0;0;0;0;0;0;0;0;0;0
8564.70;79999913;421109;438417;0;0;9640;0;0;0;0;0;0;0;0;0;0
8566.70;79999913;417879;438282;0;0;9727;0;0;0;0;0;0;0;0;0;0
8568.70;79999914;420273;439753;0;0;9709;0;0;0;0;0;0;0;0;0;0
8570.70;79999914;417375;437237;0;0;9682;0;0;0;0;0;0;0;0;0;0
8572.70;79999914;421256;439638;0;0;9791;0;0;0;0;0;0;0;0;0;0
8574.70;79999914;418203;437905;0;0;9702;0;0;0;0;0;0;0;0;0;0
8576.70;79999914;420641;440121;0;0;9906;0;0;0;0;0;0;0;0;0;0
8578.70;79999913;417875;437164;0;0;9730;0;0;0;0;0;0;0;0;0;0
8580.70;79999913;420497;440169;0;0;9911;0;0;0;0;0;0;0;0;0;0
8582.70;79999913;418795;437662;0;0;9887;0;0;0;0;0;0;0;0;0;0
8584.70;79999913;420799;439699;0;0;9673;0;0;0;0;0;0;0;0;0;0
8586.70;79999913;417460;437192;0;0;9525;0;0;0;0;0;0;0;0;0;0
8588.70;79999914;420775;439553;0;0;9613;0;0;0;0;0;0;0;0;0;0
8590.70;79999913;419116;438312;0;0;9780;0;0;0;0;0;0;0;0;0;0
8592.70;79999914;420452;439431;0;0;9774;0;0;0;0;0;0;0;0;0;0
8594.71;79999914;418272;437282;0;0;9565;0;0;0;0;0;0;0;0;0;0
8596.71;79999914;420849;439966;0;0;9510;0;0;0;0;0;0;0;0;0;0
8598.71;79999914;418510;436835;0;0;9801;0;0;0;0;0;0;0;0;0;0
8600.71;79999914;421110;439029;0;0;9589;0;0;0;0;0;0;0;0;0;0
8602.71;79999914;418447;437437;0;0;9742;0;0;0;0;0;0;0;0;0;0
8604.71;79999914;421467;440188;0;0;9824;0;0;0;0;0;0;0;0;0;0
8606.71;79999913;419233;438598;0;0;9432;0;0;0;0;0;0;0;0;0;0
8608.71;79999913;422905;442110;0;0;9747;0;0;0;0;0;0;0;0;0;0
8610.71;79999913;420421;439106;0;0;9634;0;0;0;0;0;0;0;0;0;0
8612.71;79999913;422986;441593;0;0;9930;0;0;0;0;0;0;0;0;0;0
8614.71;79999914;420935;440229;0;0;9812;0;0;0;0;0;0;0;0;0;0
8616.71;79999914;422623;441776;0;0;9839;0;0;0;0;0;0;0;0;0;0
8618.71;79999913;421043;440205;0;0;9755;0;0;0;0;0;0;0;0;0;0
8620.71;79999913;422583;442103;0;0;9859;0;0;0;0;0;0;0;0;0;0
8622.71;79999914;421134;439811;0;0;9648;0;0;0;0;0;0;0;0;0;0
8624.71;79999914;423265;441401;0;0;9731;0;0;0;0;0;0;0;0;0;0
8626.71;79999913;420400;440242;0;0;9719;0;0;0;0;0;0;0;0;0;0
8628.71;79999913;423021;441376;0;0;9743;0;0;0;0;0;0;0;0;0;0
8630.71;79999913;420047;440786;0;0;9702;0;0;0;0;0;0;0;0;0;0
8632.71;79999914;422970;442260;0;0;9760;0;0;0;0;0;0;0;0;0;0
8634.71;79999913;421822;440379;0;0;9668;0;0;0;0;0;0;0;0;0;0
8636.71;79999914;422846;442083;0;0;9786;0;0;0;0;0;0;0;0;0;0
8638.71;79999914;421687;439574;0;0;9710;0;0;0;0;0;0;0;0;0;0
8640.71;79999914;423592;442440;0;0;9766;0;0;0;0;0;0;0;0;0;0
8642.71;79999914;421879;440193;0;0;9785;0;0;0;0;0;0;0;0;0;0
8644.71;79999914;424155;442760;0;0;9777;0;0;0;0;0;0;0;0;0;0
8646.71;79999914;421982;440906;0;0;9818;0;0;0;0;0;0;0;0;0;0
8648.71;79999913;423339;443036;0;0;9867;0;0;0;0;0;0;0;0;0;0
8650.71;79999914;422566;441115;0;0;9800;0;0;0;0;0;0;0;0;0;0
8652.71;79999914;423197;442381;0;0;9799;0;0;0;0;0;0;0;0;0;0
8654.72;79999914;422330;440707;0;0;9853;0;0;0;0;0;0;0;0;0;0
8656.72;79999914;423358;442216;0;0;9799;0;0;0;0;0;0;0;0;0;0
8658.72;79999914;422581;441663;0;0;9655;0;0;0;0;0;0;0;0;0;0
8660.72;79999914;424687;442796;0;0;9718;0;0;0;0;0;0;0;0;0;0
8662.72;79999914;422878;441435;0;0;9953;0;0;0;0;0;0;0;0;0;0
8664.72;79999913;423497;441611;0;0;9900;0;0;0;0;0;0;0;0;0;0
8666.72;79999914;422572;441399;0;0;10014;0;0;0;0;0;0;0;0;0;0
8668.72;79999914;423304;441604;0;0;9806;0;0;0;0;0;0;0;0;0;0
8670.72;79999913;422536;441051;0;0;9947;0;0;0;0;0;0;0;0;0;0
8672.72;79999913;424026;441656;0;0;9749;0;0;0;0;0;0;0;0;0;0
8674.72;79999914;422468;441328;0;0;9810;0;0;0;0;0;0;0;0;0;0
8676.72;79999914;423238;442637;0;0;9758;0;0;0;0;0;0;0;0;0;0
8678.72;79999913;422429;441244;0;0;9718;0;0;0;0;0;0;0;0;0;0
8680.72;79999913;423209;441780;0;0;9633;0;0;0;0;0;0;0;0;0;0
8682.72;79999913;422206;440611;0;0;9750;0;0;0;0;0;0;0;0;0;0
8684.72;79999913;423105;441698;0;0;9909;0;0;0;0;0;0;0;0;0;0
8686.72;79999913;422545;441540;0;0;9830;0;0;0;0;0;0;0;0;0;0
8688.72;79999913;423633;441480;0;0;9915;0;0;0;0;0;0;0;0;0;0
8690.72;79999913;423501;441205;0;0;9837;0;0;0;0;0;0;0;0;0;0
8692.72;79999914;423390;442333;0;0;9846;0;0;0;0;0;0;0;0;0;0
8694.72;79999913;422068;441215;0;0;9767;0;0;0;0;0;0;0;0;0;0
8696.72;79999914;423528;441420;0;0;9695;0;0;0;0;0;0;0;0;0;0
8698.72;79999913;423442;441979;0;0;9981;0;0;0;0;0;0;0;0;0;0
8700.72;79999914;423248;441262;0;0;9818;0;0;0;0;0;0;0;0;0;0
8702.72;79999913;423010;441774;0;0;9825;0;0;0;0;0;0;0;0;0;0
8704.72;79999913;423408;441485;0;0;9762;0;0;0;0;0;0;0;0;0;0
8706.72;79999914;423804;441373;0;0;9896;0;0;0;0;0;0;0;0;0;0
8708.72;79999914;423306;441191;0;0;9728;0;0;0;0;0;0;0;0;0;0
8710.73;79999914;423498;441738;0;0;9789;0;0;0;0;0;0;0;0;0;0
8712.73;79999913;423106;440595;0;0;9778;0;0;0;0;0;0;0;0;0;0
8714.73;79999914;423607;440898;0;0;9718;0;0;0;0;0;0;0;0;0;0
8716.73;79999914;423242;440723;0;0;9750;0;0;0;0;0;0;0;0;0;0
8718.73;79999914;424198;442192;0;0;9740;0;0;0;0;0;0;0;0;0;0
8720.73;79999914;423589;440522;0;0;9816;0;0;0;0;0;0;0;0;0;0
8722.73;79999913;423355;441904;0;0;9775;0;0;0;0;0;0;0;0;0;0
8724.73;79999913;422390;441404;0;0;9727;0;0;0;0;0;0;0;0;0;0
8726.73;79999913;423626;441639;0;0;9777;0;0;0;0;0;0;0;0;0;0
8728.73;79999914;422444;440275;0;0;9967;0;0;0;0;0;0;0;0;0;0
8730.73;79999914;423492;442792;0;0;9780;0;0;0;0;0;0;0;0;0;0
8732.73;79999914;422497;441201;0;0;9803;0;0;0;0;0;0;0;0;0;0
8734.73;79999913;424629;441336;0;0;10019;0;0;0;0;0;0;0;0;0;0
8736.73;79999914;422396;440552;0;0;9786;0;0;0;0;0;0;0;0;0;0
8738.73;79999913;423852;441636;0;0;9770;0;0;0;0;0;0;0;0;0;0
8740.73;79999914;422538;441184;0;0;9984;0;0;0;0;0;0;0;0;0;0
8742.73;79999913;424405;441887;0;0;9872;0;0;0;0;0;0;0;0;0;0
8744.73;79999914;422150;440624;0;0;9737;0;0;0;0;0;0;0;0;0;0
8746.73;79999913;424858;443215;0;0;9830;0;0;0;0;0;0;0;0;0;0
8748.73;79999913;422704;441578;0;0;9989;0;0;0;0;0;0;0;0;0;0
8750.73;79999913;424548;441947;0;0;9811;0;0;0;0;0;0;0;0;0;0
8752.73;79999914;422268;440228;0;0;9949;0;0;0;0;0;0;0;0;0;0
8754.73;79999913;424371;442328;0;0;9907;0;0;0;0;0;0;0;0;0;0
8756.73;79999914;422936;440830;0;0;9771;0;0;0;0;0;0;0;0;0;0
8758.73;79999914;424157;442598;0;0;9748;0;0;0;0;0;0;0;0;0;0
8760.73;79999913;422710;440234;0;0;9761;0;0;0;0;0;0;0;0;0;0
8762.74;79999914;424158;441507;0;0;9876;0;0;0;0;0;0;0;0;0;0
8764.74;79999914;422619;440947;0;0;9912;0;0;0;0;0;0;0;0;0;0
8766.74;79999914;425800;442038;0;0;9959;0;0;0;0;0;0;0;0;0;0
8768.74;79999913;423042;440369;0;0;9882;0;0;0;0;0;0;0;0;0;0
8770.74;79999913;424424;442653;0;0;9988;0;0;0;0;0;0;0;0;0;0
8772.74;79999913;423014;440684;0;0;9783;0;0;0;0;0;0;0;0;0;0
8774.74;79999914;424366;442137;0;0;9950;0;0;0;0;0;0;0;0;0;0
8776.74;79999914;422882;440529;0;0;9868;0;0;0;0;0;0;0;0;0;0
8778.74;79999913;425408;443231;0;0;9926;0;0;0;0;0;0;0;0;0;0
8780.74;79999913;423215;440983;0;0;9878;0;0;0;0;0;0;0;0;0;0
8782.74;79999913;424662;442566;0;0;9878;0;0;0;0;0;0;0;0;0;0
8784.74;79999913;422799;441147;0;0;9766;0;0;0;0;0;0;0;0;0;0
8786.74;79999914;426463;442702;0;0;9882;0;0;0;0;0;0;0;0;0;0
8788.74;79999913;423670;440869;0;0;9889;0;0;0;0;0;0;0;0;0;0
8790.74;79999913;425574;443345;0;0;9722;0;0;0;0;0;0;0;0;0;0
8792.74;79999914;423300;442174;0;0;9512;0;0;0;0;0;0;0;0;0;0
8794.74;79999913;423866;443940;0;0;9798;0;0;0;0;0;0;0;0;0;0
8796.74;79999913;422601;441933;0;0;9639;0;0;0;0;0;0;0;0;0;0
8798.74;79999913;424780;444302;0;0;9848;0;0;0;0;0;0;0;0;0;0
8800.74;79999913;423640;441324;0;0;9857;0;0;0;0;0;0;0;0;0;0
8802.74;79999913;425515;443038;0;0;9968;0;0;0;0;0;0;0;0;0;0
8804.74;79999913;423616;441715;0;0;9892;0;0;0;0;0;0;0;0;0;0
8806.74;79999914;424852;444199;0;0;9736;0;0;0;0;0;0;0;0;0;0
8808.74;79999914;423945;441168;0;0;9765;0;0;0;0;0;0;0;0;0;0
8810.74;79999913;424929;442858;0;0;9772;0;0;0;0;0;0;0;0;0;0
8812.74;79999914;423342;442295;0;0;9680;0;0;0;0;0;0;0;0;0;0
8814.74;79999913;424706;443621;0;0;9945;0;0;0;0;0;0;0;0;0;0
8816.74;79999913;424000;442218;0;0;10006;0;0;0;0;0;0;0;0;0;0
8818.74;79999913;425501;443131;0;0;9841;0;0;0;0;0;0;0;0;0;0
8820.74;79999913;424003;442289;0;0;9961;0;0;0;0;0;0;0;0;0;0
8822.74;79999913;425005;444176;0;0;9821;0;0;0;0;0;0;0;0;0;0
8824.75;79999914;423035;441775;0;0;9827;0;0;0;0;0;0;0;0;0;0
8826.75;79999913;425166;443542;0;0;9701;0;0;0;0;0;0;0;0;0;0
8828.75;79999913;423688;442451;0;0;9804;0;0;0;0;0;0;0;0;0;0
8830.75;79999913;425229;443877;0;0;9908;0;0;0;0;0;0;0;0;0;0
8832.75;79999913;424227;442962;0;0;9668;0;0;0;0;0;0;0;0;0;0
8834.75;79999914;424417;443117;0;0;9775;0;0;0;0;0;0;0;0;0;0
8836.75;79999913;424316;442612;0;0;9717;0;0;0;0;0;0;0;0;0;0
8838.75;79999913;425266;443728;0;0;9750;0;0;0;0;0;0;0;0;0;0
8840.75;79999914;424333;442959;0;0;9745;0;0;0;0;0;0;0;0;0;0
8842.75;79999913;425665;443595;0;0;10133;0;0;0;0;0;0;0;0;0;0
8844.75;79999913;423971;442926;0;0;9842;0;0;0;0;0;0;0;0;0;0
8846.75;79999913;425435;443909;0;0;9893;0;0;0;0;0;0;0;0;0;0
8848.75;79999914;424221;442096;0;0;9696;0;0;0;0;0;0;0;0;0;0
8850.75;79999914;425454;444255;0;0;9804;0;0;0;0;0;0;0;0;0;0
8852.75;79999913;423596;442558;0;0;9909;0;0;0;0;0;0;0;0;0;0
8854.75;79999913;426357;442995;0;0;9931;0;0;0;0;0;0;0;0;0;0
8856.75;79999914;423452;442566;0;0;9709;0;0;0;0;0;0;0;0;0;0
8858.75;79999914;426159;443384;0;0;9802;0;0;0;0;0;0;0;0;0;0
8860.75;79999913;424829;442352;0;0;9775;0;0;0;0;0;0;0;0;0;0
8862.75;79999913;424571;443063;0;0;9574;0;0;0;0;0;0;0;0;0;0
8864.75;79999913;424287;442020;0;0;9752;0;0;0;0;0;0;0;0;0;0
8866.75;79999913;424784;443215;0;0;10024;0;0;0;0;0;0;0;0;0;0
8868.75;79999913;424279;442098;0;0;9673;0;0;0;0;0;0;0;0;0;0
8870.75;79999913;424427;442666;0;0;9870;0;0;0;0;0;0;0;0;0;0
8872.75;79999913;423601;442063;0;0;9708;0;0;0;0;0;0;0;0;0;0
8874.75;79999913;424205;442827;0;0;9800;0;0;0;0;0;0;0;0;0;0
8876.75;79999914;424345;442666;0;0;9824;0;0;0;0;0;0;0;0;0;0
8878.75;79999914;424787;442986;0;0;9791;0;0;0;0;0;0;0;0;0;0
8880.75;79999913;424667;443169;0;0;9641;0;0;0;0;0;0;0;0;0;0
8882.76;79999913;426072;442810;0;0;9827;0;0;0;0;0;0;0;0;0;0
8884.76;79999913;425564;442635;0;0;9924;0;0;0;0;0;0;0;0;0;0
8886.76;79999913;426039;443231;0;0;9674;0;0;0;0;0;0;0;0;0;0
8888.76;79999913;425163;442677;0;0;9839;0;0;0;0;0;0;0;0;0;0
8890.76;79999913;425158;442705;0;0;9872;0;0;0;0;0;0;0;0;0;0
8892.76;79999913;425355;443033;0;0;9793;0;0;0;0;0;0;0;0;0;0
8894.76;79999913;425122;443133;0;0;9817;0;0;0;0;0;0;0;0;0;0
8896.76;79999914;425741;443644;0;0;9798;0;0;0;0;0;0;0;0;0;0
8898.76;79999914;425154;443012;0;0;9839;0;0;0;0;0;0;0;0;0;0
8900.76;79999913;425836;443423;0;0;9647;0;0;0;0;0;0;0;0;0;0
8902.76;79999914;424574;442861;0;0;9865;0;0;0;0;0;0;0;0;0;0
8904.76;79999914;424640;444342;0;0;9954;0;0;0;0;0;0;0;0;0;0
8906.76;79999914;424352;442900;0;0;9604;0;0;0;0;0;0;0;0;0;0
8908.76;79999913;425763;443662;0;0;9955;0;0;0;0;0;0;0;0;0;0
8910.76;79999913;424923;442552;0;0;9741;0;0;0;0;0;0;0;0;0;0
8912.76;79999913;425652;443291;0;0;9836;0;0;0;0;0;0;0;0;0;0
8914.76;79999913;424861;442525;0;0;9746;0;0;0;0;0;0;0;0;0;0
8916.76;79999913;425650;444020;0;0;9860;0;0;0;0;0;0;0;0;0;0
8918.76;79999913;424481;441759;0;0;9723;0;0;0;0;0;0;0;0;0;0
8920.76;79999913;426067;443833;0;0;9799;0;0;0;0;0;0;0;0;0;0
8922.76;79999913;425571;443043;0;0;9791;0;0;0;0;0;0;0;0;0;0
8924.76;79999914;425711;443881;0;0;9877;0;0;0;0;0;0;0;0;0;0
8926.76;79999913;425718;443509;0;0;9904;0;0;0;0;0;0;0;0;0;0
8928.76;79999913;426473;443597;0;0;9944;0;0;0;0;0;0;0;0;0;0
8930.76;79999914;424874;443183;0;0;9852;0;0;0;0;0;0;0;0;0;0
8932.76;79999913;425951;444123;0;0;9982;0;0;0;0;0;0;0;0;0;0
8934.76;79999913;424940;443397;0;0;9799;0;0;0;0;0;0;0;0;0;0
8936.77;79999913;426671;444957;0;0;9896;0;0;0;0;0;0;0;0;0;0
8938.77;79999914;425338;443346;0;0;9979;0;0;0;0;0;0;0;0;0;0
8940.77;79999913;427003;445408;0;0;9929;0;0;0;0;0;0;0;0;0;0
8942.77;79999914;424769;443538;0;0;9843;0;0;0;0;0;0;0;0;0;0
8944.77;79999913;426604;444938;0;0;9839;0;0;0;0;0;0;0;0;0;0
8946.77;79999913;425688;443351;0;0;9849;0;0;0;0;0;0;0;0;0;0
8948.77;79999913;426310;444518;0;0;9980;0;0;0;0;0;0;0;0;0;0
8950.77;79999914;424103;443694;0;0;9822;0;0;0;0;0;0;0;0;0;0
8952.77;79999913;426711;443627;0;0;9808;0;0;0;0;0;0;0;0;0;0
8954.77;79999913;424074;443041;0;0;9838;0;0;0;0;0;0;0;0;0;0
8956.77;79999914;426684;444117;0;0;9989;0;0;0;0;0;0;0;0;0;0
8958.77;79999914;424657;443844;0;0;9948;0;0;0;0;0;0;0;0;0;0
8960.77;79999913;427088;444931;0;0;9774;0;0;0;0;0;0;0;0;0;0
8962.77;79999913;424133;443490;0;0;9819;0;0;0;0;0;0;0;0;0;0
8964.77;79999913;425948;444793;0;0;9717;0;0;0;0;0;0;0;0;0;0
8966.77;79999913;425442;443909;0;0;9885;0;0;0;0;0;0;0;0;0;0
8968.77;79999913;426157;444707;0;0;9865;0;0;0;0;0;0;0;0;0;0
8970.77;79999913;424172;443479;0;0;9866;0;0;0;0;0;0;0;0;0;0
8972.77;79999914;425630;445155;0;0;9762;0;0;0;0;0;0;0;0;0;0
8974.77;79999913;423475;443888;0;0;9905;0;0;0;0;0;0;0;0;0;0
8976.77;79999913;425945;444323;0;0;9938;0;0;0;0;0;0;0;0;0;0
8978.77;79999913;424010;443229;0;0;9865;0;0;0;0;0;0;0;0;0;0
8980.77;79999914;426540;444486;0;0;10054;0;0;0;0;0;0;0;0;0;0
8982.77;79999913;424463;442400;0;0;10100;0;0;0;0;0;0;0;0;0;0
8984.77;79999913;426130;445121;0;0;9841;0;0;0;0;0;0;0;0;0;0
8986.77;79999914;424730;442973;0;0;9786;0;0;0;0;0;0;0;0;0;0
8988.77;79999914;425944;444965;0;0;9883;0;0;0;0;0;0;0;0;0;0
8990.78;79999914;424910;443355;0;0;9833;0;0;0;0;0;0;0;0;0;0
8992.78;79999913;426891;444934;0;0;9819;0;0;0;0;0;0;0;0;0;0
8994.78;79999913;424829;443496;0;0;9989;0;0;0;0;0;0;0;0;0;0
8996.78;79999913;427051;444783;0;0;9912;0;0;0;0;0;0;0;0;0;0
8998.78;79999914;425416;443535;0;0;9751;0;0;0;0;0;0;0;0;0;0
9000.78;79999914;426559;445667;0;0;9858;0;0;0;0;0;0;0;0;0;0
9002.78;79999913;424967;443145;0;0;9798;0;0;0;0;0;0;0;0;0;0
9004.78;79999914;426821;445595;0;0;9782;0;0;0;0;0;0;0;0;0;0
9006.78;79999914;425065;443242;0;0;9824;0;0;0;0;0;0;0;0;0;0
9008.78;79999914;426786;445953;0;0;9892;0;0;0;0;0;0;0;0;0;0
9010.78;79999914;424763;442879;0;0;9886;0;0;0;0;0;0;0;0;0;0
9012.78;79999913;426079;444714;0;0;9867;0;0;0;0;0;0;0;0;0;0
9014.78;79999913;425411;443372;0;0;9790;0;0;0;0;0;0;0;0;0;0
9016.78;79999914;426984;445130;0;0;10022;0;0;0;0;0;0;0;0;0;0
9018.78;79999913;424745;443519;0;0;9705;0;0;0;0;0;0;0;0;0;0
9020.78;79999913;425893;444207;0;0;9921;0;0;0;0;0;0;0;0;0;0
9022.78;79999914;424418;443054;0;0;9803;0;0;0;0;0;0;0;0;0;0
9024.78;79999914;427060;444816;0;0;9967;0;0;0;0;0;0;0;0;0;0
9026.78;79999913;425159;442674;0;0;9782;0;0;0;0;0;0;0;0;0;0
9028.78;79999913;427467;445428;0;0;10032;0;0;0;0;0;0;0;0;0;0
9030.78;79999913;424934;443647;0;0;9787;0;0;0;0;0;0;0;0;0;0
9032.78;79999914;424580;443847;0;0;9693;0;0;0;0;0;0;0;0;0;0
9034.78;79999913;423323;441253;0;0;9739;0;0;0;0;0;0;0;0;0;0
9036.79;79999913;425301;443033;0;0;9756;0;0;0;0;0;0;0;0;0;0
9038.79;79999913;423038;440566;0;0;9773;0;0;0;0;0;0;0;0;0;0
9040.79;79999913;425657;443238;0;0;10057;0;0;0;0;0;0;0;0;0;0
9042.79;79999914;423682;441305;0;0;9837;0;0;0;0;0;0;0;0;0;0
9044.79;79999914;424877;443716;0;0;9834;0;0;0;0;0;0;0;0;0;0
9046.79;79999914;424226;440904;0;0;9730;0;0;0;0;0;0;0;0;0;0
9048.79;79999914;424664;442557;0;0;9921;0;0;0;0;0;0;0;0;0;0
9050.79;79999914;423528;442768;0;0;9853;0;0;0;0;0;0;0;0;0;0
9052.79;79999913;424359;443111;0;0;9814;0;0;0;0;0;0;0;0;0;0
9054.79;79999913;424119;441762;0;0;9642;0;0;0;0;0;0;0;0;0;0
9056.79;79999913;424032;441772;0;0;9886;0;0;0;0;0;0;0;0;0;0
9058.79;79999913;423413;442436;0;0;9734;0;0;0;0;0;0;0;0;0;0
9060.79;79999913;424685;442985;0;0;9835;0;0;0;0;0;0;0;0;0;0
9062.79;79999913;424328;441952;0;0;9849;0;0;0;0;0;0;0;0;0;0
9064.79;79999913;424617;441891;0;0;9950;0;0;0;0;0;0;0;0;0;0
9066.79;79999914;422960;442037;0;0;9839;0;0;0;0;0;0;0;0;0;0
9068.79;79999914;424782;441600;0;0;9932;0;0;0;0;0;0;0;0;0;0
9070.79;79999914;423844;442106;0;0;9855;0;0;0;0;0;0;0;0;0;0
9072.79;79999914;423006;442912;0;0;9731;0;0;0;0;0;0;0;0;0;0
9074.79;79999913;423828;442163;0;0;9771;0;0;0;0;0;0;0;0;0;0
9076.79;79999914;423934;442228;0;0;9885;0;0;0;0;0;0;0;0;0;0
9078.79;79999914;424821;442430;0;0;9863;0;0;0;0;0;0;0;0;0;0
9080.79;79999913;424140;442253;0;0;9988;0;0;0;0;0;0;0;0;0;0
9082.79;79999914;423545;441812;0;0;9848;0;0;0;0;0;0;0;0;0;0
9084.79;79999913;423654;441624;0;0;9934;0;0;0;0;0;0;0;0;0;0
9086.79;79999913;424067;443367;0;0;9817;0;0;0;0;0;0;0;0;0;0
9088.79;79999913;424027;441353;0;0;9882;0;0;0;0;0;0;0;0;0;0
9090.79;79999914;423747;442659;0;0;9858;0;0;0;0;0;0;0;0;0;0
9092.80;79999913;423757;442440;0;0;9837;0;0;0;0;0;0;0;0;0;0
9094.80;79999913;426389;444232;0;0;9923;0;0;0;0;0;0;0;0;0;0
9096.80;79999913;425040;443469;0;0;9825;0;0;0;0;0;0;0;0;0;0
9098.80;79999913;426660;444060;0;0;9934;0;0;0;0;0;0;0;0;0;0
9100.80;79999913;425535;443209;0;0;9788;0;0;0;0;0;0;0;0;0;0
9102.80;79999913;425757;444403;0;0;9812;0;0;0;0;0;0;0;0;0;0
9104.80;79999913;425049;442850;0;0;9787;0;0;0;0;0;0;0;0;0;0
9106.80;79999914;426109;444893;0;0;9974;0;0;0;0;0;0;0;0;0;0
9108.80;79999913;424649;443464;0;0;9790;0;0;0;0;0;0;0;0;0;0
9110.80;79999913;426105;445187;0;0;9859;0;0;0;0;0;0;0;0;0;0
9112.80;79999914;424484;443808;0;0;9979;0;0;0;0;0;0;0;0;0;0
9114.80;79999914;426904;445130;0;0;9767;0;0;0;0;0;0;0;0;0;0
9116.80;79999913;425134;443747;0;0;9872;0;0;0;0;0;0;0;0;0;0
9118.80;79999913;426636;445857;0;0;9837;0;0;0;0;0;0;0;0;0;0
9120.80;79999913;424688;443595;0;0;9707;0;0;0;0;0;0;0;0;0;0
9122.80;79999914;426741;445637;0;0;9928;0;0;0;0;0;0;0;0;0;0
9124.80;79999914;424904;444533;0;0;9789;0;0;0;0;0;0;0;0;0;0
9126.80;79999914;426965;445072;0;0;9877;0;0;0;0;0;0;0;0;0;0
9128.80;79999913;424559;443047;0;0;9853;0;0;0;0;0;0;0;0;0;0
9130.80;79999914;426746;445718;0;0;9892;0;0;0;0;0;0;0;0;0;0
9132.80;79999913;425499;443486;0;0;9834;0;0;0;0;0;0;0;0;0;0
9134.80;79999914;425795;444725;0;0;9914;0;0;0;0;0;0;0;0;0;0
9136.80;79999913;424130;443688;0;0;9789;0;0;0;0;0;0;0;0;0;0
9138.80;79999913;426060;445402;0;0;9829;0;0;0;0;0;0;0;0;0;0
9140.80;79999913;424014;442920;0;0;9871;0;0;0;0;0;0;0;0;0;0
9142.80;79999913;426331;444604;0;0;9830;0;0;0;0;0;0;0;0;0;0
9144.80;79999913;425230;442797;0;0;9772;0;0;0;0;0;0;0;0;0;0
9146.80;79999914;426344;444802;0;0;9789;0;0;0;0;0;0;0;0;0;0
9148.81;79999913;424926;442778;0;0;9762;0;0;0;0;0;0;0;0;0;0
9150.81;79999913;426554;445076;0;0;9851;0;0;0;0;0;0;0;0;0;0
9152.81;79999914;424990;443278;0;0;9886;0;0;0;0;0;0;0;0;0;0
9154.81;79999914;427056;445206;0;0;9850;0;0;0;0;0;0;0;0;0;0
9156.81;79999914;425028;443805;0;0;9768;0;0;0;0;0;0;0;0;0;0
9158.81;79999914;426957;445016;0;0;9991;0;0;0;0;0;0;0;0;0;0
9160.81;79999914;425143;443829;0;0;9595;0;0;0;0;0;0;0;0;0;0
9162.81;79999913;426987;444934;0;0;10012;0;0;0;0;0;0;0;0;0;0
9164.81;79999913;425649;443589;0;0;9768;0;0;0;0;0;0;0;0;0;0
9166.81;79999913;427146;445318;0;0;10025;0;0;0;0;0;0;0;0;0;0
9168.81;79999913;424737;443730;0;0;9867;0;0;0;0;0;0;0;0;0;0
9170.81;79999913;427127;445110;0;0;9923;0;0;0;0;0;0;0;0;0;0
9172.81;79999913;425333;443559;0;0;9930;0;0;0;0;0;0;0;0;0;0
9174.81;79999914;427506;445184;0;0;9846;0;0;0;0;0;0;0;0;0;0
9176.81;79999913;424634;443448;0;0;9777;0;0;0;0;0;0;0;0;0;0
9178.81;79999914;426178;445329;0;0;9698;0;0;0;0;0;0;0;0;0;0
9180.81;79999914;424843;443791;0;0;9572;0;0;0;0;0;0;0;0;0;0
9182.81;79999914;426492;444868;0;0;9881;0;0;0;0;0;0;0;0;0;0
9184.81;79999914;424648;443935;0;0;9884;0;0;0;0;0;0;0;0;0;0
9186.81;79999913;425837;445243;0;0;9848;0;0;0;0;0;0;0;0;0;0
9188.81;79999913;424645;443006;0;0;9877;0;0;0;0;0;0;0;0;0;0
9190.81;79999913;426901;444418;0;0;9798;0;0;0;0;0;0;0;0;0;0
9192.81;79999913;424857;444331;0;0;9826;0;0;0;0;0;0;0;0;0;0
9194.81;79999913;426717;444831;0;0;9856;0;0;0;0;0;0;0;0;0;0
9196.82;79999913;424739;442650;0;0;9921;0;0;0;0;0;0;0;0;0;0
9198.82;79999914;426359;445107;0;0;9877;0;0;0;0;0;0;0;0;0;0
9200.82;79999914;425078;443465;0;0;9734;0;0;0;0;0;0;0;0;0;0
9202.82;79999914;427418;445204;0;0;9857;0;0;0;0;0;0;0;0;0;0
9204.82;79999914;425445;444049;0;0;9918;0;0;0;0;0;0;0;0;0;0
9206.82;79999914;426334;446266;0;0;9904;0;0;0;0;0;0;0;0;0;0
9208.82;79999914;425145;444258;0;0;9947;0;0;0;0;0;0;0;0;0;0
9210.82;79999914;426434;445097;0;0;9805;0;0;0;0;0;0;0;0;0;0
9212.82;79999914;424609;443800;0;0;9599;0;0;0;0;0;0;0;0;0;0
9214.82;79999914;426903;445809;0;0;10060;0;0;0;0;0;0;0;0;0;0
9216.82;79999914;424913;443987;0;0;9674;0;0;0;0;0;0;0;0;0;0
9218.82;79999914;427442;445629;0;0;9958;0;0;0;0;0;0;0;0;0;0
9220.82;79999914;425550;443936;0;0;9998;0;0;0;0;0;0;0;0;0;0
9222.82;79999914;427100;445417;0;0;9859;0;0;0;0;0;0;0;0;0;0
9224.82;79999914;425476;443790;0;0;9751;0;0;0;0;0;0;0;0;0;0
9226.82;79999913;427293;444219;0;0;9816;0;0;0;0;0;0;0;0;0;0
9228.82;79999914;424945;443573;0;0;9727;0;0;0;0;0;0;0;0;0;0
9230.82;79999914;426824;445301;0;0;9961;0;0;0;0;0;0;0;0;0;0
9232.82;79999913;425690;444159;0;0;9925;0;0;0;0;0;0;0;0;0;0
9234.82;79999913;426166;444261;0;0;9755;0;0;0;0;0;0;0;0;0;0
9236.82;79999913;426286;443407;0;0;9748;0;0;0;0;0;0;0;0;0;0
9238.82;79999914;426155;444393;0;0;9884;0;0;0;0;0;0;0;0;0;0
9240.82;79999914;425923;444780;0;0;9820;0;0;0;0;0;0;0;0;0;0
9242.82;79999914;427423;445799;0;0;9788;0;0;0;0;0;0;0;0;0;0
9244.82;79999914;426174;444884;0;0;9830;0;0;0;0;0;0;0;0;0;0
9246.82;79999914;427190;445142;0;0;10001;0;0;0;0;0;0;0;0;0;0
9248.82;79999914;425802;444938;0;0;9871;0;0;0;0;0;0;0;0;0;0
9250.83;79999914;426034;444695;0;0;9840;0;0;0;0;0;0;0;0;0;0
9252.83;79999914;425498;444227;0;0;9926;0;0;0;0;0;0;0;0;0;0
9254.83;79999913;426266;445023;0;0;9862;0;0;0;0;0;0;0;0;0;0
9256.83;79999914;426253;445374;0;0;9837;0;0;0;0;0;0;0;0;0;0
9258.83;79999914;426110;445291;0;0;9824;0;0;0;0;0;0;0;0;0;0
9260.83;79999914;426114;445123;0;0;9588;0;0;0;0;0;0;0;0;0;0
9262.83;79999914;426206;445031;0;0;9649;0;0;0;0;0;0;0;0;0;0
9264.83;79999913;425573;444847;0;0;9645;0;0;0;0;0;0;0;0;0;0
9266.83;79999914;425324;444552;0;0;9727;0;0;0;0;0;0;0;0;0;0
9268.83;79999914;425813;445721;0;0;9795;0;0;0;0;0;0;0;0;0;0
9270.83;79999914;425223;444613;0;0;9810;0;0;0;0;0;0;0;0;0;0
9272.83;79999913;426366;444496;0;0;9840;0;0;0;0;0;0;0;0;0;0
9274.83;79999913;425016;444888;0;0;9744;0;0;0;0;0;0;0;0;0;0
9276.83;79999913;425450;445094;0;0;9926;0;0;0;0;0;0;0;0;0;0
9278.83;79999913;425562;444770;0;0;9714;0;0;0;0;0;0;0;0;0;0
9280.83;79999913;425881;445166;0;0;9769;0;0;0;0;0;0;0;0;0;0
9282.83;79999913;424847;443536;0;0;9873;0;0;0;0;0;0;0;0;0;0
9284.83;79999913;424877;444681;0;0;9848;0;0;0;0;0;0;0;0;0;0
9286.83;79999913;424835;443640;0;0;9894;0;0;0;0;0;0;0;0;0;0
9288.83;79999913;426773;444376;0;0;9911;0;0;0;0;0;0;0;0;0;0
9290.83;79999914;424458;443058;0;0;9751;0;0;0;0;0;0;0;0;0;0
9292.83;79999913;426305;445177;0;0;9871;0;0;0;0;0;0;0;0;0;0
9294.83;79999913;424693;442614;0;0;9747;0;0;0;0;0;0;0;0;0;0
9296.84;79999913;425143;444120;0;0;9772;0;0;0;0;0;0;0;0;0;0
9298.84;79999913;423683;444547;0;0;9742;0;0;0;0;0;0;0;0;0;0
9300.84;79999914;424923;444844;0;0;9691;0;0;0;0;0;0;0;0;0;0
9302.84;79999914;423374;444418;0;0;9939;0;0;0;0;0;0;0;0;0;0
9304.84;79999914;425225;445639;0;0;9701;0;0;0;0;0;0;0;0;0;0
9306.84;79999913;423957;443746;0;0;9854;0;0;0;0;0;0;0;0;0;0
9308.84;79999913;425456;444871;0;0;9727;0;0;0;0;0;0;0;0;0;0
9310.84;79999913;423837;443169;0;0;10036;0;0;0;0;0;0;0;0;0;0
9312.84;79999913;425558;444842;0;0;10150;0;0;0;0;0;0;0;0;0;0
9314.84;79999914;424944;443042;0;0;9912;0;0;0;0;0;0;0;0;0;0
9316.84;79999913;425543;444937;0;0;9817;0;0;0;0;0;0;0;0;0;0
9318.84;79999914;423487;442351;0;0;9891;0;0;0;0;0;0;0;0;0;0
9320.84;79999914;425624;444748;0;0;9913;0;0;0;0;0;0;0;0;0;0
9322.84;79999914;424136;443643;0;0;9657;0;0;0;0;0;0;0;0;0;0
9324.84;79999914;425795;444910;0;0;9846;0;0;0;0;0;0;0;0;0;0
9326.84;79999913;424295;443298;0;0;9815;0;0;0;0;0;0;0;0;0;0
9328.84;79999914;426545;445051;0;0;9755;0;0;0;0;0;0;0;0;0;0
9330.84;79999914;424196;443220;0;0;9665;0;0;0;0;0;0;0;0;0;0
9332.84;79999914;425961;445514;0;0;9868;0;0;0;0;0;0;0;0;0;0
9334.84;79999914;423753;443686;0;0;9961;0;0;0;0;0;0;0;0;0;0
9336.84;79999914;426305;445241;0;0;9669;0;0;0;0;0;0;0;0;0;0
9338.84;79999914;424398;443539;0;0;9845;0;0;0;0;0;0;0;0;0;0
9340.84;79999913;425443;445464;0;0;9739;0;0;0;0;0;0;0;0;0;0
9342.84;79999913;424258;443313;0;0;9851;0;0;0;0;0;0;0;0;0;0
9344.84;79999913;426947;444859;0;0;9854;0;0;0;0;0;0;0;0;0;0
9346.84;79999914;424330;443063;0;0;9813;0;0;0;0;0;0;0;0;0;0
9348.84;79999913;425394;444291;0;0;9742;0;0;0;0;0;0;0;0;0;0
9350.85;79999913;423843;444042;0;0;9842;0;0;0;0;0;0;0;0;0;0
9352.85;79999913;426006;445379;0;0;9766;0;0;0;0;0;0;0;0;0;0
9354.85;79999914;424882;443354;0;0;9852;0;0;0;0;0;0;0;0;0;0
9356.85;79999913;426411;444779;0;0;9755;0;0;0;0;0;0;0;0;0;0
9358.85;79999914;424005;443537;0;0;9837;0;0;0;0;0;0;0;0;0;0
9360.85;79999914;425901;444927;0;0;10023;0;0;0;0;0;0;0;0;0;0
9362.85;79999913;424312;443161;0;0;9832;0;0;0;0;0;0;0;0;0;0
9364.85;79999913;426477;444655;0;0;9874;0;0;0;0;0;0;0;0;0;0
9366.85;79999913;423829;443844;0;0;9895;0;0;0;0;0;0;0;0;0;0
9368.85;79999913;425913;444535;0;0;9943;0;0;0;0;0;0;0;0;0;0
9370.85;79999913;424186;442743;0;0;9828;0;0;0;0;0;0;0;0;0;0
9372.85;79999914;425407;445097;0;0;9921;0;0;0;0;0;0;0;0;0;0
9374.85;79999914;424080;443686;0;0;9707;0;0;0;0;0;0;0;0;0;0
9376.85;79999914;425503;444862;0;0;9629;0;0;0;0;0;0;0;0;0;0
9378.85;79999914;424121;443110;0;0;9863;0;0;0;0;0;0;0;0;0;0
9380.85;79999914;426048;444743;0;0;9717;0;0;0;0;0;0;0;0;0;0
9382.85;79999914;422963;443502;0;0;9912;0;0;0;0;0;0;0;0;0;0
9384.85;79999913;426764;445097;0;0;9828;0;0;0;0;0;0;0;0;0;0
9386.85;79999913;423733;442779;0;0;9728;0;0;0;0;0;0;0;0;0;0
9388.85;79999913;425469;444743;0;0;9757;0;0;0;0;0;0;0;0;0;0
9390.85;79999913;423360;442408;0;0;9734;0;0;0;0;0;0;0;0;0;0
9392.85;79999913;425914;444318;0;0;9848;0;0;0;0;0;0;0;0;0;0
9394.85;79999914;423943;443226;0;0;9875;0;0;0;0;0;0;0;0;0;0
9396.85;79999914;425868;444450;0;0;9795;0;0;0;0;0;0;0;0;0;0
9398.85;79999914;423616;443701;0;0;9738;0;0;0;0;0;0;0;0;0;0
9400.85;79999914;425312;444584;0;0;9779;0;0;0;0;0;0;0;0;0;0
9402.85;79999914;423806;443066;0;0;9809;0;0;0;0;0;0;0;0;0;0
9404.85;79999914;425326;444452;0;0;9748;0;0;0;0;0;0;0;0;0;0
9406.85;79999914;423698;443798;0;0;9719;0;0;0;0;0;0;0;0;0;0
9408.85;79999914;425092;444205;0;0;9802;0;0;0;0;0;0;0;0;0;0
9410.86;79999914;423961;443856;0;0;10093;0;0;0;0;0;0;0;0;0;0
9412.86;79999913;425478;444201;0;0;9834;0;0;0;0;0;0;0;0;0;0
9414.86;79999913;423196;443760;0;0;9703;0;0;0;0;0;0;0;0;0;0
9416.86;79999913;425016;444528;0;0;9836;0;0;0;0;0;0;0;0;0;0
9418.86;79999914;423247;443234;0;0;9686;0;0;0;0;0;0;0;0;0;0
9420.86;79999914;425062;444650;0;0;9894;0;0;0;0;0;0;0;0;0;0
9422.86;79999914;424683;442992;0;0;9694;0;0;0;0;0;0;0;0;0;0
9424.86;79999914;424475;443696;0;0;9689;0;0;0;0;0;0;0;0;0;0
9426.86;79999914;423582;443332;0;0;9819;0;0;0;0;0;0;0;0;0;0
9428.86;79999914;424601;443331;0;0;9903;0;0;0;0;0;0;0;0;0;0
9430.86;79999913;424155;443323;0;0;9687;0;0;0;0;0;0;0;0;0;0
9432.86;79999913;424206;444040;0;0;9812;0;0;0;0;0;0;0;0;0;0
9434.86;79999913;424079;443438;0;0;9799;0;0;0;0;0;0;0;0;0;0
9436.86;79999913;425148;444435;0;0;9724;0;0;0;0;0;0;0;0;0;0
9438.86;79999914;424513;443385;0;0;9688;0;0;0;0;0;0;0;0;0;0
9440.86;79999913;425294;443277;0;0;9830;0;0;0;0;0;0;0;0;0;0
9442.86;79999914;425037;443436;0;0;9941;0;0;0;0;0;0;0;0;0;0
9444.86;79999914;425398;444123;0;0;9871;0;0;0;0;0;0;0;0;0;0
9446.86;79999914;425048;443698;0;0;9985;0;0;0;0;0;0;0;0;0;0
9448.86;79999914;424733;442941;0;0;9675;0;0;0;0;0;0;0;0;0;0
9450.86;79999913;424320;443683;0;0;9633;0;0;0;0;0;0;0;0;0;0
9452.86;79999913;424635;443804;0;0;9796;0;0;0;0;0;0;0;0;0;0
9454.86;79999914;424207;443953;0;0;9780;0;0;0;0;0;0;0;0;0;0
9456.86;79999914;423560;444392;0;0;9779;0;0;0;0;0;0;0;0;0;0
9458.86;79999913;425306;444059;0;0;9883;0;0;0;0;0;0;0;0;0;0
9460.87;79999914;424327;443225;0;0;9611;0;0;0;0;0;0;0;0;0;0
9462.87;79999914;425444;444232;0;0;9919;0;0;0;0;0;0;0;0;0;0
9464.87;79999914;424261;443700;0;0;9790;0;0;0;0;0;0;0;0;0;0
9466.87;79999914;425220;444181;0;0;9877;0;0;0;0;0;0;0;0;0;0
9468.87;79999913;424473;443364;0;0;9804;0;0;0;0;0;0;0;0;0;0
9470.87;79999913;424402;444291;0;0;10047;0;0;0;0;0;0;0;0;0;0
9472.87;79999914;423413;443579;0;0;9647;0;0;0;0;0;0;0;0;0;0
9474.87;79999913;425372;443850;0;0;9820;0;0;0;0;0;0;0;0;0;0
9476.87;79999913;423976;442239;0;0;9929;0;0;0;0;0;0;0;0;0;0
9478.87;79999913;425487;444840;0;0;9990;0;0;0;0;0;0;0;0;0;0
9480.87;79999914;424254;442774;0;0;9882;0;0;0;0;0;0;0;0;0;0
9482.87;79999913;425121;444618;0;0;9813;0;0;0;0;0;0;0;0;0;0
9484.87;79999913;423350;442888;0;0;9799;0;0;0;0;0;0;0;0;0;0
9486.87;79999914;425030;445070;0;0;9960;0;0;0;0;0;0;0;0;0;0
9488.87;79999914;424391;442583;0;0;9727;0;0;0;0;0;0;0;0;0;0
9490.87;79999914;425216;445078;0;0;10032;0;0;0;0;0;0;0;0;0;0
9492.87;79999914;423447;442608;0;0;9816;0;0;0;0;0;0;0;0;0;0
9494.87;79999914;424727;444448;0;0;9825;0;0;0;0;0;0;0;0;0;0
9496.87;79999914;422539;442484;0;0;9723;0;0;0;0;0;0;0;0;0;0
9498.87;79999914;425009;444823;0;0;9916;0;0;0;0;0;0;0;0;0;0
9500.87;79999914;423553;443077;0;0;9855;0;0;0;0;0;0;0;0;0;0
9502.87;79999914;424370;443377;0;0;10028;0;0;0;0;0;0;0;0;0;0
9504.87;79999913;423274;441558;0;0;9839;0;0;0;0;0;0;0;0;0;0
9506.87;79999914;424729;443649;0;0;9948;0;0;0;0;0;0;0;0;0;0
9508.87;79999914;423086;442794;0;0;9714;0;0;0;0;0;0;0;0;0;0
9510.87;79999913;424778;444393;0;0;9712;0;0;0;0;0;0;0;0;0;0
9512.87;79999914;423151;442535;0;0;9758;0;0;0;0;0;0;0;0;0;0
9514.87;79999914;424161;444154;0;0;9789;0;0;0;0;0;0;0;0;0;0
9516.87;79999914;423697;443342;0;0;9945;0;0;0;0;0;0;0;0;0;0
9518.87;79999913;425293;443587;0;0;9823;0;0;0;0;0;0;0;0;0;0
9520.87;79999913;423220;442270;0;0;9780;0;0;0;0;0;0;0;0;0;0
9522.87;79999913;424975;444086;0;0;9844;0;0;0;0;0;0;0;0;0;0
9524.88;79999913;423119;442831;0;0;9739;0;0;0;0;0;0;0;0;0;0
9526.88;79999913;425153;444461;0;0;9975;0;0;0;0;0;0;0;0;0;0
9528.88;79999914;422518;442534;0;0;9906;0;0;0;0;0;0;0;0;0;0
9530.88;79999913;425373;444308;0;0;9988;0;0;0;0;0;0;0;0;0;0
9532.88;79999913;423462;442469;0;0;9837;0;0;0;0;0;0;0;0;0;0
9534.88;79999913;425345;443732;0;0;9976;0;0;0;0;0;0;0;0;0;0
9536.88;79999914;423998;442225;0;0;9960;0;0;0;0;0;0;0;0;0;0
9538.88;79999913;425664;443395;0;0;9818;0;0;0;0;0;0;0;0;0;0
9540.88;79999913;423764;442702;0;0;9842;0;0;0;0;0;0;0;0;0;0
9542.88;79999914;425128;443504;0;0;9818;0;0;0;0;0;0;0;0;0;0
9544.88;79999914;423414;441935;0;0;9825;0;0;0;0;0;0;0;0;0;0
9546.88;79999913;424987;443923;0;0;9779;0;0;0;0;0;0;0;0;0;0
9548.88;79999913;424133;441799;0;0;9921;0;0;0;0;0;0;0;0;0;0
9550.88;79999913;425106;443988;0;0;9868;0;0;0;0;0;0;0;0;0;0
9552.88;79999914;423516;442667;0;0;9617;0;0;0;0;0;0;0;0;0;0
9554.88;79999914;424497;443692;0;0;9939;0;0;0;0;0;0;0;0;0;0
9556.88;79999914;424504;442175;0;0;9877;0;0;0;0;0;0;0;0;0;0
9558.88;79999914;425802;443775;0;0;10092;0;0;0;0;0;0;0;0;0;0
9560.88;79999914;423762;442908;0;0;9877;0;0;0;0;0;0;0;0;0;0
9562.88;79999913;424759;443110;0;0;9818;0;0;0;0;0;0;0;0;0;0
9564.88;79999913;423251;441923;0;0;9885;0;0;0;0;0;0;0;0;0;0
9566.88;79999914;424306;443379;0;0;9925;0;0;0;0;0;0;0;0;0;0
9568.88;79999914;424010;441390;0;0;9748;0;0;0;0;0;0;0;0;0;0
9570.88;79999913;425656;443377;0;0;9747;0;0;0;0;0;0;0;0;0;0
9572.88;79999913;422569;441441;0;0;9923;0;0;0;0;0;0;0;0;0;0
9574.88;79999913;425309;443397;0;0;9879;0;0;0;0;0;0;0;0;0;0
9576.88;79999913;423075;442075;0;0;9822;0;0;0;0;0;0;0;0;0;0
9578.88;79999913;424667;443229;0;0;9860;0;0;0;0;0;0;0;0;0;0
9580.89;79999913;423021;441233;0;0;9801;0;0;0;0;0;0;0;0;0;0
9582.89;79999914;425019;443105;0;0;10039;0;0;0;0;0;0;0;0;0;0
9584.89;79999914;423541;441922;0;0;9901;0;0;0;0;0;0;0;0;0;0
9586.89;79999914;423815;443639;0;0;9910;0;0;0;0;0;0;0;0;0;0
9588.89;79999914;423148;441812;0;0;9948;0;0;0;0;0;0;0;0;0;0
9590.89;79999913;424875;443274;0;0;9732;0;0;0;0;0;0;0;0;0;0
9592.89;79999913;423579;441873;0;0;9902;0;0;0;0;0;0;0;0;0;0
9594.89;79999913;424932;443523;0;0;9896;0;0;0;0;0;0;0;0;0;0
9596.89;79999914;423414;441354;0;0;9834;0;0;0;0;0;0;0;0;0;0
9598.89;79999913;425145;444014;0;0;9963;0;0;0;0;0;0;0;0;0;0
9600.89;79999913;423918;442185;0;0;9735;0;0;0;0;0;0;0;0;0;0
9602.89;79999914;426441;443798;0;0;9985;0;0;0;0;0;0;0;0;0;0
9604.89;79999913;423476;441747;0;0;9779;0;0;0;0;0;0;0;0;0;0
9606.89;79999913;424788;443579;0;0;10066;0;0;0;0;0;0;0;0;0;0
9608.89;79999913;423686;442417;0;0;9866;0;0;0;0;0;0;0;0;0;0
9610.89;79999913;423487;443442;0;0;9897;0;0;0;0;0;0;0;0;0;0
9612.89;79999914;424268;442819;0;0;9824;0;0;0;0;0;0;0;0;0;0
9614.89;79999913;424283;443861;0;0;9836;0;0;0;0;0;0;0;0;0;0
9616.89;79999913;422936;442797;0;0;9904;0;0;0;0;0;0;0;0;0;0
9618.89;79999913;424575;442842;0;0;9861;0;0;0;0;0;0;0;0;0;0
9620.89;79999913;424438;442542;0;0;9962;0;0;0;0;0;0;0;0;0;0
9622.89;79999914;423842;443692;0;0;9794;0;0;0;0;0;0;0;0;0;0
9624.89;79999913;422302;442247;0;0;9795;0;0;0;0;0;0;0;0;0;0
9626.89;79999914;423704;442223;0;0;9905;0;0;0;0;0;0;0;0;0;0
9628.89;79999913;424617;443244;0;0;9747;0;0;0;0;0;0;0;0;0;0
9630.89;79999913;424181;442080;0;0;9809;0;0;0;0;0;0;0;0;0;0
9632.90;79999914;423279;441782;0;0;9960;0;0;0;0;0;0;0;0;0;0
9634.90;79999914;423385;442310;0;0;9788;0;0;0;0;0;0;0;0;0;0
9636.90;79999913;423734;442587;0;0;9701;0;0;0;0;0;0;0;0;0;0
9638.90;79999914;423289;443015;0;0;9930;0;0;0;0;0;0;0;0;0;0
9640.90;79999913;424143;443517;0;0;9867;0;0;0;0;0;0;0;0;0;0
9642.90;79999913;423252;442092;0;0;9820;0;0;0;0;0;0;0;0;0;0
9644.90;79999914;424988;442012;0;0;9798;0;0;0;0;0;0;0;0;0;0
9646.90;79999914;423773;442335;0;0;9997;0;0;0;0;0;0;0;0;0;0
9648.90;79999914;423745;442100;0;0;9994;0;0;0;0;0;0;0;0;0;0
9650.90;79999913;422536;441902;0;0;9844;0;0;0;0;0;0;0;0;0;0
9652.90;79999913;423507;443112;0;0;9884;0;0;0;0;0;0;0;0;0;0
9654.90;79999914;422978;441636;0;0;9836;0;0;0;0;0;0;0;0;0;0
9656.90;79999913;423741;441836;0;0;9843;0;0;0;0;0;0;0;0;0;0
9658.90;79999913;422277;441832;0;0;9797;0;0;0;0;0;0;0;0;0;0
9660.90;79999913;424154;442756;0;0;9896;0;0;0;0;0;0;0;0;0;0
9662.90;79999913;423544;440775;0;0;9746;0;0;0;0;0;0;0;0;0;0
9664.90;79999913;424601;443424;0;0;10003;0;0;0;0;0;0;0;0;0;0
9666.90;79999913;422994;441753;0;0;9699;0;0;0;0;0;0;0;0;0;0
9668.90;79999913;425821;442837;0;0;9928;0;0;0;0;0;0;0;0;0;0
9670.90;79999913;422769;441662;0;0;9588;0;0;0;0;0;0;0;0;0;0
9672.90;79999913;424368;443001;0;0;9929;0;0;0;0;0;0;0;0;0;0
9674.90;79999913;423517;442113;0;0;9925;0;0;0;0;0;0;0;0;0;0
9676.90;79999913;424375;443385;0;0;9891;0;0;0;0;0;0;0;0;0;0
9678.90;79999914;422992;441481;0;0;9905;0;0;0;0;0;0;0;0;0;0
9680.91;79999913;424267;443136;0;0;9878;0;0;0;0;0;0;0;0;0;0
9682.91;79999913;422153;441250;0;0;9768;0;0;0;0;0;0;0;0;0;0
9684.91;79999913;423681;443107;0;0;9915;0;0;0;0;0;0;0;0;0;0
9686.91;79999913;422836;441906;0;0;9888;0;0;0;0;0;0;0;0;0;0
9688.91;79999913;424017;442174;0;0;9622;0;0;0;0;0;0;0;0;0;0
9690.91;79999913;422033;440268;0;0;9729;0;0;0;0;0;0;0;0;0;0
9692.91;79999913;423885;442845;0;0;9742;0;0;0;0;0;0;0;0;0;0
9694.91;79999914;422390;441333;0;0;9899;0;0;0;0;0;0;0;0;0;0
9696.91;79999914;424176;443347;0;0;9866;0;0;0;0;0;0;0;0;0;0
9698.91;79999914;421814;440671;0;0;9860;0;0;0;0;0;0;0;0;0;0
9700.91;79999914;424326;442588;0;0;9819;0;0;0;0;0;0;0;0;0;0
9702.91;79999914;422809;441777;0;0;9698;0;0;0;0;0;0;0;0;0;0
9704.91;79999914;424546;443572;0;0;9903;0;0;0;0;0;0;0;0;0;0
9706.91;79999913;422299;440924;0;0;9931;0;0;0;0;0;0;0;0;0;0
9708.91;79999913;425216;443287;0;0;9908;0;0;0;0;0;0;0;0;0;0
9710.91;79999914;423037;442284;0;0;9590;0;0;0;0;0;0;0;0;0;0
9712.91;79999913;424995;443427;0;0;10035;0;0;0;0;0;0;0;0;0;0
9714.91;79999913;423245;441553;0;0;9930;0;0;0;0;0;0;0;0;0;0
9716.92;79999914;424637;442989;0;0;9967;0;0;0;0;0;0;0;0;0;0
9718.92;79999913;422897;440963;0;0;9979;0;0;0;0;0;0;0;0;0;0
9720.92;79999913;424220;443354;0;0;9732;0;0;0;0;0;0;0;0;0;0
9722.92;79999914;421958;441095;0;0;9733;0;0;0;0;0;0;0;0;0;0
9724.92;79999914;424080;442823;0;0;9774;0;0;0;0;0;0;0;0;0;0
9726.92;79999914;422089;442050;0;0;9796;0;0;0;0;0;0;0;0;0;0
9728.92;79999914;424952;444063;0;0;9970;0;0;0;0;0;0;0;0;0;0
9730.92;79999914;422481;441616;0;0;9815;0;0;0;0;0;0;0;0;0;0
9732.92;79999914;423830;442994;0;0;10053;0;0;0;0;0;0;0;0;0;0
9734.92;79999914;422957;442356;0;0;9858;0;0;0;0;0;0;0;0;0;0
9736.92;79999914;424086;443012;0;0;9808;0;0;0;0;0;0;0;0;0;0
9738.92;79999914;422432;440460;0;0;9980;0;0;0;0;0;0;0;0;0;0
9740.92;79999914;423221;443401;0;0;9947;0;0;0;0;0;0;0;0;0;0
9742.92;79999913;422200;440434;0;0;9932;0;0;0;0;0;0;0;0;0;0
9744.92;79999913;424277;441601;0;0;9874;0;0;0;0;0;0;0;0;0;0
9746.92;79999913;421873;440551;0;0;9859;0;0;0;0;0;0;0;0;0;0
9748.92;79999914;423916;442372;0;0;9735;0;0;0;0;0;0;0;0;0;0
9750.92;79999913;422978;441411;0;0;9861;0;0;0;0;0;0;0;0;0;0
9752.92;79999913;423708;442536;0;0;9971;0;0;0;0;0;0;0;0;0;0
9754.92;79999913;422828;440909;0;0;9684;0;0;0;0;0;0;0;0;0;0
9756.92;79999914;424113;441670;0;0;9810;0;0;0;0;0;0;0;0;0;0
9758.93;79999913;422292;440891;0;0;9794;0;0;0;0;0;0;0;0;0;0
9760.93;79999913;424226;442108;0;0;9949;0;0;0;0;0;0;0;0;0;0
9762.93;79999913;423352;440949;0;0;9623;0;0;0;0;0;0;0;0;0;0
9764.93;79999913;424374;442848;0;0;9846;0;0;0;0;0;0;0;0;0;0
9766.93;79999914;421853;440579;0;0;10001;0;0;0;0;0;0;0;0;0;0
9768.93;79999913;423109;441673;0;0;9830;0;0;0;0;0;0;0;0;0;0
9770.93;79999914;422785;441053;0;0;9760;0;0;0;0;0;0;0;0;0;0
9772.93;79999914;424216;441768;0;0;9900;0;0;0;0;0;0;0;0;0;0
9774.93;79999914;421940;440944;0;0;9874;0;0;0;0;0;0;0;0;0;0
9776.93;79999914;424258;442543;0;0;9758;0;0;0;0;0;0;0;0;0;0
9778.93;79999914;422638;440561;0;0;9758;0;0;0;0;0;0;0;0;0;0
9780.93;79999913;422900;442245;0;0;9870;0;0;0;0;0;0;0;0;0;0
9782.93;79999913;422266;439448;0;0;9893;0;0;0;0;0;0;0;0;0;0
9784.93;79999914;423484;442300;0;0;9855;0;0;0;0;0;0;0;0;0;0
9786.93;79999914;421868;440751;0;0;9856;0;0;0;0;0;0;0;0;0;0
9788.93;79999914;424335;441223;0;0;9607;0;0;0;0;0;0;0;0;0;0
9790.93;79999914;422064;440771;0;0;9846;0;0;0;0;0;0;0;0;0;0
9792.93;79999913;423622;441656;0;0;9841;0;0;0;0;0;0;0;0;0;0
9794.93;79999913;422598;440709;0;0;9861;0;0;0;0;0;0;0;0;0;0
9796.93;79999913;424615;442447;0;0;9778;0;0;0;0;0;0;0;0;0;0
9798.93;79999914;421768;440058;0;0;9718;0;0;0;0;0;0;0;0;0;0
9800.93;79999914;423146;441950;0;0;9931;0;0;0;0;0;0;0;0;0;0
9802.93;79999913;421528;440556;0;0;9848;0;0;0;0;0;0;0;0;0;0
9804.93;79999913;423723;442109;0;0;9717;0;0;0;0;0;0;0;0;0;0
9806.93;79999913;421185;440363;0;0;9959;0;0;0;0;0;0;0;0;0;0
9808.93;79999913;423873;441472;0;0;9693;0;0;0;0;0;0;0;0;0;0
9810.93;79999913;421537;439652;0;0;9903;0;0;0;0;0;0;0;0;0;0
9812.94;79999914;423755;440881;0;0;9822;0;0;0;0;0;0;0;0;0;0
9814.94;79999914;421219;440744;0;0;9830;0;0;0;0;0;0;0;0;0;0
9816.94;79999913;423237;441771;0;0;9968;0;0;0;0;0;0;0;0;0;0
9818.94;79999913;421448;440088;0;0;9776;0;0;0;0;0;0;0;0;0;0
9820.94;79999914;423002;441805;0;0;9746;0;0;0;0;0;0;0;0;0;0
9822.94;79999914;421290;439752;0;0;9740;0;0;0;0;0;0;0;0;0;0
9824.94;79999913;423752;442022;0;0;9911;0;0;0;0;0;0;0;0;0;0
9826.94;79999913;421986;440271;0;0;9737;0;0;0;0;0;0;0;0;0;0
9828.94;79999913;422938;441915;0;0;9792;0;0;0;0;0;0;0;0;0;0
9830.94;79999913;421837;440210;0;0;9632;0;0;0;0;0;0;0;0;0;0
9832.94;79999914;422774;440941;0;0;9722;0;0;0;0;0;0;0;0;0;0
9834.94;79999913;421050;440235;0;0;9972;0;0;0;0;0;0;0;0;0;0
9836.94;79999913;422228;440933;0;0;9720;0;0;0;0;0;0;0;0;0;0
9838.94;79999914;421030;440482;0;0;9665;0;0;0;0;0;0;0;0;0;0
9840.94;79999914;422803;441911;0;0;9933;0;0;0;0;0;0;0;0;0;0
9842.94;79999914;422017;440387;0;0;9909;0;0;0;0;0;0;0;0;0;0
9844.94;79999914;423053;441534;0;0;9701;0;0;0;0;0;0;0;0;0;0
9846.94;79999914;421535;440129;0;0;9907;0;0;0;0;0;0;0;0;0;0
9848.94;79999914;423241;442323;0;0;9868;0;0;0;0;0;0;0;0;0;0
9850.94;79999914;421501;439904;0;0;9716;0;0;0;0;0;0;0;0;0;0
9852.94;79999913;422706;442616;0;0;9824;0;0;0;0;0;0;0;0;0;0
9854.94;79999913;421404;440101;0;0;9783;0;0;0;0;0;0;0;0;0;0
9856.94;79999914;422529;442720;0;0;9832;0;0;0;0;0;0;0;0;0;0
9858.94;79999914;421049;439894;0;0;9656;0;0;0;0;0;0;0;0;0;0
9860.94;79999914;422979;441681;0;0;9833;0;0;0;0;0;0;0;0;0;0
9862.94;79999913;420772;440074;0;0;9845;0;0;0;0;0;0;0;0;0;0
9864.95;79999914;422902;440710;0;0;9870;0;0;0;0;0;0;0;0;0;0
9866.95;79999914;421650;440173;0;0;9796;0;0;0;0;0;0;0;0;0;0
9868.95;79999914;422215;441377;0;0;9796;0;0;0;0;0;0;0;0;0;0
9870.95;79999913;421608;439081;0;0;9807;0;0;0;0;0;0;0;0;0;0
9872.95;79999913;421661;441545;0;0;9763;0;0;0;0;0;0;0;0;0;0
9874.95;79999913;420721;439893;0;0;9832;0;0;0;0;0;0;0;0;0;0
9876.95;79999913;422546;441370;0;0;9673;0;0;0;0;0;0;0;0;0;0
9878.95;79999914;421438;439595;0;0;9734;0;0;0;0;0;0;0;0;0;0
9880.95;79999913;422607;440799;0;0;9686;0;0;0;0;0;0;0;0;0;0
9882.95;79999914;420910;439368;0;0;9642;0;0;0;0;0;0;0;0;0;0
9884.95;79999913;423429;441338;0;0;9855;0;0;0;0;0;0;0;0;0;0
9886.95;79999913;421299;439857;0;0;9829;0;0;0;0;0;0;0;0;0;0
9888.95;79999913;422315;440885;0;0;9882;0;0;0;0;0;0;0;0;0;0
9890.95;79999914;420628;439296;0;0;9700;0;0;0;0;0;0;0;0;0;0
9892.95;79999914;422471;440392;0;0;9767;0;0;0;0;0;0;0;0;0;0
9894.95;79999913;420415;439623;0;0;9587;0;0;0;0;0;0;0;0;0;0
9896.95;79999913;422277;440396;0;0;9916;0;0;0;0;0;0;0;0;0;0
9898.95;79999913;421302;439451;0;0;9818;0;0;0;0;0;0;0;0;0;0
9900.95;79999913;421467;439582;0;0;9784;0;0;0;0;0;0;0;0;0;0
9902.95;79999914;421515;439701;0;0;9889;0;0;0;0;0;0;0;0;0;0
9904.95;79999914;421973;440814;0;0;9781;0;0;0;0;0;0;0;0;0;0
9906.95;79999913;421659;439565;0;0;9970;0;0;0;0;0;0;0;0;0;0
9908.95;79999913;421764;439750;0;0;9874;0;0;0;0;0;0;0;0;0;0
9910.95;79999913;420634;439441;0;0;9669;0;0;0;0;0;0;0;0;0;0
9912.95;79999914;422113;440826;0;0;9802;0;0;0;0;0;0;0;0;0;0
9914.95;79999914;421780;439490;0;0;9877;0;0;0;0;0;0;0;0;0;0
9916.95;79999914;421777;439326;0;0;9798;0;0;0;0;0;0;0;0;0;0
9918.96;79999914;421727;439936;0;0;9572;0;0;0;0;0;0;0;0;0;0
9920.96;79999914;421472;440060;0;0;9801;0;0;0;0;0;0;0;0;0;0
9922.96;79999913;421844;440208;0;0;9736;0;0;0;0;0;0;0;0;0;0
9924.96;79999913;421057;440559;0;0;9679;0;0;0;0;0;0;0;0;0;0
9926.96;79999913;421733;440173;0;0;9771;0;0;0;0;0;0;0;0;0;0
9928.96;79999913;420844;440346;0;0;9897;0;0;0;0;0;0;0;0;0;0
9930.96;79999914;421654;440015;0;0;9719;0;0;0;0;0;0;0;0;0;0
9932.96;79999914;420553;440140;0;0;9785;0;0;0;0;0;0;0;0;0;0
9934.96;79999913;421716;440414;0;0;9764;0;0;0;0;0;0;0;0;0;0
9936.96;79999913;420454;439601;0;0;9803;0;0;0;0;0;0;0;0;0;0
9938.96;79999914;421989;441483;0;0;9861;0;0;0;0;0;0;0;0;0;0
9940.96;79999913;421672;439889;0;0;9880;0;0;0;0;0;0;0;0;0;0
9942.96;79999914;420981;440269;0;0;9756;0;0;0;0;0;0;0;0;0;0
9944.96;79999914;421096;439673;0;0;9726;0;0;0;0;0;0;0;0;0;0
9946.96;79999914;422228;440738;0;0;9763;0;0;0;0;0;0;0;0;0;0
9948.96;79999913;420497;438981;0;0;9643;0;0;0;0;0;0;0;0;0;0
9950.96;79999913;422643;440105;0;0;9718;0;0;0;0;0;0;0;0;0;0
9952.96;79999914;420622;439291;0;0;9827;0;0;0;0;0;0;0;0;0;0
9954.96;79999913;421187;441821;0;0;9789;0;0;0;0;0;0;0;0;0;0
9956.96;79999913;420862;439615;0;0;9833;0;0;0;0;0;0;0;0;0;0
9958.96;79999913;422479;441083;0;0;9886;0;0;0;0;0;0;0;0;0;0
9960.96;79999914;421076;439792;0;0;9689;0;0;0;0;0;0;0;0;0;0
9962.96;79999914;422174;440225;0;0;9702;0;0;0;0;0;0;0;0;0;0
9964.96;79999913;421428;438648;0;0;9766;0;0;0;0;0;0;0;0;0;0
9966.96;79999914;421863;441296;0;0;9714;0;0;0;0;0;0;0;0;0;0
9968.97;79999913;420571;439638;0;0;9900;0;0;0;0;0;0;0;0;0;0
9970.97;79999913;423000;439478;0;0;9681;0;0;0;0;0;0;0;0;0;0
9972.97;79999913;420492;438969;0;0;9629;0;0;0;0;0;0;0;0;0;0
9974.97;79999913;421693;440955;0;0;9864;0;0;0;0;0;0;0;0;0;0
9976.97;79999913;420533;438874;0;0;9863;0;0;0;0;0;0;0;0;0;0
9978.97;79999914;421990;440757;0;0;9893;0;0;0;0;0;0;0;0;0;0
9980.97;79999913;419971;438759;0;0;9787;0;0;0;0;0;0;0;0;0;0
9982.97;79999913;421759;440087;0;0;9818;0;0;0;0;0;0;0;0;0;0
9984.97;79999913;420171;437951;0;0;9762;0;0;0;0;0;0;0;0;0;0
9986.97;79999913;421729;441046;0;0;9896;0;0;0;0;0;0;0;0;0;0
9988.97;79999913;420531;438577;0;0;9859;0;0;0;0;0;0;0;0;0;0
9990.97;79999913;421497;440901;0;0;9859;0;0;0;0;0;0;0;0;0;0
9992.97;79999914;419265;439388;0;0;9778;0;0;0;0;0;0;0;0;0;0
9994.97;79999913;421949;440911;0;0;9748;0;0;0;0;0;0;0;0;0;0
9996.97;79999913;419763;439242;0;0;9796;0;0;0;0;0;0;0;0;0;0
9998.97;79999913;422876;439629;0;0;9874;0;0;0;0;0;0;0;0;0;0
10000.97;79999914;420818;439509;0;0;9821;0;0;0;0;0;0;0;0;0;0
10002.97;79999914;422614;441560;0;0;9834;0;0;0;0;0;0;0;0;0;0
10004.97;79999913;420011;439782;0;0;9823;0;0;0;0;0;0;0;0;0;0
10006.97;79999913;422735;440224;0;0;9876;0;0;0;0;0;0;0;0;0;0
10008.97;79999914;420472;438977;0;0;9494;0;0;0;0;0;0;0;0;0;0
10010.97;79999913;421431;440411;0;0;9829;0;0;0;0;0;0;0;0;0;0
10012.97;79999913;419630;439282;0;0;9811;0;0;0;0;0;0;0;0;0;0
10014.97;79999913;421676;440659;0;0;9872;0;0;0;0;0;0;0;0;0;0
10016.97;79999914;419766;438655;0;0;9629;0;0;0;0;0;0;0;0;0;0
10018.97;79999913;422198;441148;0;0;9889;0;0;0;0;0;0;0;0;0;0
10020.97;79999913;420231;438747;0;0;9719;0;0;0;0;0;0;0;0;0;0
10022.97;79999913;421010;440618;0;0;9885;0;0;0;0;0;0;0;0;0;0
10024.98;79999913;419836;439159;0;0;9843;0;0;0;0;0;0;0;0;0;0
10026.98;79999914;421834;440463;0;0;9968;0;0;0;0;0;0;0;0;0;0
10028.98;79999913;419010;438134;0;0;9815;0;0;0;0;0;0;0;0;0;0
10030.98;79999913;421075;440016;0;0;9774;0;0;0;0;0;0;0;0;0;0
10032.98;79999913;419394;438175;0;0;9857;0;0;0;0;0;0;0;0;0;0
10034.98;79999913;422328;440052;0;0;9799;0;0;0;0;0;0;0;0;0;0
10036.98;79999913;419770;438970;0;0;9642;0;0;0;0;0;0;0;0;0;0
10038.98;79999913;421326;440866;0;0;9736;0;0;0;0;0;0;0;0;0;0
10040.98;79999914;420216;438656;0;0;9780;0;0;0;0;0;0;0;0;0;0
10042.98;79999913;422998;440389;0;0;9639;0;0;0;0;0;0;0;0;0;0
10044.98;79999913;419756;439049;0;0;9911;0;0;0;0;0;0;0;0;0;0
10046.98;79999913;422361;440240;0;0;9806;0;0;0;0;0;0;0;0;0;0
10048.98;79999913;420568;439738;0;0;9700;0;0;0;0;0;0;0;0;0;0
10050.98;79999913;422375;440783;0;0;9833;0;0;0;0;0;0;0;0;0;0
10052.98;79999913;420301;439246;0;0;9756;0;0;0;0;0;0;0;0;0;0
10054.98;79999914;421840;440434;0;0;9817;0;0;0;0;0;0;0;0;0;0
10056.98;79999913;420748;438980;0;0;9653;0;0;0;0;0;0;0;0;0;0
10058.98;79999913;421485;440187;0;0;9848;0;0;0;0;0;0;0;0;0;0
10060.98;79999913;420654;438704;0;0;9802;0;0;0;0;0;0;0;0;0;0
10062.98;79999913;421891;439742;0;0;9731;0;0;0;0;0;0;0;0;0;0
10064.98;79999913;420939;438355;0;0;9601;0;0;0;0;0;0;0;0;0;0
10066.98;79999914;421809;439932;0;0;9697;0;0;0;0;0;0;0;0;0;0
10068.98;79999913;420718;439104;0;0;9709;0;0;0;0;0;0;0;0;0;0
10070.98;79999913;422154;440108;0;0;9753;0;0;0;0;0;0;0;0;0;0
10072.98;79999913;420777;438074;0;0;9768;0;0;0;0;0;0;0;0;0;0
10074.98;79999913;421573;440294;0;0;9917;0;0;0;0;0;0;0;0;0;0
10076.99;79999913;419943;438706;0;0;9874;0;0;0;0;0;0;0;0;0;0
10078.99;79999914;421400;439915;0;0;9925;0;0;0;0;0;0;0;0;0;0
10080.99;79999914;421006;438628;0;0;9992;0;0;0;0;0;0;0;0;0;0
10082.99;79999913;421789;439327;0;0;9849;0;0;0;0;0;0;0;0;0;0
10084.99;79999913;420602;438266;0;0;9836;0;0;0;0;0;0;0;0;0;0
10086.99;79999913;421634;439186;0;0;9911;0;0;0;0;0;0;0;0;0;0
10088.99;79999913;421269;438938;0;0;9775;0;0;0;0;0;0;0;0;0;0
10090.99;79999913;421323;439569;0;0;9951;0;0;0;0;0;0;0;0;0;0
10092.99;79999912;420187;439210;0;0;9866;0;0;0;0;0;0;0;0;0;0
10094.99;79999914;421117;439397;0;0;9805;0;0;0;0;0;0;0;0;0;0
10096.99;79999914;420538;438231;0;0;9804;0;0;0;0;0;0;0;0;0;0
10098.99;79999913;420694;439852;0;0;9909;0;0;0;0;0;0;0;0;0;0
10100.99;79999914;421405;438861;0;0;9824;0;0;0;0;0;0;0;0;0;0
10102.99;79999913;421383;438804;0;0;9862;0;0;0;0;0;0;0;0;0;0
10104.99;79999914;420719;438856;0;0;9748;0;0;0;0;0;0;0;0;0;0
10106.99;79999914;420521;438468;0;0;9654;0;0;0;0;0;0;0;0;0;0
10108.99;79999914;421527;439124;0;0;9737;0;0;0;0;0;0;0;0;0;0
10110.99;79999913;420912;439342;0;0;9938;0;0;0;0;0;0;0;0;0;0
10112.99;79999913;421746;439182;0;0;9861;0;0;0;0;0;0;0;0;0;0
10114.99;79999913;420105;438856;0;0;9862;0;0;0;0;0;0;0;0;0;0
10116.99;79999913;421222;439523;0;0;9737;0;0;0;0;0;0;0;0;0;0
10118.99;79999913;421072;437530;0;0;9845;0;0;0;0;0;0;0;0;0;0
10120.99;79999913;421371;438922;0;0;9706;0;0;0;0;0;0;0;0;0;0
10122.99;79999913;419654;437614;0;0;9946;0;0;0;0;0;0;0;0;0;0
10124.99;79999914;418701;437809;0;0;9750;0;0;0;0;0;0;0;0;0;0
10126.99;79999913;417374;436041;0;0;9558;0;0;0;0;0;0;0;0;0;0
10129.00;79999913;419860;437313;0;0;9835;0;0;0;0;0;0;0;0;0;0
10131.00;79999913;417134;435866;0;0;9749;0;0;0;0;0;0;0;0;0;0
10133.00;79999913;419855;437699;0;0;9779;0;0;0;0;0;0;0;0;0;0
10135.00;79999913;417900;436544;0;0;9624;0;0;0;0;0;0;0;0;0;0
10137.00;79999913;419477;438425;0;0;9822;0;0;0;0;0;0;0;0;0;0
10139.00;79999913;418371;435920;0;0;9602;0;0;0;0;0;0;0;0;0;0
10141.00;79999913;419819;437743;0;0;9888;0;0;0;0;0;0;0;0;0;0
10143.00;79999914;417490;436059;0;0;9890;0;0;0;0;0;0;0;0;0;0
10145.00;79999913;420210;437276;0;0;9917;0;0;0;0;0;0;0;0;0;0
10147.00;79999913;418227;435492;0;0;9865;0;0;0;0;0;0;0;0;0;0
10149.00;79999914;419811;438791;0;0;9841;0;0;0;0;0;0;0;0;0;0
10151.00;79999914;417779;435897;0;0;9880;0;0;0;0;0;0;0;0;0;0
10153.00;79999914;420389;438344;0;0;9683;0;0;0;0;0;0;0;0;0;0
10155.00;79999914;417836;435946;0;0;9810;0;0;0;0;0;0;0;0;0;0
10157.00;79999914;420112;438072;0;0;9721;0;0;0;0;0;0;0;0;0;0
10159.00;79999913;418518;435230;0;0;9613;0;0;0;0;0;0;0;0;0;0
10161.00;79999913;420560;438104;0;0;9883;0;0;0;0;0;0;0;0;0;0
10163.00;79999913;417943;435956;0;0;9678;0;0;0;0;0;0;0;0;0;0
10165.00;79999913;419145;438023;0;0;9553;0;0;0;0;0;0;0;0;0;0
10167.00;79999913;418011;435180;0;0;9752;0;0;0;0;0;0;0;0;0;0
10169.00;79999913;419474;438587;0;0;9781;0;0;0;0;0;0;0;0;0;0
10171.00;79999914;417547;435779;0;0;9749;0;0;0;0;0;0;0;0;0;0
10173.00;79999913;419457;438337;0;0;9923;0;0;0;0;0;0;0;0;0;0
10175.00;79999914;417808;436075;0;0;9678;0;0;0;0;0;0;0;0;0;0
10177.00;79999913;419312;437723;0;0;9674;0;0;0;0;0;0;0;0;0;0
10179.01;79999914;417718;434837;0;0;9732;0;0;0;0;0;0;0;0;0;0
10181.01;79999914;419399;438733;0;0;9941;0;0;0;0;0;0;0;0;0;0
10183.01;79999914;418195;435709;0;0;9447;0;0;0;0;0;0;0;0;0;0
10185.01;79999913;421641;439375;0;0;9985;0;0;0;0;0;0;0;0;0;0
10187.01;79999914;420556;437904;0;0;9915;0;0;0;0;0;0;0;0;0;0
10189.01;79999913;421838;440231;0;0;9758;0;0;0;0;0;0;0;0;0;0
10191.01;79999914;420391;438250;0;0;9746;0;0;0;0;0;0;0;0;0;0
10193.01;79999914;421861;439369;0;0;9813;0;0;0;0;0;0;0;0;0;0
10195.01;79999913;420013;438160;0;0;9663;0;0;0;0;0;0;0;0;0;0
10197.01;79999914;422755;440244;0;0;9690;0;0;0;0;0;0;0;0;0;0
10199.01;79999913;420400;439230;0;0;9658;0;0;0;0;0;0;0;0;0;0
10201.01;79999913;421917;439884;0;0;9977;0;0;0;0;0;0;0;0;0;0
10203.01;79999913;419691;438341;0;0;9854;0;0;0;0;0;0;0;0;0;0
10205.01;79999913;421192;440097;0;0;9864;0;0;0;0;0;0;0;0;0;0
10207.01;79999913;419802;438932;0;0;9810;0;0;0;0;0;0;0;0;0;0
10209.01;79999913;420977;439611;0;0;9813;0;0;0;0;0;0;0;0;0;0
10211.01;79999913;419513;437721;0;0;9785;0;0;0;0;0;0;0;0;0;0
10213.01;79999913;421475;439742;0;0;9710;0;0;0;0;0;0;0;0;0;0
10215.01;79999913;419461;439212;0;0;9959;0;0;0;0;0;0;0;0;0;0
10217.01;79999913;420366;439646;0;0;9808;0;0;0;0;0;0;0;0;0;0
10219.01;79999914;419013;437705;0;0;9644;0;0;0;0;0;0;0;0;0;0
10221.01;79999914;421468;438849;0;0;9632;0;0;0;0;0;0;0;0;0;0
10223.01;79999914;419026;438483;0;0;9861;0;0;0;0;0;0;0;0;0;0
10225.01;79999913;421804;439483;0;0;9758;0;0;0;0;0;0;0;0;0;0
10227.01;79999914;419870;438516;0;0;9727;0;0;0;0;0;0;0;0;0;0
10229.01;79999914;421505;439756;0;0;9792;0;0;0;0;0;0;0;0;0;0
10231.01;79999914;419602;438040;0;0;9690;0;0;0;0;0;0;0;0;0;0
10233.01;79999913;421287;439548;0;0;9805;0;0;0;0;0;0;0;0;0;0
10235.01;79999913;419383;438195;0;0;9715;0;0;0;0;0;0;0;0;0;0
10237.01;79999913;420882;438809;0;0;9709;0;0;0;0;0;0;0;0;0;0
10239.02;79999913;419173;437506;0;0;9818;0;0;0;0;0;0;0;0;0;0
10241.02;79999914;421707;439244;0;0;9874;0;0;0;0;0;0;0;0;0;0
10243.02;79999913;419009;437721;0;0;9563;0;0;0;0;0;0;0;0;0;0
10245.02;79999914;421128;439390;0;0;9764;0;0;0;0;0;0;0;0;0;0
10247.02;79999914;420239;437582;0;0;9904;0;0;0;0;0;0;0;0;0;0
10249.02;79999914;421829;440080;0;0;9730;0;0;0;0;0;0;0;0;0;0
10251.02;79999914;420116;439366;0;0;9748;0;0;0;0;0;0;0;0;0;0
10253.02;79999913;420980;440162;0;0;9865;0;0;0;0;0;0;0;0;0;0
10255.02;79999914;419857;438868;0;0;9862;0;0;0;0;0;0;0;0;0;0
10257.02;79999914;421046;439334;0;0;9788;0;0;0;0;0;0;0;0;0;0
10259.02;79999914;419837;438537;0;0;9842;0;0;0;0;0;0;0;0;0;0
10261.02;79999914;421331;438678;0;0;9719;0;0;0;0;0;0;0;0;0;0
10263.02;79999913;419628;438553;0;0;9727;0;0;0;0;0;0;0;0;0;0
10265.02;79999914;421298;440152;0;0;9815;0;0;0;0;0;0;0;0;0;0
10267.02;79999913;420169;439134;0;0;9569;0;0;0;0;0;0;0;0;0;0
10269.02;79999913;420634;439121;0;0;9966;0;0;0;0;0;0;0;0;0;0
10271.02;79999913;419218;439017;0;0;9812;0;0;0;0;0;0;0;0;0;0
10273.02;79999913;420950;439119;0;0;9870;0;0;0;0;0;0;0;0;0;0
10275.02;79999914;420091;438317;0;0;9745;0;0;0;0;0;0;0;0;0;0
10277.02;79999914;420909;439188;0;0;9948;0;0;0;0;0;0;0;0;0;0
10279.02;79999914;419136;437912;0;0;9747;0;0;0;0;0;0;0;0;0;0
10281.02;79999914;420582;439031;0;0;9769;0;0;0;0;0;0;0;0;0;0
10283.02;79999914;420329;438169;0;0;9731;0;0;0;0;0;0;0;0;0;0
10285.02;79999914;421037;439053;0;0;10063;0;0;0;0;0;0;0;0;0;0
10287.03;79999913;421171;438752;0;0;9805;0;0;0;0;0;0;0;0;0;0
10289.03;79999913;420876;438868;0;0;9960;0;0;0;0;0;0;0;0;0;0
10291.03;79999913;420390;439071;0;0;9884;0;0;0;0;0;0;0;0;0;0
10293.03;79999913;420320;438378;0;0;9589;0;0;0;0;0;0;0;0;0;0
10295.03;79999913;420280;438747;0;0;9841;0;0;0;0;0;0;0;0;0;0
10297.03;79999913;420646;438620;0;0;9840;0;0;0;0;0;0;0;0;0;0
10299.03;79999913;420599;438750;0;0;9965;0;0;0;0;0;0;0;0;0;0
10301.03;79999913;419993;438305;0;0;9764;0;0;0;0;0;0;0;0;0;0
10303.03;79999914;421264;439327;0;0;9766;0;0;0;0;0;0;0;0;0;0
10305.03;79999913;420318;438868;0;0;9705;0;0;0;0;0;0;0;0;0;0
10307.03;79999914;420847;438814;0;0;9795;0;0;0;0;0;0;0;0;0;0
10309.03;79999914;419591;438059;0;0;9803;0;0;0;0;0;0;0;0;0;0
10311.03;79999914;420363;438611;0;0;9773;0;0;0;0;0;0;0;0;0;0
10313.03;79999914;419925;438793;0;0;9564;0;0;0;0;0;0;0;0;0;0
10315.03;79999914;421076;439407;0;0;9852;0;0;0;0;0;0;0;0;0;0
10317.03;79999913;419066;437415;0;0;9707;0;0;0;0;0;0;0;0;0;0
10319.03;79999914;420724;438369;0;0;9847;0;0;0;0;0;0;0;0;0;0
10321.03;79999914;419347;437980;0;0;9930;0;0;0;0;0;0;0;0;0;0
10323.03;79999913;421095;439247;0;0;9825;0;0;0;0;0;0;0;0;0;0
10325.03;79999913;419300;437777;0;0;9876;0;0;0;0;0;0;0;0;0;0
10327.03;79999914;420137;439256;0;0;9712;0;0;0;0;0;0;0;0;0;0
10329.03;79999914;419214;437185;0;0;9636;0;0;0;0;0;0;0;0;0;0
10331.03;79999913;420540;438936;0;0;9887;0;0;0;0;0;0;0;0;0;0
10333.03;79999913;418628;437231;0;0;9718;0;0;0;0;0;0;0;0;0;0
10335.03;79999913;421689;439628;0;0;9724;0;0;0;0;0;0;0;0;0;0
10337.03;79999914;418827;437912;0;0;9771;0;0;0;0;0;0;0;0;0;0
10339.03;79999914;420880;438981;0;0;9931;0;0;0;0;0;0;0;0;0;0
10341.03;79999914;419412;437278;0;0;9713;0;0;0;0;0;0;0;0;0;0
10343.04;79999914;421330;439865;0;0;9890;0;0;0;0;0;0;0;0;0;0
10345.04;79999913;419205;437798;0;0;9736;0;0;0;0;0;0;0;0;0;0
10347.04;79999913;421176;440021;0;0;9691;0;0;0;0;0;0;0;0;0;0
10349.04;79999914;418956;438402;0;0;9678;0;0;0;0;0;0;0;0;0;0
10351.04;79999913;420800;439148;0;0;9758;0;0;0;0;0;0;0;0;0;0
10353.04;79999913;419493;437964;0;0;9588;0;0;0;0;0;0;0;0;0;0
10355.04;79999913;420594;438742;0;0;9953;0;0;0;0;0;0;0;0;0;0
10357.04;79999913;419323;438032;0;0;9645;0;0;0;0;0;0;0;0;0;0
10359.04;79999914;421073;439497;0;0;9741;0;0;0;0;0;0;0;0;0;0
10361.04;79999914;419705;437877;0;0;9660;0;0;0;0;0;0;0;0;0;0
10363.04;79999913;420594;438698;0;0;9570;0;0;0;0;0;0;0;0;0;0
10365.04;79999914;418743;437787;0;0;9671;0;0;0;0;0;0;0;0;0;0
10367.04;79999913;421851;440889;0;0;9698;0;0;0;0;0;0;0;0;0;0
10369.04;79999913;420614;439405;0;0;9835;0;0;0;0;0;0;0;0;0;0
10371.04;79999913;422420;441068;0;0;9897;0;0;0;0;0;0;0;0;0;0
10373.04;79999913;420032;439663;0;0;9567;0;0;0;0;0;0;0;0;0;0
10375.04;79999913;422104;440165;0;0;9710;0;0;0;0;0;0;0;0;0;0
10377.04;79999914;420164;439146;0;0;9996;0;0;0;0;0;0;0;0;0;0
10379.04;79999914;421234;441111;0;0;9806;0;0;0;0;0;0;0;0;0;0
10381.04;79999914;421140;439460;0;0;9860;0;0;0;0;0;0;0;0;0;0
10383.04;79999914;421756;440139;0;0;9832;0;0;0;0;0;0;0;0;0;0
10385.04;79999914;420490;439369;0;0;9698;0;0;0;0;0;0;0;0;0;0
10387.04;79999913;421060;440333;0;0;9855;0;0;0;0;0;0;0;0;0;0
10389.04;79999913;420380;439627;0;0;9768;0;0;0;0;0;0;0;0;0;0
10391.04;79999914;421992;439804;0;0;9951;0;0;0;0;0;0;0;0;0;0
10393.04;79999913;419781;439926;0;0;9883;0;0;0;0;0;0;0;0;0;0
10395.04;79999913;421360;440756;0;0;9743;0;0;0;0;0;0;0;0;0;0
10397.04;79999912;420659;439580;0;0;9696;0;0;0;0;0;0;0;0;0;0
10399.04;79999914;421014;440492;0;0;9871;0;0;0;0;0;0;0;0;0;0
10401.04;79999913;420145;440065;0;0;9850;0;0;0;0;0;0;0;0;0;0
10403.05;79999913;421588;440608;0;0;9933;0;0;0;0;0;0;0;0;0;0
10405.05;79999913;421341;439195;0;0;9782;0;0;0;0;0;0;0;0;0;0
10407.05;79999914;421496;440376;0;0;9667;0;0;0;0;0;0;0;0;0;0
10409.05;79999913;420610;439049;0;0;9852;0;0;0;0;0;0;0;0;0;0
10411.05;79999913;421206;440820;0;0;9709;0;0;0;0;0;0;0;0;0;0
10413.05;79999914;419486;438928;0;0;9616;0;0;0;0;0;0;0;0;0;0
10415.05;79999914;421118;440262;0;0;9897;0;0;0;0;0;0;0;0;0;0
10417.05;79999914;420585;439009;0;0;9801;0;0;0;0;0;0;0;0;0;0
10419.05;79999914;421372;440444;0;0;9885;0;0;0;0;0;0;0;0;0;0
10421.05;79999914;420361;440233;0;0;9712;0;0;0;0;0;0;0;0;0;0
10423.05;79999913;420901;440770;0;0;10044;0;0;0;0;0;0;0;0;0;0
10425.05;79999913;419277;438334;0;0;9644;0;0;0;0;0;0;0;0;0;0
10427.05;79999913;420421;439739;0;0;9800;0;0;0;0;0;0;0;0;0;0
10429.05;79999914;418322;437128;0;0;9636;0;0;0;0;0;0;0;0;0;0
10431.05;79999914;419668;438539;0;0;9797;0;0;0;0;0;0;0;0;0;0
10433.05;79999913;418494;437126;0;0;9467;0;0;0;0;0;0;0;0;0;0
10435.05;79999913;419879;438757;0;0;9845;0;0;0;0;0;0;0;0;0;0
10437.05;79999913;418340;437094;0;0;9603;0;0;0;0;0;0;0;0;0;0
10439.05;79999913;419631;438873;0;0;9681;0;0;0;0;0;0;0;0;0;0
10441.05;79999914;417993;437302;0;0;9611;0;0;0;0;0;0;0;0;0;0
10443.05;79999914;419622;438033;0;0;9791;0;0;0;0;0;0;0;0;0;0
10445.05;79999914;417571;437316;0;0;9742;0;0;0;0;0;0;0;0;0;0
10447.05;79999913;418652;438131;0;0;9576;0;0;0;0;0;0;0;0;0;0
10449.05;79999913;417795;437238;0;0;9699;0;0;0;0;0;0;0;0;0;0
10451.05;79999914;419208;438665;0;0;9590;0;0;0;0;0;0;0;0;0;0
10453.06;79999914;417891;438436;0;0;9653;0;0;0;0;0;0;0;0;0;0
10455.06;79999913;418826;438548;0;0;9760;0;0;0;0;0;0;0;0;0;0
10457.06;79999914;418422;438094;0;0;9463;0;0;0;0;0;0;0;0;0;0
10459.06;79999914;418571;438599;0;0;9639;0;0;0;0;0;0;0;0;0;0
10461.06;79999914;418514;437157;0;0;9891;0;0;0;0;0;0;0;0;0;0
10463.06;79999914;418035;438622;0;0;9721;0;0;0;0;0;0;0;0;0;0
10465.06;79999914;417834;437183;0;0;9842;0;0;0;0;0;0;0;0;0;0
10467.06;79999914;418142;437637;0;0;9660;0;0;0;0;0;0;0;0;0;0
10469.06;79999914;417557;437410;0;0;9588;0;0;0;0;0;0;0;0;0;0
10471.06;79999913;417640;437461;0;0;9648;0;0;0;0;0;0;0;0;0;0
10473.06;79999913;417740;438292;0;0;9786;0;0;0;0;0;0;0;0;0;0
10475.06;79999914;417612;437348;0;0;9714;0;0;0;0;0;0;0;0;0;0
10477.06;79999914;417726;437978;0;0;9649;0;0;0;0;0;0;0;0;0;0
10479.06;79999914;418198;438021;0;0;9598;0;0;0;0;0;0;0;0;0;0
10481.06;79999914;418490;438640;0;0;9577;0;0;0;0;0;0;0;0;0;0
10483.06;79999913;418697;438889;0;0;9780;0;0;0;0;0;0;0;0;0;0
10485.06;79999913;417958;438139;0;0;9762;0;0;0;0;0;0;0;0;0;0
10487.06;79999913;418199;437425;0;0;9833;0;0;0;0;0;0;0;0;0;0
10489.06;79999913;419778;438842;0;0;9642;0;0;0;0;0;0;0;0;0;0
10491.06;79999914;419136;437637;0;0;9837;0;0;0;0;0;0;0;0;0;0
10493.06;79999914;418746;436732;0;0;9881;0;0;0;0;0;0;0;0;0;0
10495.06;79999913;417857;437408;0;0;9631;0;0;0;0;0;0;0;0;0;0
10497.06;79999913;419390;437931;0;0;9746;0;0;0;0;0;0;0;0;0;0
10499.06;79999914;417598;436589;0;0;9768;0;0;0;0;0;0;0;0;0;0
10501.06;79999914;417865;437094;0;0;9480;0;0;0;0;0;0;0;0;0;0
10503.06;79999914;417739;436739;0;0;9708;0;0;0;0;0;0;0;0;0;0
10505.07;79999913;419413;438293;0;0;9699;0;0;0;0;0;0;0;0;0;0
10507.07;79999913;416787;436794;0;0;9626;0;0;0;0;0;0;0;0;0;0
10509.07;79999913;418852;437481;0;0;9685;0;0;0;0;0;0;0;0;0;0
10511.07;79999913;417505;436011;0;0;9639;0;0;0;0;0;0;0;0;0;0
10513.07;79999913;418760;437618;0;0;9729;0;0;0;0;0;0;0;0;0;0
10515.07;79999913;416511;435695;0;0;9705;0;0;0;0;0;0;0;0;0;0
10517.07;79999914;418703;437763;0;0;9608;0;0;0;0;0;0;0;0;0;0
10519.07;79999913;416992;436507;0;0;9662;0;0;0;0;0;0;0;0;0;0
10521.07;79999913;418520;438172;0;0;9553;0;0;0;0;0;0;0;0;0;0
10523.07;79999914;417818;436608;0;0;9812;0;0;0;0;0;0;0;0;0;0
10525.07;79999913;418933;438132;0;0;9610;0;0;0;0;0;0;0;0;0;0
10527.07;79999914;417582;436286;0;0;9703;0;0;0;0;0;0;0;0;0;0
10529.07;79999914;418687;439023;0;0;9746;0;0;0;0;0;0;0;0;0;0
10531.07;79999913;417661;436467;0;0;9765;0;0;0;0;0;0;0;0;0;0
10533.07;79999913;418116;438307;0;0;9779;0;0;0;0;0;0;0;0;0;0
10535.07;79999914;417751;436687;0;0;9755;0;0;0;0;0;0;0;0;0;0
10537.07;79999913;418610;437894;0;0;9753;0;0;0;0;0;0;0;0;0;0
10539.07;79999913;417480;435420;0;0;9842;0;0;0;0;0;0;0;0;0;0
10541.07;79999914;419988;438623;0;0;9777;0;0;0;0;0;0;0;0;0;0
10543.07;79999914;417580;436985;0;0;9774;0;0;0;0;0;0;0;0;0;0
10545.07;79999914;419108;438538;0;0;9829;0;0;0;0;0;0;0;0;0;0
10547.07;79999914;417937;436204;0;0;9665;0;0;0;0;0;0;0;0;0;0
10549.07;79999913;417994;438236;0;0;9676;0;0;0;0;0;0;0;0;0;0
10551.08;79999914;416669;436238;0;0;9784;0;0;0;0;0;0;0;0;0;0
10553.08;79999913;419097;439756;0;0;9810;0;0;0;0;0;0;0;0;0;0
10555.08;79999913;416369;436448;0;0;9745;0;0;0;0;0;0;0;0;0;0
10557.08;79999914;418204;437526;0;0;9572;0;0;0;0;0;0;0;0;0;0
10559.08;79999914;417352;437132;0;0;9707;0;0;0;0;0;0;0;0;0;0
10561.08;79999913;418640;437887;0;0;9694;0;0;0;0;0;0;0;0;0;0
10563.08;79999913;417025;437414;0;0;9839;0;0;0;0;0;0;0;0;0;0
10565.08;79999913;418459;438246;0;0;9839;0;0;0;0;0;0;0;0;0;0
10567.08;79999914;418293;435912;0;0;9702;0;0;0;0;0;0;0;0;0;0
10569.08;79999914;419126;437826;0;0;9814;0;0;0;0;0;0;0;0;0;0
10571.08;79999913;416291;436234;0;0;9875;0;0;0;0;0;0;0;0;0;0
10573.08;79999913;418605;437433;0;0;9691;0;0;0;0;0;0;0;0;0;0
10575.08;79999913;415826;436601;0;0;9588;0;0;0;0;0;0;0;0;0;0
10577.08;79999914;418997;437734;0;0;9815;0;0;0;0;0;0;0;0;0;0
10579.08;79999914;417174;436250;0;0;9742;0;0;0;0;0;0;0;0;0;0
10581.08;79999913;418974;438164;0;0;9698;0;0;0;0;0;0;0;0;0;0
10583.08;79999914;417084;436257;0;0;9897;0;0;0;0;0;0;0;0;0;0
10585.08;79999914;418667;437066;0;0;9983;0;0;0;0;0;0;0;0;0;0
10587.08;79999913;417148;435749;0;0;9699;0;0;0;0;0;0;0;0;0;0
10589.08;79999913;417993;437229;0;0;9773;0;0;0;0;0;0;0;0;0;0
10591.08;79999913;416231;435789;0;0;9559;0;0;0;0;0;0;0;0;0;0
10593.08;79999913;417937;437605;0;0;9576;0;0;0;0;0;0;0;0;0;0
10595.08;79999913;416636;436850;0;0;9543;0;0;0;0;0;0;0;0;0;0
10597.08;79999913;418389;437309;0;0;9556;0;0;0;0;0;0;0;0;0;0
10599.08;79999913;417040;435800;0;0;9610;0;0;0;0;0;0;0;0;0;0
10601.09;79999913;417029;438062;0;0;9792;0;0;0;0;0;0;0;0;0;0
10603.09;79999913;416150;435367;0;0;9648;0;0;0;0;0;0;0;0;0;0
10605.09;79999913;418666;438602;0;0;9698;0;0;0;0;0;0;0;0;0;0
10607.09;79999913;416516;435863;0;0;9409;0;0;0;0;0;0;0;0;0;0
10609.09;79999913;418071;437768;0;0;9818;0;0;0;0;0;0;0;0;0;0
10611.09;79999913;417330;436331;0;0;9783;0;0;0;0;0;0;0;0;0;0
10613.09;79999913;419009;438461;0;0;9698;0;0;0;0;0;0;0;0;0;0
10615.09;79999914;417374;437031;0;0;9853;0;0;0;0;0;0;0;0;0;0
10617.09;79999914;418674;437989;0;0;9718;0;0;0;0;0;0;0;0;0;0
10619.09;79999913;417013;436623;0;0;9666;0;0;0;0;0;0;0;0;0;0
10621.09;79999913;417945;437833;0;0;9720;0;0;0;0;0;0;0;0;0;0
10623.09;79999913;417531;437250;0;0;9633;0;0;0;0;0;0;0;0;0;0
10625.09;79999913;419235;438132;0;0;9759;0;0;0;0;0;0;0;0;0;0
10627.09;79999913;417863;437200;0;0;9943;0;0;0;0;0;0;0;0;0;0
10629.09;79999913;418818;437997;0;0;9610;0;0;0;0;0;0;0;0;0;0
10631.09;79999914;417514;436653;0;0;9660;0;0;0;0;0;0;0;0;0;0
10633.09;79999913;417514;437631;0;0;9651;0;0;0;0;0;0;0;0;0;0
10635.09;79999913;417775;436879;0;0;9601;0;0;0;0;0;0;0;0;0;0
10637.09;79999913;417931;438215;0;0;9761;0;0;0;0;0;0;0;0;0;0
10639.09;79999913;417970;436949;0;0;9839;0;0;0;0;0;0;0;0;0;0
10641.09;79999914;418298;437954;0;0;9695;0;0;0;0;0;0;0;0;0;0
10643.09;79999913;417460;437009;0;0;9760;0;0;0;0;0;0;0;0;0;0
10645.09;79999914;418686;438239;0;0;9714;0;0;0;0;0;0;0;0;0;0
10647.09;79999914;417794;436810;0;0;9696;0;0;0;0;0;0;0;0;0;0
10649.10;79999914;419057;437841;0;0;9749;0;0;0;0;0;0;0;0;0;0
10651.10;79999914;418146;436784;0;0;9929;0;0;0;0;0;0;0;0;0;0
10653.10;79999912;418486;437723;0;0;9763;0;0;0;0;0;0;0;0;0;0
10655.10;79999914;417703;438168;0;0;9587;0;0;0;0;0;0;0;0;0;0
10657.10;79999913;418352;437018;0;0;9661;0;0;0;0;0;0;0;0;0;0
10659.10;79999914;417842;437144;0;0;9615;0;0;0;0;0;0;0;0;0;0
10661.10;79999914;418179;437714;0;0;9776;0;0;0;0;0;0;0;0;0;0
10663.10;79999914;417737;437064;0;0;9443;0;0;0;0;0;0;0;0;0;0
10665.10;79999913;418147;437562;0;0;9714;0;0;0;0;0;0;0;0;0;0
10667.10;79999913;417140;438043;0;0;9600;0;0;0;0;0;0;0;0;0;0
10669.10;79999913;417252;437183;0;0;9783;0;0;0;0;0;0;0;0;0;0
10671.10;79999914;417915;437298;0;0;9611;0;0;0;0;0;0;0;0;0;0
10673.10;79999913;417782;437579;0;0;9729;0;0;0;0;0;0;0;0;0;0
10675.10;79999913;418310;437634;0;0;9774;0;0;0;0;0;0;0;0;0;0
10677.10;79999913;417636;436948;0;0;9692;0;0;0;0;0;0;0;0;0;0
10679.10;79999914;418538;438079;0;0;9790;0;0;0;0;0;0;0;0;0;0
10681.10;79999914;416826;436606;0;0;9688;0;0;0;0;0;0;0;0;0;0
10683.10;79999914;418408;437238;0;0;9821;0;0;0;0;0;0;0;0;0;0
10685.10;79999914;416778;437500;0;0;9607;0;0;0;0;0;0;0;0;0;0
10687.10;79999914;416853;437560;0;0;9630;0;0;0;0;0;0;0;0;0;0
10689.10;79999914;416768;437413;0;0;9697;0;0;0;0;0;0;0;0;0;0
10691.10;79999914;418758;438695;0;0;9711;0;0;0;0;0;0;0;0;0;0
10693.10;79999914;417000;436799;0;0;9757;0;0;0;0;0;0;0;0;0;0
10695.10;79999914;418514;438297;0;0;9759;0;0;0;0;0;0;0;0;0;0
10697.10;79999914;416453;436909;0;0;9727;0;0;0;0;0;0;0;0;0;0
10699.10;79999913;418111;436943;0;0;9654;0;0;0;0;0;0;0;0;0;0
10701.10;79999913;416927;436286;0;0;9704;0;0;0;0;0;0;0;0;0;0
10703.11;79999913;418629;438610;0;0;9607;0;0;0;0;0;0;0;0;0;0
10705.11;79999913;417160;436903;0;0;9692;0;0;0;0;0;0;0;0;0;0
10707.11;79999913;419848;438827;0;0;9635;0;0;0;0;0;0;0;0;0;0
10709.11;79999913;417294;436567;0;0;9690;0;0;0;0;0;0;0;0;0;0
10711.11;79999913;418446;436960;0;0;9597;0;0;0;0;0;0;0;0;0;0
10713.11;79999913;416655;436315;0;0;9471;0;0;0;0;0;0;0;0;0;0
10715.11;79999914;418525;437332;0;0;9527;0;0;0;0;0;0;0;0;0;0
10717.11;79999914;416869;436031;0;0;9573;0;0;0;0;0;0;0;0;0;0
10719.11;79999913;417900;437808;0;0;9734;0;0;0;0;0;0;0;0;0;0
10721.11;79999914;417028;435792;0;0;9561;0;0;0;0;0;0;0;0;0;0
10723.11;79999914;418702;437887;0;0;9743;0;0;0;0;0;0;0;0;0;0
10725.11;79999914;416138;435399;0;0;9611;0;0;0;0;0;0;0;0;0;0
10727.11;79999913;417665;437680;0;0;9717;0;0;0;0;0;0;0;0;0;0
10729.11;79999914;416628;435413;0;0;9664;0;0;0;0;0;0;0;0;0;0
10731.11;79999914;417125;437062;0;0;9805;0;0;0;0;0;0;0;0;0;0
10733.11;79999913;416062;435462;0;0;9630;0;0;0;0;0;0;0;0;0;0
10735.11;79999913;418701;437702;0;0;9632;0;0;0;0;0;0;0;0;0;0
10737.11;79999913;415854;436098;0;0;9678;0;0;0;0;0;0;0;0;0;0
10739.11;79999914;418998;437962;0;0;9822;0;0;0;0;0;0;0;0;0;0
10741.11;79999913;416875;436420;0;0;9501;0;0;0;0;0;0;0;0;0;0
10743.11;79999914;418267;437714;0;0;9599;0;0;0;0;0;0;0;0;0;0
10745.11;79999914;416508;435588;0;0;9793;0;0;0;0;0;0;0;0;0;0
10747.11;79999914;418762;438001;0;0;9685;0;0;0;0;0;0;0;0;0;0
10749.12;79999914;416013;435982;0;0;9643;0;0;0;0;0;0;0;0;0;0
10751.12;79999913;418324;437823;0;0;9679;0;0;0;0;0;0;0;0;0;0
10753.12;79999913;416362;436829;0;0;9848;0;0;0;0;0;0;0;0;0;0
10755.12;79999913;418378;437495;0;0;9687;0;0;0;0;0;0;0;0;0;0
10757.12;79999913;416434;436191;0;0;9777;0;0;0;0;0;0;0;0;0;0
10759.12;79999913;419239;437606;0;0;9825;0;0;0;0;0;0;0;0;0;0
10761.12;79999914;417810;436284;0;0;9844;0;0;0;0;0;0;0;0;0;0
10763.12;79999914;418915;437552;0;0;9611;0;0;0;0;0;0;0;0;0;0
10765.12;79999914;417622;436427;0;0;9616;0;0;0;0;0;0;0;0;0;0
10767.12;79999913;418907;438914;0;0;9857;0;0;0;0;0;0;0;0;0;0
10769.12;79999913;416844;435829;0;0;9804;0;0;0;0;0;0;0;0;0;0
10771.12;79999913;419589;437987;0;0;9801;0;0;0;0;0;0;0;0;0;0
10773.12;79999914;418135;436609;0;0;9718;0;0;0;0;0;0;0;0;0;0
10775.12;79999913;419159;437651;0;0;9778;0;0;0;0;0;0;0;0;0;0
10777.12;79999914;416996;435406;0;0;9706;0;0;0;0;0;0;0;0;0;0
10779.12;79999913;418674;438042;0;0;9686;0;0;0;0;0;0;0;0;0;0
10781.12;79999913;417134;437044;0;0;9771;0;0;0;0;0;0;0;0;0;0
10783.12;79999914;418476;437877;0;0;9615;0;0;0;0;0;0;0;0;0;0
10785.12;79999913;416414;437099;0;0;9617;0;0;0;0;0;0;0;0;0;0
10787.12;79999913;417816;437722;0;0;9652;0;0;0;0;0;0;0;0;0;0
10789.12;79999913;416762;437291;0;0;9551;0;0;0;0;0;0;0;0;0;0
10791.12;79999914;417956;438805;0;0;9617;0;0;0;0;0;0;0;0;0;0
10793.12;79999914;417294;436896;0;0;9660;0;0;0;0;0;0;0;0;0;0
10795.12;79999914;418190;438448;0;0;9620;0;0;0;0;0;0;0;0;0;0
10797.12;79999914;417189;436542;0;0;9702;0;0;0;0;0;0;0;0;0;0
10799.12;79999913;418007;438607;0;0;9816;0;0;0;0;0;0;0;0;0;0
